sample,gt_pattern,selected_pattern,correct,gt_objective,best_alternative_objective,margin,J_000,J_001,J_010,J_011,J_100,J_101,J_110,J_111
0,011,011,1,0.0020000000000005287,0.0030000000000000443,0.0009999999999995156,0.08597796649934848,0.03501221306625299,0.06424277954979675,0.0020000000000005287,0.049045404821695414,0.021724271692643696,0.04676812690544063,0.0030000000000000443
1,111,111,1,0.0030000000000010647,0.058973569313580304,0.05597356931357924,0.28843314640045364,0.20492022702103407,0.2894176625580017,0.17451722368099634,0.17630889766261226,0.058973569313580304,0.1766122189309635,0.0030000000000010647
2,010,010,1,0.0010000000000001043,0.0020000000000000846,0.0009999999999999803,0.06530429515245437,0.06514652007599932,0.0010000000000001043,0.0020000000000000976,0.0648743629965948,0.06251405377246143,0.0020000000000000846,0.003000000000000084
3,001,001,1,0.0010000000000001718,0.002000000000000162,0.00099999999999999,0.05760255104690889,0.0010000000000001718,0.05840545935701402,0.0020000000000001705,0.05853470734753228,0.002000000000000162,0.05927779399794173,0.0030000000000001614
4,110,110,1,0.0020000000000002897,0.0030000000000002885,0.0009999999999999987,0.22078553881916815,0.21274501179954033,0.03725745430171766,0.03613932866993945,0.16678718872365553,0.16592665677179172,0.0020000000000002897,0.0030000000000002885
5,000,000,1,0.0,0.001,0.001,0.0,0.001,0.001,0.002,0.001,0.002,0.002,0.003
6,110,110,1,0.002000000000000036,0.00300000000000003,0.000999999999999994,0.08749636647913818,0.06472847960835638,0.02111405838451733,0.02141765896830427,0.05037953074715512,0.027391201326656192,0.002000000000000036,0.00300000000000003
7,010,010,1,0.0010000000000000878,0.0020000000000000846,0.0009999999999999968,0.262650639401855,0.25697554772669035,0.0010000000000000878,0.0020000000000000846,0.26011605643388513,0.24266843602995758,0.002000000000000086,0.0030000000000000846
8,111,111,1,0.0030000000000000608,0.01801473362219492,0.015014733622194857,0.18570623525081856,0.18377755968204282,0.052163495690698336,0.01801473362219492,0.08066175844291372,0.07588866403955814,0.03182802520133689,0.0030000000000000608
9,001,001,1,0.0010000000000000208,0.00200000000000002,0.0009999999999999992,0.035085017608837865,0.0010000000000000208,0.03126315389330759,0.0020000000000000204,0.028740261444239208,0.00200000000000002,0.027755263338537832,0.003000000000000021
10,111,111,1,0.003000000000001832,0.02125724531265285,0.018257245312651018,0.3933130919649381,0.2633257137435116,0.09962363774451326,0.02125724531265285,0.3736461232104736,0.26426978425812325,0.04841042542656445,0.003000000000001832
11,110,110,1,0.0020000000000000503,0.0030000000000000473,0.000999999999999997,0.21339791857036003,0.1931456413059632,0.029047068520723997,0.02575910879481541,0.1921788525706133,0.1841402561899387,0.0020000000000000503,0.0030000000000000473
12,011,011,1,0.0020000000000006124,0.00300000000000041,0.0009999999999997975,0.18121147646590552,0.016652158924147665,0.1409525916978269,0.0020000000000006124,0.16181387400981218,0.01310802078928487,0.13811055614836418,0.00300000000000041
13,011,011,1,0.0020000000000009615,0.0030000000000008666,0.000999999999999905,0.16536507895484429,0.018276819233318496,0.12316804935499935,0.0020000000000009615,0.15660658189207213,0.01803977385285986,0.12139788040913972,0.0030000000000008666
14,100,100,1,0.0010000000000002984,0.002000000000000161,0.0009999999999998625,0.07870053774103658,0.07711170886859713,0.0795827816443609,0.07777607114484937,0.0010000000000002984,0.002000000000000161,0.0020000000000002533,0.003000000000000084
15,001,001,1,0.0010000000000000644,0.0020000000000000534,0.000999999999999989,0.03530574564780243,0.0010000000000000644,0.034163039924618076,0.0020000000000000573,0.035740941089366374,0.0020000000000000534,0.032097286651418366,0.0030000000000000525
16,001,001,1,0.0010000000000000093,0.0020000000000000083,0.000999999999999999,0.014134617725261362,0.0010000000000000093,0.013638017245724159,0.002000000000000009,0.014708015793299101,0.0020000000000000083,0.014542710583627785,0.003000000000000023
17,010,010,1,0.0010000000000000996,0.002000000000000017,0.0009999999999999174,0.013775154763751631,0.009596075579975213,0.0010000000000000996,0.002000000000000061,0.008834438628704554,0.005075210278727642,0.002000000000000017,0.0030000000000000174
18,100,100,1,0.0010000000000000234,0.002000000000000017,0.0009999999999999935,0.016003698937350593,0.012412904498039501,0.01638948274960625,0.013291844778607963,0.0010000000000000234,0.002000000000000017,0.0020000000000000196,0.0030000000000000035
19,110,110,1,0.0020000000000004784,0.003000000000000521,0.0010000000000000425,0.11232483510496531,0.09544224459972987,0.11260326315705345,0.08669935274999736,0.03193605796446972,0.03154000514740754,0.0020000000000004784,0.003000000000000521
20,011,011,1,0.0020000000000001275,0.0030000000000001284,0.0010000000000000009,0.08776717941759486,0.04318338109393512,0.06627028024216457,0.0020000000000001275,0.0883467596133271,0.040244944763194304,0.06647479862629714,0.0030000000000001284
21,011,011,1,0.0020000000000000933,0.0030000000000000755,0.0009999999999999822,0.32526463825013496,0.2275581797566739,0.008209113682239906,0.0020000000000000933,0.2667347205890503,0.13565438997584353,0.006280863054755991,0.0030000000000000755
22,100,100,1,0.0010000000000000126,0.002000000000000004,0.0009999999999999913,0.019956966411744353,0.016475767704485316,0.02024495817600613,0.016981585152697244,0.0010000000000000126,0.002000000000000012,0.002000000000000004,0.0030000000000000035
23,011,011,1,0.002000000000000077,0.0030000000000000877,0.0010000000000000109,0.182485294066721,0.10295096110957937,0.08916413554639124,0.002000000000000077,0.14985545751133847,0.0781397971530406,0.08903706254543581,0.0030000000000000877
24,110,110,1,0.0020000000000000846,0.0030000000000000855,0.0010000000000000009,0.22206948174018368,0.21753235746636426,0.005104564372291882,0.005810395246672701,0.2119011420062068,0.2024132552106499,0.0020000000000000846,0.0030000000000000855
25,111,111,1,0.003000000000000066,0.004085298399285474,0.0010852983992854079,0.2217675477802026,0.13196377539127013,0.06674544952333542,0.004085298399285474,0.20838001904654882,0.12110547243867881,0.06456443623167889,0.003000000000000066
26,111,111,1,0.0030000000000001566,0.017589035261769873,0.014589035261769715,0.11763956666827473,0.06611276315367522,0.09274839417341856,0.04122594755883861,0.09519850628966635,0.017589035261769873,0.0773605805531942,0.0030000000000001566
27,100,100,1,0.001000000000000025,0.002000000000000017,0.000999999999999992,0.09557574159440697,0.09410044548289902,0.07747933281516921,0.07362457800493862,0.001000000000000025,0.002000000000000017,0.0020000000000000217,0.0030000000000000113
28,111,111,1,0.0030000000000009607,0.0733754076325792,0.07037540763257824,0.66495155736732,0.35232774023808794,0.3266500002194976,0.0733754076325792,0.6384696974235766,0.2428736681854217,0.3116104394754528,0.0030000000000009607
29,110,110,1,0.002000000000000182,0.003000000000000182,0.001,0.4485900474603901,0.44281278973084615,0.017008166256465663,0.018006512527995337,0.4298162869387628,0.42419916928980145,0.002000000000000182,0.003000000000000182
30,111,111,1,0.0030000000000003106,0.013013211183105456,0.010013211183105147,0.04231805392111177,0.03300380535761845,0.02745282401985968,0.013013211183105456,0.04086866407687649,0.028946220031292796,0.0236757761512984,0.0030000000000003106
31,111,111,1,0.003000000000000389,0.0174158846846722,0.014415884684671811,0.30826543145038937,0.29099788646724756,0.19255000642937412,0.17506024479237714,0.06728223885985833,0.05062297097641824,0.0174158846846722,0.003000000000000389
32,000,000,1,0.0,0.001,0.001,0.0,0.001,0.001,0.002,0.001,0.002,0.002,0.003
33,011,011,1,0.00200000000000006,0.0030000000000000586,0.0009999999999999987,0.10177241155487056,0.09823910560666159,0.029091923772257167,0.00200000000000006,0.09911929442269825,0.09701698980093941,0.028248729776387267,0.0030000000000000586
34,001,001,1,0.0010000000000000486,0.002000000000000006,0.0009999999999999575,0.07141760238821825,0.0010000000000000486,0.0699432434951127,0.002000000000000006,0.07241113038079779,0.0020000000000000486,0.0707468413342932,0.003000000000000011
35,110,110,1,0.0020000000000001605,0.0030000000000001623,0.0010000000000000018,0.23907004671482812,0.23980267492643262,0.04719122427230588,0.035382184357899006,0.1902243459407054,0.17640168287531566,0.0020000000000001605,0.0030000000000001623
36,110,110,1,0.0020000000000001297,0.003000000000000099,0.0009999999999999692,0.21094136577009426,0.20383154295145497,0.01367140788215044,0.010546364724548868,0.19147903147357948,0.1922801742840684,0.0020000000000001297,0.003000000000000099
37,001,001,1,0.0010000000000001084,0.0020000000000000824,0.000999999999999974,0.047175897013975364,0.0010000000000001084,0.04358853305748115,0.0020000000000001076,0.042209370152694214,0.0020000000000000824,0.03599301220965303,0.0030000000000000777
38,001,001,1,0.0010000000000004348,0.0020000000000003136,0.0009999999999998788,0.23482516339243706,0.0010000000000004348,0.23353781293786705,0.002000000000000528,0.23372155153588595,0.0020000000000003136,0.23366936928804552,0.0030000000000002646
39,111,111,1,0.0030000000000001,0.023216300934296705,0.020216300934296605,0.22558538823908328,0.1370455831017345,0.09033455697597269,0.06766397190366936,0.10526083237514118,0.023216300934296705,0.04041547929895727,0.0030000000000001
40,001,001,1,0.0010000000000000063,0.0020000000000000057,0.0009999999999999994,0.030021048559899555,0.0010000000000000063,0.02793880619900338,0.002000000000000006,0.030476943660339716,0.0020000000000000057,0.023340272197540313,0.0030000000000000087
41,111,111,1,0.0030000000000001536,0.010971703926866945,0.007971703926866792,0.2626029213280177,0.17000743542518656,0.04247566855449924,0.010971703926866945,0.18932071379929047,0.10856161783120093,0.033298722927504215,0.0030000000000001536
42,111,111,1,0.0030000000000000196,0.04602506029439566,0.043025060294395644,0.14956134597334966,0.13112642080097006,0.08800694727431342,0.05334633189574601,0.07877161227159317,0.05076911833358335,0.04602506029439566,0.0030000000000000196
43,011,011,1,0.0020000000000000083,0.0030000000000000105,0.0010000000000000022,0.203317686514454,0.10207759610240365,0.024085690926592934,0.0020000000000000083,0.15833925330182216,0.052978274607581866,0.018071906439829324,0.0030000000000000105
44,110,110,1,0.0020000000000001002,0.0030000000000002165,0.0010000000000001162,0.16304524496060935,0.12389649968252377,0.027042562023917735,0.02801579156167179,0.11204782346952581,0.07868803470147813,0.0020000000000001002,0.0030000000000002165
45,100,100,1,0.0010000000000000187,0.002000000000000009,0.0009999999999999905,0.012734146567676278,0.012376911383278226,0.011267624794401434,0.01124007890582013,0.0010000000000000187,0.0020000000000000183,0.002000000000000009,0.0030000000000000083
46,110,110,1,0.002000000000000332,0.0030000000000000144,0.0009999999999996826,0.2705117634586926,0.25900886252060074,0.026506434918995597,0.027415297845314837,0.09569302812221525,0.0902503431574387,0.002000000000000332,0.0030000000000000144
47,100,100,1,0.0010000000000000015,0.0020000000000000013,0.0009999999999999998,0.04901883844237096,0.05001347762060344,0.03199939673969156,0.020556918967933373,0.0010000000000000015,0.0020000000000000013,0.0020000000000000013,0.0030000000000000005
48,011,011,1,0.0020000000000001002,0.0030000000000000825,0.0009999999999999822,0.12576513129114597,0.08380021339849292,0.011372069201586853,0.0020000000000001002,0.11715200349057962,0.08287440028118971,0.011954821104400819,0.0030000000000000825
49,001,001,1,0.0010000000000002136,0.0020000000000001965,0.0009999999999999829,0.12154211071652625,0.0010000000000002136,0.09122548169385335,0.0020000000000001995,0.119221866093281,0.0020000000000001965,0.08506235292982936,0.003000000000000194
50,111,111,1,0.0030000000000000335,0.006097120077939282,0.0030971200779392485,0.08351021181204014,0.024420227340751957,0.08431476255335031,0.006097120077939282,0.059376480169851094,0.015417498804459478,0.05934398137560765,0.0030000000000000335
51,111,111,1,0.0030000000000003414,0.017779608348815583,0.014779608348815242,0.42265972092654636,0.3276889062853391,0.05237312285388562,0.03345746770600128,0.3742529963935951,0.29318821207945106,0.017779608348815583,0.0030000000000003414
52,011,011,1,0.0020000000000001393,0.003000000000000086,0.0009999999999999467,0.16659246277468917,0.09883424716533262,0.0886926589104378,0.0020000000000001393,0.1480936400386368,0.08282773666740594,0.08871285012107781,0.003000000000000086
53,110,110,1,0.002000000000000927,0.003000000000000381,0.000999999999999454,0.5662424526523172,0.5131234036233481,0.49377923026742193,0.4634870650452059,0.06001806979441407,0.05865585359172295,0.002000000000000927,0.003000000000000381
54,110,110,1,0.0020000000000001787,0.0030000000000001766,0.0009999999999999979,0.14024970330713507,0.1407764374141532,0.13760207364283278,0.1383296757804583,0.057634977225506624,0.0585145359839759,0.0020000000000001787,0.0030000000000001766
55,100,100,1,0.0010000000000000044,0.0020000000000000044,0.001,0.03286983021911202,0.03379137271445894,0.0320505458198763,0.03279519849481355,0.0010000000000000044,0.0020000000000000044,0.0020000000000000044,0.0030000000000000044
56,001,001,1,0.0010000000000000282,0.0020000000000000187,0.0009999999999999905,0.0331953812175128,0.0010000000000000282,0.03419341943016798,0.0020000000000000196,0.03239087291431796,0.0020000000000000187,0.0333283515254706,0.003000000000000013
57,110,110,1,0.002000000000000032,0.0030000000000000118,0.0009999999999999796,0.06557362059630456,0.06373593827288601,0.03560024835910955,0.032476413961828446,0.046761212682071916,0.04775559939251906,0.002000000000000032,0.0030000000000000118
58,110,110,1,0.002000000000000064,0.003000000000000064,0.001,0.3077426406391357,0.269717884487404,0.14289293536923398,0.13634345258898656,0.187987943950474,0.16689076451792845,0.002000000000000064,0.003000000000000064
59,100,100,1,0.0010000000000001134,0.0020000000000000655,0.000999999999999952,0.06585085275601288,0.034331211571961194,0.0665152652196868,0.03343977063722715,0.0010000000000001134,0.0020000000000001106,0.0020000000000000655,0.0030000000000000465
60,111,111,1,0.00300000000000061,0.06862600622269377,0.06562600622269316,0.13634605998058755,0.12790131617797626,0.09476434437105404,0.06862600622269377,0.121923531471902,0.09903553328916803,0.06887567550983069,0.00300000000000061
61,011,011,1,0.0020000000000000378,0.0030000000000000343,0.0009999999999999966,0.14311967220195343,0.10566684264291758,0.07575565490053573,0.0020000000000000378,0.08175488791605681,0.05253355786439679,0.06526687607178838,0.0030000000000000343
62,111,111,1,0.0030000000000020535,0.08651486078920555,0.08351486078920349,0.47328540681808445,0.4552005008115007,0.20085489347266286,0.18717230389386275,0.39744944796867687,0.3192493552091728,0.08651486078920555,0.0030000000000020535
63,011,011,1,0.0020000000000006423,0.0030000000000006406,0.0009999999999999983,0.11866838405043223,0.10411084779574463,0.06784103032959511,0.0020000000000006423,0.11892499534573935,0.1046881132893518,0.06852806061476413,0.0030000000000006406
64,010,010,1,0.0010000000000000317,0.002000000000000022,0.0009999999999999905,0.04448295264378998,0.038372230056176175,0.0010000000000000317,0.0020000000000000304,0.0452633005069119,0.035817530106179885,0.002000000000000022,0.0030000000000000226
65,010,010,1,0.001000000000000005,0.0020000000000000044,0.0009999999999999994,0.04756785864384683,0.04654311093328541,0.001000000000000005,0.0020000000000000044,0.04853819831149445,0.04730754470266695,0.0020000000000000052,0.0030000000000000044
66,010,010,1,0.0010000000000000562,0.00200000000000002,0.0009999999999999638,0.03982495820504136,0.038903234395483995,0.0010000000000000562,0.00200000000000002,0.029770919292582177,0.02690535591970912,0.002000000000000056,0.00300000000000001
67,100,100,1,0.0010000000000000221,0.002000000000000017,0.0009999999999999948,0.010499561997281285,0.008930107207534857,0.011385784712475085,0.009634640660027428,0.0010000000000000221,0.002000000000000018,0.002000000000000017,0.0030000000000000144
68,100,100,1,0.0010000000000002915,0.002000000000000198,0.0009999999999999063,0.1832992393739281,0.18392933642121823,0.14405874898873924,0.14283451987774493,0.0010000000000002915,0.002000000000000198,0.0020000000000002876,0.0030000000000001974
69,110,110,1,0.002000000000000023,0.0030000000000000226,0.0009999999999999996,0.04624888053061882,0.04085431242214027,0.03881453831648466,0.039626438332408066,0.01646009423492537,0.005209971515342833,0.002000000000000023,0.0030000000000000226
70,110,110,1,0.0020000000000003682,0.0030000000000003444,0.0009999999999999762,0.29587488369255127,0.29270351517113363,0.1286410142515715,0.12440858391505631,0.17184583093994535,0.1528081334856714,0.0020000000000003682,0.0030000000000003444
71,000,000,1,0.0,0.001,0.001,0.0,0.001,0.001,0.002,0.001,0.002,0.002,0.003
72,001,001,1,0.0010000000000001234,0.0020000000000001145,0.0009999999999999911,0.06626240359019553,0.0010000000000001234,0.06308328854419785,0.002000000000000116,0.05742475706656788,0.0020000000000001145,0.05605243053636872,0.003000000000000109
73,110,010,0,0.002000000000000008,0.001340723077007897,-0.0006592769229921108,0.03533172218639851,0.03019662957120042,0.001340723077007897,0.0023296253514599116,0.036143601162562905,0.030927792998940135,0.002000000000000008,0.0030000000000000066
74,111,111,1,0.003000000000000084,0.025364558683493667,0.02236455868349358,0.2833342341694263,0.2779266467508457,0.08994597497827411,0.03397000667519286,0.20830251318276305,0.20863970328732537,0.025364558683493667,0.003000000000000084
75,001,001,1,0.0010000000000000612,0.0020000000000000547,0.0009999999999999935,0.0910454163596487,0.0010000000000000612,0.08451850931527559,0.0020000000000000603,0.09027151470312393,0.0020000000000000547,0.045821530456534816,0.0030000000000000456
76,111,111,1,0.003000000000000153,0.014186810578662182,0.011186810578662028,0.10502199463717243,0.054282533521356376,0.06787160105918459,0.014186810578662182,0.06785954835185633,0.024311677965491996,0.05443431583806402,0.003000000000000153
77,100,100,1,0.0010000000000001585,0.002000000000000134,0.0009999999999999755,0.0642923500305397,0.051468534872956544,0.06527921505049795,0.0499960560046134,0.0010000000000001585,0.002000000000000134,0.0020000000000001588,0.003000000000000131
78,011,011,1,0.0020000000000000673,0.00300000000000006,0.0009999999999999926,0.09434284084089058,0.01118568077530405,0.07604467156255088,0.0020000000000000673,0.08355060356919472,0.0068465742096792915,0.07467225906879317,0.00300000000000006
79,111,111,1,0.003000000000000103,0.028226873402368846,0.025226873402368743,0.3321255094060116,0.22854209534106695,0.3316941610036054,0.16810328122276724,0.045755613920423176,0.0414315514244685,0.028226873402368846,0.003000000000000103
80,100,100,1,0.0010000000000000698,0.0020000000000000295,0.0009999999999999597,0.04490726437518067,0.04032345077476907,0.041129750571291944,0.03773718657815008,0.0010000000000000698,0.0020000000000000295,0.0020000000000000525,0.003000000000000012
81,010,010,1,0.001000000000000033,0.002000000000000033,0.001,0.03733301762223853,0.03827981491280113,0.001000000000000033,0.002000000000000033,0.038217941302170134,0.039191933449648525,0.0020000000000012586,0.0030000000000000204
82,110,110,1,0.0020000000000001176,0.0030000000000000642,0.0009999999999999467,0.22360076609923185,0.1956052372880691,0.11071544391640993,0.08187123065753056,0.17570431461376368,0.1725312649354164,0.0020000000000001176,0.0030000000000000642
83,010,010,1,0.0010000000000000486,0.0020000000000000304,0.0009999999999999818,0.04411494720403686,0.04285781164634886,0.0010000000000000486,0.0020000000000000304,0.036680761260234875,0.035517148438237105,0.0020000000000000495,0.00300000000000003
84,011,011,1,0.0020000000000005486,0.0030000000000004455,0.0009999999999998968,0.2706187096895641,0.05248054390932039,0.2670863966038172,0.0020000000000005486,0.19053990479127034,0.050940358186931343,0.18787084272983487,0.0030000000000004455
85,110,110,1,0.0020000000000002355,0.0030000000000002065,0.000999999999999971,0.0841040878470165,0.06338754953481136,0.06785486408499808,0.06064975972984091,0.032031000996241184,0.02490519303441357,0.0020000000000002355,0.0030000000000002065
86,111,111,1,0.003000000000000222,0.010837996728026874,0.007837996728026653,0.20938280881222185,0.18413520865603875,0.2078965192673902,0.18471178651287887,0.09171602434153146,0.010837996728026874,0.09268061641179413,0.003000000000000222
87,011,011,1,0.0020000000000000963,0.003000000000000096,0.0009999999999999996,0.09160287889614038,0.043868886479411,0.03903454872205174,0.0020000000000000963,0.09015055995859517,0.04345985055284106,0.03997968795125853,0.003000000000000096
88,110,110,1,0.0020000000000003756,0.0030000000000000512,0.0009999999999996756,0.13467981921112948,0.10497030430517908,0.03757193134359329,0.038434499053378327,0.08000938838945162,0.051416732461450655,0.0020000000000003756,0.0030000000000000512
89,011,011,1,0.002000000000000193,0.003000000000000162,0.0009999999999999688,0.16407027527551574,0.05841116264284041,0.08242418738428516,0.002000000000000193,0.13924821283743402,0.05006150077147842,0.08166247532520139,0.003000000000000162
90,011,011,1,0.0020000000000000213,0.0030000000000000157,0.0009999999999999944,0.015435462907003919,0.012444897399664711,0.013582037333636908,0.0020000000000000213,0.014820712003234066,0.012255758662678319,0.013621331620300572,0.0030000000000000157
91,100,100,1,0.0010000000000000083,0.002000000000000004,0.0009999999999999957,0.012094029280850382,0.007449720726628568,0.012774607835189349,0.008448945656086605,0.0010000000000000083,0.0020000000000000083,0.002000000000000004,0.003000000000000004
92,000,000,1,0.0,0.001,0.001,0.0,0.001,0.001,0.002,0.001,0.002,0.002,0.003
93,100,100,1,0.0010000000000000152,0.002000000000000014,0.0009999999999999987,0.012360111911724059,0.013316578666214947,0.008784033764728468,0.009708920338031973,0.0010000000000000152,0.0020000000000000144,0.002000000000000014,0.003000000000000012
94,001,001,1,0.001000000000000062,0.0020000000000000473,0.0009999999999999853,0.1313682711209805,0.001000000000000062,0.12351001394233159,0.0020000000000000473,0.1309954770453709,0.0020000000000000547,0.11468861647390488,0.003000000000000047
95,001,001,1,0.0010000000000000445,0.002000000000000009,0.0009999999999999647,0.056440122225584706,0.0010000000000000445,0.053908674131731275,0.0020000000000000447,0.054265920761737085,0.002000000000000009,0.05248611200548703,0.003000000000000009
96,100,100,1,0.0010000000000000145,0.0020000000000000144,0.0009999999999999998,0.03467545451075368,0.03469222565880491,0.03483389864860009,0.03489519297334608,0.0010000000000000145,0.002000000000000015,0.0020000000000000144,0.0030000000000000144
97,110,110,1,0.0020000000000000356,0.0030000000000000304,0.0009999999999999948,0.14615609110189468,0.0919488917711624,0.09108419439265819,0.0786751467672465,0.03669637459277263,0.02523885878033425,0.0020000000000000356,0.0030000000000000304
98,011,011,1,0.002000000000001008,0.003000000000000679,0.0009999999999996713,0.2706563149357348,0.02729868085799002,0.23635417538831408,0.002000000000001008,0.2255480566745519,0.020563345237908454,0.12358289206239219,0.003000000000000679
99,011,011,1,0.0020000000000000464,0.0030000000000000356,0.0009999999999999892,0.11183085673932737,0.0163351679441597,0.11273113508815535,0.0020000000000000464,0.10525825225282515,0.009506011425992165,0.10150989078612199,0.0030000000000000356
100,100,100,1,0.0010000000000002641,0.0020000000000001965,0.0009999999999999324,0.026849505153912007,0.02623918627419479,0.02613802991976993,0.02589155964984645,0.0010000000000002641,0.0020000000000001965,0.0020000000000002143,0.0030000000000001336
101,111,111,1,0.0030000000000001406,0.02013135810347212,0.01713135810347198,0.09240966897090602,0.06697492520419163,0.075605454084359,0.05760217532083912,0.06156606685063354,0.02013135810347212,0.03411351756416616,0.0030000000000001406
102,011,011,1,0.0020000000000002355,0.0030000000000001427,0.0009999999999999072,0.15655318130874837,0.14770072305860185,0.026903015506796146,0.0020000000000002355,0.12820013481395645,0.12388693294929802,0.026067038769683942,0.0030000000000001427
103,011,011,1,0.0020000000000000933,0.003000000000000093,0.0009999999999999996,0.07648212054760352,0.058848547510255755,0.0074346046239653196,0.0020000000000000933,0.0772439692956964,0.05896658104647524,0.008269433165834231,0.003000000000000093
104,110,110,1,0.002000000000000268,0.0030000000000002377,0.0009999999999999697,0.15834111461966852,0.15486288646074695,0.055499814856948104,0.056348598931832784,0.06205858960813002,0.06044290466066624,0.002000000000000268,0.0030000000000002377
105,001,001,1,0.0010000000000000033,0.0020000000000000026,0.0009999999999999994,0.017309507435513277,0.0010000000000000033,0.009331502450299591,0.0020000000000000026,0.01830006110663424,0.002000000000000003,0.008824728690860414,0.0030000000000000027
106,011,011,1,0.0020000000000000968,0.0030000000000000634,0.0009999999999999666,0.7049509438170244,0.3364766048665479,0.028764661115340092,0.0020000000000000968,0.7057629695038465,0.32196487243893696,0.013109595412986511,0.0030000000000000634
107,001,001,1,0.001000000000000085,0.0020000000000000686,0.0009999999999999835,0.11818562310462033,0.001000000000000085,0.07580820789203054,0.0020000000000000686,0.10909969129598758,0.002000000000000076,0.07555787407870068,0.003000000000000064
108,110,110,1,0.002000000000000872,0.0030000000000006623,0.0009999999999997901,0.2903967433324877,0.20116259740416295,0.013167734907498369,0.014087483015644851,0.2547627704963669,0.1768629903087944,0.002000000000000872,0.0030000000000006623
109,001,001,1,0.0010000000000000636,0.0020000000000000595,0.000999999999999996,0.31103579457347824,0.0010000000000000636,0.26562444757649667,0.002000000000000061,0.2723795687426996,0.0020000000000000595,0.17731841039571894,0.0030000000000000486
110,011,011,1,0.0020000000000001267,0.0030000000000000825,0.0009999999999999558,0.13232227855469733,0.0999300287161317,0.047416618643243647,0.0020000000000001267,0.09568289798266089,0.07934536858931811,0.0430374876179074,0.0030000000000000825
111,010,010,1,0.001000000000000305,0.0020000000000002295,0.0009999999999999246,0.2186030852977623,0.16074093748560095,0.001000000000000305,0.0020000000000002295,0.21402170143285193,0.11009220430885423,0.002000000000000293,0.003000000000000221
112,100,100,1,0.0010000000000003385,0.0020000000000001683,0.0009999999999998298,0.18317770340943143,0.16327584833795358,0.17865421264263312,0.16154457535695368,0.0010000000000003385,0.0020000000000001683,0.00200000000000032,0.0030000000000001345
113,010,010,1,0.0010000000000000137,0.0020000000000000118,0.000999999999999998,0.03307490112719558,0.027661320591588375,0.0010000000000000137,0.0020000000000000118,0.03230148678840431,0.026602167547408365,0.0020000000000000135,0.0030000000000000118
114,001,001,1,0.001000000000000086,0.002000000000000078,0.000999999999999992,0.03463358610122344,0.001000000000000086,0.030063923628780187,0.0020000000000000846,0.034467868964890076,0.002000000000000078,0.02597549096971708,0.0030000000000028394
115,110,110,1,0.0020000000000002134,0.0030000000000001757,0.0009999999999999623,0.12377184450432592,0.12440002170093963,0.06602406993277013,0.05835304544894487,0.010861255005403029,0.008799754916230427,0.0020000000000002134,0.0030000000000001757
116,010,010,1,0.0010000000000000627,0.0020000000000000126,0.00099999999999995,0.04987788175548085,0.014681119021012844,0.0010000000000000627,0.0020000000000000126,0.05054669315015281,0.015361870070463801,0.002000000000000057,0.0030000000000000105
117,010,010,1,0.0010000000000000735,0.002000000000000035,0.0009999999999999616,0.027073628576506636,0.023180366252178054,0.0010000000000000735,0.002000000000000035,0.028066240023551525,0.02410977706787415,0.0020000000000000725,0.003000000000000031
118,001,001,1,0.0010000000000006887,0.0020000000000005755,0.0009999999999998868,0.08888052930653097,0.0010000000000006887,0.08857874348279597,0.0020000000000005755,0.08961631431327773,0.0020000000000006866,0.0895775877297073,0.0030000000000005443
119,011,011,1,0.002000000000000067,0.003000000000000063,0.0009999999999999961,0.08131586997920154,0.07241594753000298,0.03271535077917138,0.002000000000000067,0.07345565903700713,0.06896764676031565,0.029384538340367285,0.003000000000000063
120,011,011,1,0.0020000000000000144,0.00300000000000001,0.0009999999999999957,0.01364828319456147,0.0045585705698601925,0.014422712965984338,0.0020000000000000144,0.014641470993239803,0.00425086542501577,0.015135298325935137,0.00300000000000001
121,011,011,1,0.0020000000000000174,0.0030000000000000187,0.0010000000000000013,0.012620373638645826,0.010942022052506509,0.01142038688429211,0.0020000000000000174,0.012747276242043797,0.011735887921959544,0.011335999185441361,0.0030000000000000187
122,001,001,1,0.001000000000000015,0.002000000000000009,0.0009999999999999942,0.007348418780927263,0.001000000000000015,0.0038760290409621304,0.002000000000000009,0.008287391051930278,0.002000000000000015,0.004638299158374944,0.0030000000000000066
123,001,001,1,0.0010000000000000018,0.0020000000000000018,0.001,0.052545186803548666,0.0010000000000000018,0.050177926905788595,0.0020000000000000018,0.053147743086147343,0.0020000000000000018,0.049673175171582575,0.003000000000000007
124,011,011,1,0.002000000000000088,0.0030000000000000317,0.0009999999999999436,0.19157599341974355,0.05251211048959939,0.14337755737721827,0.002000000000000088,0.15319309018287444,0.05179575339427243,0.1185796665246666,0.0030000000000000317
125,010,010,1,0.0010000000000000842,0.002000000000000075,0.000999999999999991,0.22550316683857594,0.21768078630151458,0.0010000000000000842,0.002000000000000082,0.2230193677475795,0.21317607410374032,0.002000000000000075,0.0030000000000000747
126,111,111,1,0.003000000000000313,0.03645118161776523,0.03345118161776491,0.09684825635794121,0.08361947620370806,0.06268891396405143,0.053258341046538864,0.08366483869582043,0.051207148773931566,0.03645118161776523,0.003000000000000313
127,001,001,1,0.0010000000000000106,0.0020000000000000083,0.0009999999999999976,0.006756662953593315,0.0010000000000000106,0.007135834928172217,0.002000000000000009,0.007737915287543174,0.0020000000000000083,0.008125330578652983,0.0030000000000000053
128,001,001,1,0.0010000000000000544,0.0020000000000000543,0.0009999999999999998,0.044851294356422926,0.0010000000000000544,0.0448922715879293,0.0020000000000000543,0.04574953003203592,0.0020000000000003726,0.04547112423704756,0.0030000000000000543
129,010,010,1,0.001000000000000043,0.0020000000000000378,0.0009999999999999948,0.2525445274945579,0.24535251010058753,0.001000000000000043,0.0020000000000000378,0.25163503409140264,0.2446560573622253,0.0020000000000000412,0.0030000000000000356
130,110,110,1,0.0020000000000002247,0.0030000000000002143,0.0009999999999999896,0.4451967559431673,0.43378721792708286,0.022272549060435614,0.023271677445543648,0.21010564408693813,0.20458523311872942,0.0020000000000002247,0.0030000000000002143
131,110,110,1,0.00200000000000006,0.0030000000000000478,0.0009999999999999879,0.4683513179970742,0.39584509915376725,0.055122875412831264,0.03697061314060216,0.24563651979704335,0.14128337689089066,0.00200000000000006,0.0030000000000000478
132,100,100,1,0.001000000000000003,0.0012435635919011557,0.00024356359190115268,0.0012435635919011557,0.0022435593515149166,0.0016371682899561973,0.0026159801979488166,0.001000000000000003,0.002000000000000003,0.002000000000000009,0.003000000000000003
133,110,110,1,0.0020000000000000282,0.0029286602504955067,0.0009286602504954785,0.09880321761775379,0.08533902965679345,0.0029286602504955067,0.0029703998017869306,0.08213632455479204,0.06175138675391276,0.0020000000000000282,0.0030000000000000126
134,100,100,1,0.0010000000000016031,0.0020000000000015995,0.0009999999999999963,0.2756148888375504,0.24050700293215152,0.27551423396768454,0.19537910114338194,0.0010000000000016031,0.002000000000001603,0.0020000000000015995,0.00300000000000022
135,110,110,1,0.0020000000000001267,0.00300000000000008,0.0009999999999999532,0.10271244960693977,0.09376440586912378,0.02370194816272457,0.023883821474240723,0.09129425762197751,0.08490813917604197,0.0020000000000001267,0.00300000000000008
136,011,011,1,0.0020000000000003305,0.003000000000000297,0.0009999999999999666,0.15305548600724697,0.03237944041881076,0.1207883605983708,0.0020000000000003305,0.14617172491483066,0.03134120417148435,0.10602079159553456,0.003000000000000297
137,100,100,1,0.0010000000000000375,0.0020000000000000334,0.000999999999999996,0.19032536906838293,0.18867243092993377,0.17337940912081076,0.17393170408034894,0.0010000000000000375,0.0020000000000000334,0.0020000000000000373,0.003000000000000033
138,010,010,1,0.0010000000000000124,0.002000000000000004,0.0009999999999999916,0.006088526968624219,0.007042637022477212,0.0010000000000000124,0.0020000000000000126,0.007068005923890567,0.008020452655666713,0.002000000000000004,0.003000000000000004
139,111,111,1,0.003000000000000103,0.014077678637132154,0.01107767863713205,0.32057966204434984,0.21746023208958767,0.06229847366454696,0.014077678637132154,0.3071977966418485,0.2113165000531599,0.04307362508209716,0.003000000000000103
140,110,110,1,0.0020000000000000165,0.003000000000000003,0.0009999999999999866,0.1517775710278982,0.14179296289161344,0.07646946786853122,0.06848292867882978,0.044277819012114965,0.0451815690824342,0.0020000000000000165,0.003000000000000003
141,011,011,1,0.0020000000000000187,0.0030000000000000152,0.0009999999999999966,0.17312447164346642,0.1553923421398243,0.005594663199624723,0.0020000000000000187,0.1484172680945304,0.13201365824737213,0.006526675036115818,0.0030000000000000152
142,111,111,1,0.0030000000000014447,0.1117344477510465,0.10873444775104506,0.452107554872196,0.3194176377249362,0.27754191697436686,0.17793576373418465,0.2772041515108915,0.13613026307130585,0.1117344477510465,0.0030000000000014447
143,100,100,1,0.0010000000000000035,0.0020000000000000035,0.001,0.0181961448666249,0.019194674488578516,0.01899271426866894,0.019683280726569885,0.0010000000000000035,0.002000000000000043,0.0020000000000000035,0.0030000000000000035
144,011,011,1,0.002000000000000335,0.003000000000000184,0.000999999999999849,0.1570267380797724,0.11454702127946725,0.03759679989218858,0.002000000000000335,0.14862354200032116,0.1153035485679801,0.028689926690820294,0.003000000000000184
145,010,010,1,0.0010000000000002578,0.0020000000000002377,0.0009999999999999799,0.34743174250679654,0.3468621552915413,0.0010000000000002578,0.0020000000000002576,0.33716526700250726,0.33741473524944987,0.0020000000000002377,0.0030000000000004324
146,011,011,1,0.0020000000000000534,0.003000000000000042,0.0009999999999999887,0.1356058450845391,0.03908225457377018,0.045253056327314696,0.0020000000000000534,0.13635397566294669,0.03384919702389036,0.03823972430523672,0.003000000000000042
147,010,010,1,0.0010000000000000865,0.0020000000000000434,0.0009999999999999569,0.12430761471678292,0.06937310038094986,0.0010000000000000865,0.0020000000000000868,0.11845096631833985,0.045720917433017046,0.0020000000000000434,0.003000000000000031
148,111,111,1,0.0030000000000000335,0.014965556069547107,0.011965556069547073,0.12794453392407515,0.05191653286974212,0.06643262686275811,0.031883718480358016,0.12483677484515603,0.014965556069547107,0.06214570935569668,0.0030000000000000335
149,110,110,1,0.0020000000000000824,0.0030000000000000456,0.0009999999999999632,0.06541390810007812,0.06295583394896995,0.017743155948513206,0.01859877352552436,0.017334577707623453,0.016472415484391725,0.0020000000000000824,0.0030000000000000456
150,011,011,1,0.0020000000000000248,0.003000000000000022,0.0009999999999999974,0.02543583892363463,0.022934100176009723,0.016264218939512663,0.0020000000000000248,0.022616303087489808,0.021226630137485103,0.015305048330970537,0.003000000000000022
151,011,011,1,0.0020000000000002217,0.003000000000000221,0.0009999999999999992,0.053748245133834555,0.02914623347359883,0.02497564318740311,0.0020000000000002217,0.04813675271886551,0.029360248835219892,0.02261840663375201,0.003000000000000221
152,011,011,1,0.0020000000000001813,0.003000000000000128,0.0009999999999999467,0.13716118283191947,0.029053321304383335,0.0513998838262279,0.0020000000000001813,0.10828869649712868,0.014273100555238697,0.05193048468268979,0.003000000000000128
153,011,011,1,0.0020000000000000963,0.0030000000000000933,0.000999999999999997,0.12497143058110723,0.05994041416241614,0.030414796542940454,0.0020000000000000963,0.1161418591440163,0.04797093178208205,0.0312634591976261,0.0030000000000000933
154,111,111,1,0.003000000000001061,0.02696987691875395,0.02396987691875289,0.3930149301542493,0.29053363946432326,0.1627339935381761,0.02696987691875395,0.39093908606957817,0.2891196501331625,0.16321356692422198,0.003000000000001061
155,001,001,1,0.001000000000000173,0.002000000000000053,0.0009999999999998799,0.0904680369392133,0.001000000000000173,0.08736737655046127,0.0020000000000001705,0.09142671839516842,0.002000000000000053,0.08825258572547073,0.0030000000000000512
156,100,100,1,0.0010000000000000393,0.002000000000000037,0.0009999999999999976,0.2030333742584339,0.1965439960357291,0.17748690371428613,0.17454707209224543,0.0010000000000000393,0.002000000000000037,0.002000000000000184,0.003000000000000037
157,100,100,1,0.0010000000000000113,0.00200000000000001,0.0009999999999999987,0.007803901474159836,0.008762099388527374,0.008112949830922207,0.009081006274508724,0.0010000000000000113,0.0020000000000000113,0.00200000000000001,0.0030000000000000096
158,110,110,1,0.0020000000000000924,0.00300000000000009,0.0009999999999999974,0.23198223984562236,0.20734396825453635,0.15671328100934087,0.1489787174856936,0.028432218470258674,0.028526409648487842,0.0020000000000000924,0.00300000000000009
159,001,001,1,0.0010000000000000273,0.00200000000000002,0.0009999999999999926,0.05954383427216662,0.0010000000000000273,0.06051709745166637,0.00200000000000002,0.05883566357847397,0.002000000000000027,0.059567465781810026,0.0030000000000000165
160,001,001,1,0.0010000000000000148,0.002000000000000014,0.0009999999999999992,0.0028739381176734282,0.0010000000000000148,0.0032626169049516968,0.0020000000000000144,0.003872770826852868,0.002000000000000014,0.004179120375833997,0.0030000000000000144
161,001,001,1,0.0010000000000000395,0.0020000000000000334,0.000999999999999994,0.08686398006799363,0.0010000000000000395,0.08598558766881577,0.0020000000000000386,0.08004042284948397,0.0020000000000000334,0.08000994307949788,0.0030000000000000317
162,000,000,1,0.0,0.001,0.001,0.0,0.001,0.001,0.002,0.001,0.002,0.002,0.003
163,010,010,1,0.0010000000000000735,0.0020000000000000525,0.000999999999999979,0.2260365958768714,0.22589547674868315,0.0010000000000000735,0.00200000000000007,0.21940062395381457,0.20986572632049283,0.0020000000000000525,0.0030000000000000335
164,011,011,1,0.0020000000000003357,0.003000000000000331,0.0009999999999999953,0.29424788721831197,0.07154957038460567,0.15237328263970493,0.0020000000000003357,0.2885738756172492,0.06765611544079438,0.15336518156762288,0.003000000000000331
165,001,001,1,0.0010000000000000037,0.002000000000000002,0.0009999999999999985,0.014922553469299783,0.0010000000000000037,0.015158565947092775,0.0020000000000000035,0.014055614231897159,0.002000000000000002,0.010758730363813276,0.003000000000000002
166,111,111,1,0.003000000000000134,0.009314546577174624,0.0063145465771744895,0.30181487494959025,0.2928142134762571,0.020077006402890108,0.02069428897756955,0.2813047926451491,0.2822946568964934,0.009314546577174624,0.003000000000000134
167,110,110,1,0.0020000000000000183,0.0030000000000000027,0.0009999999999999844,0.07021459944969453,0.046536039707148535,0.00473541440589026,0.005454379588919287,0.07088650543615826,0.04669309792050008,0.0020000000000000183,0.0030000000000000027
168,011,011,1,0.002000000000000018,0.003000000000000017,0.0009999999999999992,0.06176017538313432,0.003100779326434736,0.032104560407440884,0.002000000000000018,0.059358542376725505,0.004002710876646607,0.03206326382860711,0.003000000000000017
169,000,000,1,0.0,0.001,0.001,0.0,0.001,0.001,0.002,0.001,0.002,0.002,0.003
170,100,100,1,0.0010000000000000026,0.0020000000000000026,0.001,0.006427793572262881,0.007384456893774231,0.007360899837405853,0.008081335276232903,0.0010000000000000026,0.0020000000000000026,0.0020000000000000026,0.0030000000000001215
171,010,010,1,0.0010000000000000703,0.0020000000000000608,0.0009999999999999905,0.04698817855592515,0.044105458067960714,0.0010000000000000703,0.0020000000000000608,0.047228771491127225,0.04508213109076983,0.0020000000000000738,0.003000000000000036
172,110,110,1,0.0020000000000001267,0.003000000000000126,0.0009999999999999992,0.0620419146866114,0.06216735810711863,0.010823696234721226,0.010707495330647122,0.038593500731513145,0.03594645344089236,0.0020000000000001267,0.003000000000000126
173,100,100,1,0.0010000000000001184,0.0020000000000000694,0.000999999999999951,0.06756075635794162,0.05292895977073778,0.06847338930550598,0.05336681556963793,0.0010000000000001184,0.002000000000000097,0.0020000000000000694,0.003000000000000021
174,010,010,1,0.0010000000000001872,0.0020000000000001037,0.0009999999999999165,0.11235419373856932,0.10456555210298539,0.0010000000000001872,0.0020000000000001627,0.10204756608160381,0.09502635917397208,0.0020000000000001037,0.003000000000000068
175,001,001,1,0.0010000000000000438,0.002000000000000027,0.000999999999999983,0.09847801309010284,0.0010000000000000438,0.09013750454264872,0.002000000000000042,0.05799355420032145,0.002000000000000027,0.05815008026469509,0.0030000000000000226
176,010,010,1,0.0010000000000001592,0.002000000000000152,0.0009999999999999926,0.12686247741722745,0.11376604372777194,0.0010000000000001592,0.0020000000000001527,0.10613383342672426,0.09313513900644647,0.002000000000000152,0.0030000000000001466
177,111,111,1,0.003,0.025428077272613064,0.022428077272613065,0.14927611613978317,0.14289063565303914,0.10274812453282017,0.06670963810352173,0.037277543042804256,0.031027811825726476,0.025428077272613064,0.003
178,001,001,1,0.001000000000000243,0.0020000000000002217,0.0009999999999999786,0.056580997967862756,0.001000000000000243,0.05706843884997734,0.0020000000000002303,0.057557193170810456,0.0020000000000002217,0.057926335830296494,0.003000000000000217
179,011,011,1,0.002000000000000006,0.0020495894750010082,4.958947500100213e-05,0.24120198660736256,0.05127905620249414,0.0020495894750010082,0.002000000000000006,0.241723249683493,0.047258549452215255,0.002934491218951131,0.003000000000000006
180,111,111,1,0.0030000000000004407,0.011528936562720577,0.008528936562720135,0.3912103573444729,0.3921810004008296,0.09865259312180119,0.04971769530524866,0.32995525627215505,0.31554678962895527,0.011528936562720577,0.0030000000000004407
181,001,001,1,0.0010000000000001154,0.0020000000000001124,0.000999999999999997,0.039893672869467184,0.0010000000000001154,0.040859910213637836,0.0020000000000001154,0.04087255155942344,0.0020000000000001124,0.04183272510007798,0.0030000000000001124
182,100,100,1,0.0010000000000000427,0.0020000000000000113,0.0009999999999999686,0.013392855883967186,0.014334577636155935,0.014158526664941867,0.015085794747769913,0.0010000000000000427,0.0020000000000000425,0.0020000000000000113,0.0030000000000000113
183,011,011,1,0.0020000000000001375,0.0030000000000000547,0.0009999999999999172,0.29653945472513854,0.05175814617351421,0.20518197147355785,0.0020000000000001375,0.29161688557470794,0.05191438188700593,0.20537969267771708,0.0030000000000000547
184,111,111,1,0.003000000000000321,0.018209486384764093,0.01520948638476377,0.24415166376660505,0.22476214478509968,0.18280806539471417,0.09844252573673468,0.023729639742089793,0.02104318069167043,0.018209486384764093,0.003000000000000321
185,001,001,1,0.0010000000000001544,0.002000000000000139,0.0009999999999999844,0.07778058534551044,0.0010000000000001544,0.05519023877180546,0.0020000000000001397,0.07740689450211406,0.002000000000000139,0.05611143684562306,0.003000000000000125
186,100,100,1,0.0010000000000000737,0.002000000000000057,0.000999999999999983,0.022430375669648606,0.023314008991057775,0.02341580619063366,0.02429634679619319,0.0010000000000000737,0.0020000000000000738,0.002000000000000057,0.003000000000000056
187,111,111,1,0.00300000000000007,0.006399387047755705,0.003399387047755635,0.1904317049997737,0.16809108140586346,0.15267868378343322,0.1530512490029655,0.02673815106317014,0.006399387047755705,0.009147124130274936,0.00300000000000007
188,010,010,1,0.0010000000000002028,0.002000000000000158,0.0009999999999999551,0.08078132960305408,0.07795650305727184,0.0010000000000002028,0.002000000000000158,0.08171760300114188,0.07833358025589911,0.002000000000000201,0.003000000000000146
189,001,001,1,0.001000000000000026,0.0020000000000000226,0.0009999999999999966,0.0583146520720662,0.001000000000000026,0.03268795171124864,0.0020000000000000226,0.059251471208247454,0.0020000000000000256,0.030996014277251932,0.0030000000000000196
190,111,111,1,0.0030000000000005404,0.025458334017191164,0.022458334017190624,0.12291107709176592,0.11555442562995431,0.12390837097618616,0.11642005351266567,0.05432553322869027,0.025458334017191164,0.04250131048185521,0.0030000000000005404
191,010,010,1,0.0010000000000000369,0.002000000000000032,0.0009999999999999953,0.007027876025011352,0.00792796562920126,0.0010000000000000369,0.0020000000000000365,0.007119095127491483,0.008110535133873558,0.002000000000000032,0.003000000000000031
192,010,010,1,0.0010000000000000126,0.00200000000000001,0.0009999999999999974,0.17321290215020557,0.16822931275283246,0.0010000000000000126,0.002000000000000012,0.15176230891404366,0.12994656223234238,0.00200000000000001,0.0030000000000000105
193,011,011,1,0.002000000000000283,0.0030000000000002754,0.0009999999999999926,0.18737931740165772,0.1682740706786312,0.02202926303466604,0.002000000000000283,0.18327706716714043,0.1686837005910816,0.0202319947080304,0.0030000000000002754
194,010,010,1,0.0010000000000000074,0.002000000000000007,0.0009999999999999996,0.039587262182642906,0.03779273877456136,0.0010000000000000074,0.0020000000000000074,0.04005161128045303,0.03879212805857488,0.002000000000000007,0.0030000000000000066
195,111,111,1,0.003000000000000044,0.020660226739194425,0.01766022673919438,0.37145750414205425,0.3242607265257638,0.058364141320854546,0.026668137742520415,0.22140538279948666,0.2023322665480224,0.020660226739194425,0.003000000000000044
196,111,111,1,0.0030000000000007555,0.011429220368627237,0.008429220368626481,0.41062852281193335,0.2757807219119517,0.17265198076945099,0.11593887267179691,0.19181729072696754,0.011429220368627237,0.10807788754118401,0.0030000000000007555
197,110,110,1,0.0020000000000000833,0.003000000000000023,0.0009999999999999397,0.24194194988022966,0.23724357393568762,0.21763188090791818,0.19676596743928687,0.05550076362776709,0.04928378027243683,0.0020000000000000833,0.003000000000000023
198,100,100,1,0.0010000000000000141,0.0020000000000000135,0.0009999999999999994,0.05168741945985933,0.05267615352031483,0.04861584598391219,0.04924793839440922,0.0010000000000000141,0.0020000000000000144,0.0020000000000000135,0.003000000000000013
199,001,001,1,0.0010000000000000787,0.0020000000000000777,0.000999999999999999,0.040218575232026654,0.0010000000000000787,0.027510896994245,0.002000000000000078,0.039061825326951086,0.0020000000000000777,0.017961469806779873,0.0030000000000000777
200,110,110,1,0.0020000000000000404,0.0030000000000000296,0.0009999999999999892,0.028116679560745133,0.02074030959762879,0.028725695715429513,0.02078294905419642,0.01796663490362202,0.01039348842362159,0.0020000000000000404,0.0030000000000000296
201,110,110,1,0.0020000000000000243,0.0030000000000000213,0.000999999999999997,0.18987602958024277,0.18027983119405078,0.1871981746028694,0.16927731838726803,0.006394370586707789,0.00433762724054391,0.0020000000000000243,0.0030000000000000213
202,011,011,1,0.002000000000000274,0.0030000000000002668,0.0009999999999999926,0.16705486946600323,0.08367364363085686,0.0429471829358728,0.002000000000000274,0.16612038348833028,0.08418493287007422,0.04383017224309951,0.0030000000000002668
203,111,111,1,0.0030000000000002676,0.0068719172666934095,0.003871917266693142,0.14781547887908555,0.02949971127204024,0.12386376366676105,0.02629431526770626,0.14739202913648294,0.0068719172666934095,0.12445487449848981,0.0030000000000002676
204,111,111,1,0.003000000000000054,0.009698788165997289,0.006698788165997235,0.08811977672245146,0.08738109415579347,0.03933192642787162,0.034037916246,0.08349318301989044,0.08303241657628936,0.009698788165997289,0.003000000000000054
205,110,110,1,0.0020000000000000464,0.003000000000000047,0.0010000000000000005,0.1505084238103469,0.14477473267633145,0.13020724937808795,0.13042261192613144,0.06096093040469383,0.05161157229550823,0.0020000000000000464,0.003000000000000047
206,011,011,1,0.002000000000000019,0.003000000000000015,0.0009999999999999957,0.025894955575631744,0.010592731132873817,0.015245870091203761,0.002000000000000019,0.02668915759537339,0.01075001939155643,0.01596944913938047,0.003000000000000015
207,000,000,1,0.0,0.001,0.001,0.0,0.001,0.001,0.002,0.001,0.002,0.002,0.003
208,011,011,1,0.002000000000000736,0.0030000000000004854,0.0009999999999997494,0.20094863384792064,0.09242643409385513,0.0753846627192823,0.002000000000000736,0.16064908377328424,0.08864658679408803,0.06318551552584575,0.0030000000000004854
209,010,010,1,0.0010000000000000638,0.002000000000000036,0.0009999999999999723,0.20660232620506638,0.1976640921453349,0.0010000000000000638,0.002000000000000036,0.198722186300782,0.1971239837584214,0.002000000000000064,0.0030000000000000196
210,010,010,1,0.0010000000000000943,0.002000000000000089,0.0009999999999999946,0.21510303296041852,0.2068594502432666,0.0010000000000000943,0.002000000000000089,0.21543431324488563,0.19563575279027068,0.0020000000000000946,0.0030000000000000864
211,111,111,1,0.003000000000000021,0.008054024022367027,0.005054024022367006,0.09181903523192118,0.04883745373887027,0.08943987907915901,0.03372919882817071,0.051263651627801755,0.008054024022367027,0.05225884291246691,0.003000000000000021
212,011,011,1,0.00200000000000003,0.0030000000000000304,0.0010000000000000005,0.10920874856347002,0.03796361093898013,0.11014781387722929,0.00200000000000003,0.10016713262663797,0.03596469009627754,0.10114668538693743,0.0030000000000000304
213,010,010,1,0.0010000000000000417,0.002000000000000033,0.0009999999999999913,0.04699430645097211,0.03684711733672158,0.0010000000000000417,0.002000000000000041,0.046864854291622425,0.03711349035842715,0.002000000000000033,0.003000000000000029
214,000,000,1,0.0,0.001,0.001,0.0,0.001,0.001,0.002,0.001,0.002,0.002,0.003
215,000,000,1,0.0,0.001,0.001,0.0,0.001,0.001,0.002,0.001,0.002,0.002,0.003
216,111,111,1,0.003000000000000072,0.014495707635445483,0.01149570763544541,0.12111553237810709,0.11886225097103102,0.031031171122641952,0.02574746378416419,0.12181007911619834,0.11979725977313042,0.014495707635445483,0.003000000000000072
217,011,011,1,0.002000000000000062,0.0030000000000000573,0.0009999999999999953,0.08082176493475864,0.011403484004049821,0.027757328117498748,0.002000000000000062,0.07730396624318653,0.009199347487819302,0.02842934319036495,0.0030000000000000573
218,001,001,1,0.0010000000000000913,0.002000000000000058,0.0009999999999999668,0.02109550618487781,0.0010000000000000913,0.01683467436191032,0.002000000000000058,0.02206256923940421,0.0020000000000000794,0.0176666813329173,0.0030000000000000543
219,010,010,1,0.0010000000000000514,0.0020000000000000304,0.000999999999999979,0.08187476168209037,0.06817437404691377,0.0010000000000000514,0.0020000000000000304,0.07353102616791414,0.05049049051280564,0.0020000000000000508,0.0030000000000000365
220,011,011,1,0.00200000000000018,0.003000000000000122,0.000999999999999942,0.16752017120166354,0.07532109761932532,0.05149500790957338,0.00200000000000018,0.1603220682811557,0.0659026824843573,0.04949895119099156,0.003000000000000122
221,011,011,1,0.0020000000000001197,0.0030000000000000924,0.0009999999999999727,0.08001510473244076,0.08083004122247676,0.017102990531749688,0.0020000000000001197,0.07341108441222899,0.07441080210226435,0.0162087826576355,0.0030000000000000924
222,010,010,1,0.001000000000000063,0.002000000000000053,0.00099999999999999,0.027740107902407413,0.02689478627905918,0.001000000000000063,0.0020000000000000616,0.025102871616143302,0.025714944473420036,0.002000000000000053,0.003000000000000047
223,111,111,1,0.003000000000000121,0.008228876340779059,0.005228876340778938,0.19937574055418508,0.07603616891655864,0.09676452114939584,0.008228876340779059,0.1799821995566848,0.045472732128103495,0.09686491543037666,0.003000000000000121
224,111,111,1,0.0030000000000001675,0.01261189859746253,0.009611898597462363,0.13610376914269404,0.06975898149843485,0.08031703556216023,0.01261189859746253,0.06549072255845706,0.04833683187783643,0.028812002256547585,0.0030000000000001675
225,010,010,1,0.0010000000000000323,0.002000000000000032,0.0009999999999999998,0.15442667389459463,0.1548235306425881,0.0010000000000000323,0.002000000000000032,0.14460690435116474,0.14528741028678377,0.002000000000000032,0.003000000000000032
226,100,100,1,0.001000000000000116,0.002000000000000107,0.0009999999999999911,0.09492575293899208,0.09067409489652557,0.092909912527671,0.08974866984936468,0.001000000000000116,0.0020000000000001137,0.002000000000000107,0.003000000000000107
227,110,110,1,0.0020000000000001497,0.0030000000000001653,0.0010000000000000156,0.07965057820941991,0.08064546547476208,0.024263188669710976,0.020879819188561827,0.0584804914593807,0.054595948589412475,0.0020000000000001497,0.0030000000000001653
228,011,011,1,0.002000000000000046,0.003000000000000023,0.000999999999999977,0.10096428006116331,0.07678101200062834,0.05674276533377364,0.002000000000000046,0.10187079844060799,0.07561409194656804,0.054064061529574665,0.003000000000000023
229,011,011,1,0.0020000000000002013,0.0030000000000001952,0.000999999999999994,0.17118153913800493,0.16890771823694584,0.022698841580251344,0.0020000000000002013,0.1240327469204439,0.12481178692767247,0.021021817736555405,0.0030000000000001952
230,010,010,1,0.0010000000000000267,0.0020000000000000174,0.0009999999999999907,0.005745980271060269,0.006438627780950673,0.0010000000000000267,0.0020000000000000174,0.006657685161260748,0.00740216232129415,0.0020000000000000183,0.003000000000000013
231,111,111,1,0.003000000000000017,0.006493352384332534,0.0034933523843325167,0.3018744397576643,0.19140622364239035,0.07049837837476639,0.03465463377690082,0.1880535996369005,0.15538105153009305,0.006493352384332534,0.003000000000000017
232,001,001,1,0.001000000000000058,0.002000000000000003,0.0009999999999999452,0.11834762231007734,0.001000000000000058,0.11621449167425392,0.0020000000000000577,0.0898748821065003,0.002000000000000003,0.089665692366674,0.003000000000000006
233,001,001,1,0.0010000000000000694,0.002000000000000033,0.0009999999999999636,0.1869215564976565,0.0010000000000000694,0.1160481385809599,0.002000000000000033,0.18792036572908988,0.0020000000000000677,0.11248348718596972,0.0030000000000000326
234,100,100,1,0.0010000000000000393,0.0020000000000000248,0.0009999999999999855,0.0445635323396891,0.03960282219173068,0.04554919301619345,0.040533762981295754,0.0010000000000000393,0.0020000000000000248,0.0020000000000000365,0.0030000000000001002
235,110,110,1,0.002000000000000157,0.0030000000000000877,0.0009999999999999306,0.05030709050929538,0.05099133085119353,0.014801364537648548,0.014960447611202741,0.04260739666191229,0.04156713565957496,0.002000000000000157,0.0030000000000000877
236,110,110,1,0.0020000000000006636,0.0030000000000002997,0.0009999999999996362,0.42116271759763224,0.34026165523122703,0.3126930250546232,0.3018660175670487,0.13279461741043855,0.08808534445131518,0.0020000000000006636,0.0030000000000002997
237,001,001,1,0.0010000000000000104,0.00200000000000001,0.0009999999999999996,0.045432537780097336,0.0010000000000000104,0.0436672537505576,0.00200000000000001,0.04622470162818992,0.00200000000000001,0.04463052054882711,0.0030000000000000096
238,111,111,1,0.003000000000000808,0.018593279284772328,0.01559327928477152,0.34354655433005593,0.19262323433212336,0.3322360062282238,0.193619337716867,0.10469682764826588,0.018593279284772328,0.10466325171566503,0.003000000000000808
239,001,001,1,0.0010000000000000302,0.0020000000000000183,0.000999999999999988,0.09980735348318041,0.0010000000000000302,0.09366382709808896,0.0020000000000000287,0.07822445371597546,0.0020000000000000183,0.04265373938004024,0.003000000000000011
240,110,110,1,0.0020000000000000595,0.0027057938339155943,0.0007057938339155348,0.07151766142426541,0.06944722827175352,0.0027057938339155943,0.0036120923176892793,0.058443170593659534,0.058442632570089297,0.0020000000000000595,0.0030000000000000447
241,100,100,1,0.0010000000000000716,0.002000000000000045,0.0009999999999999736,0.0589294016842381,0.05991192985673479,0.058780655848827884,0.05977790636503863,0.0010000000000000716,0.002000000000000045,0.002000000000000071,0.003000000000000044
242,011,011,1,0.0020000000000000703,0.0030000000000000673,0.000999999999999997,0.0836463038096908,0.006281529829423912,0.04526264854636041,0.0020000000000000703,0.08225758308949367,0.007044214108076457,0.04623916021403296,0.0030000000000000673
243,100,100,1,0.0010000000000001587,0.0020000000000001575,0.0009999999999999987,0.05429642877167743,0.0551185567761237,0.04833160246040946,0.04890885641340787,0.0010000000000001587,0.0020000000000001588,0.0020000000000001575,0.003000000000000282
244,110,110,1,0.0020000000000000556,0.0030000000000000235,0.000999999999999968,0.13587569666444585,0.13551661103307291,0.050620442819449864,0.049780279956784135,0.01966011563049095,0.01783539259872048,0.0020000000000000556,0.0030000000000000235
245,011,011,1,0.0020000000000000547,0.0030000000000000504,0.0009999999999999957,0.08851071746304622,0.03604972022211895,0.019391947825235723,0.0020000000000000547,0.08725495435798998,0.03642789914660839,0.018688366375681456,0.0030000000000000504
246,111,111,1,0.0030000000000001033,0.011242662515932894,0.00824266251593279,0.1173222973551642,0.025464731888485376,0.06419228304749382,0.021610931449445446,0.07714128288366047,0.011242662515932894,0.025948157079937133,0.0030000000000001033
247,011,011,1,0.0020000000000000412,0.0030000000000000404,0.0009999999999999992,0.07357813118457562,0.04895750045787021,0.04647341951224959,0.0020000000000000412,0.07389756995407387,0.049934522445903795,0.04666928876855747,0.0030000000000000404
248,100,100,1,0.0010000000000001212,0.002000000000000088,0.0009999999999999668,0.10444617831862302,0.09468741347869479,0.08418866769384811,0.07372717645523172,0.0010000000000001212,0.002000000000000088,0.0020000000000001124,0.0030000000000000825
249,110,110,1,0.002000000000000057,0.0030000000000000465,0.0009999999999999896,0.073673677350374,0.07254828921026836,0.039177711554593125,0.030193484931377114,0.02281833812211693,0.02088394385752182,0.002000000000000057,0.0030000000000000465
250,011,011,1,0.002000000000000176,0.003000000000000186,0.00100000000000001,0.21990904420495253,0.07853850127232843,0.008675131086350749,0.002000000000000176,0.21429941244258177,0.07798083170299723,0.008372466418652406,0.003000000000000186
251,010,010,1,0.0010000000000000627,0.0020000000000000347,0.000999999999999972,0.01661402385042631,0.015419325573983664,0.0010000000000000627,0.0020000000000000347,0.015777339503201794,0.014498889964135453,0.002000000000000049,0.0030000000000000144
252,100,100,1,0.001000000000000022,0.0020000000000000217,0.0009999999999999998,0.14249470680820073,0.1434091875193919,0.13773865101365215,0.13485457339663726,0.001000000000000022,0.0020000000000000217,0.002000000000000022,0.0030000000000000248
253,100,100,1,0.001000000000000068,0.0020000000000000287,0.0009999999999999608,0.04754997680290348,0.046429836319180934,0.03665529079607796,0.034370142496572255,0.001000000000000068,0.002000000000000067,0.0020000000000000287,0.0030000000000000283
254,111,111,1,0.003000000000000091,0.056688182306389306,0.053688182306389214,0.3254410297832684,0.2917635037543255,0.25432232399224675,0.21416877113357038,0.16603944514919303,0.056688182306389306,0.11606065873695807,0.003000000000000091
255,100,100,1,0.0010000000000000163,0.002000000000000007,0.0009999999999999907,0.005794637256594353,0.00675694964460441,0.005468571356781542,0.006413106252874645,0.0010000000000000163,0.002000000000000016,0.002000000000000007,0.003000000000000008
256,100,100,1,0.0010000000000000074,0.002000000000000003,0.0009999999999999957,0.011344266311968531,0.012290562030938507,0.00605939343903059,0.006756714025871216,0.0010000000000000074,0.0020000000000000074,0.002000000000000003,0.0030000000000000035
257,111,111,1,0.0030000000000000955,0.010087112943730315,0.007087112943730219,0.1238476663940979,0.12106259198609282,0.06439983059177065,0.06520564703445318,0.04047235394202915,0.022682188531549283,0.010087112943730315,0.0030000000000000955
258,000,000,1,0.0,0.001,0.001,0.0,0.001,0.001,0.002,0.001,0.002,0.002,0.003
259,011,011,1,0.0020000000000001557,0.0030000000000001345,0.0009999999999999788,0.0920152129469894,0.05723940865979888,0.04425445698232591,0.0020000000000001557,0.09131400046448129,0.0575856331388274,0.03900805978275829,0.0030000000000001345
260,110,110,1,0.002000000000000045,0.003000000000000038,0.0009999999999999926,0.2185839921711926,0.19371317904259755,0.13971952326600526,0.11966099126759015,0.024156790096798886,0.02506887790217137,0.002000000000000045,0.003000000000000038
261,011,011,1,0.0020000000000001523,0.003000000000000149,0.0009999999999999966,0.15857814440073706,0.08555340295644435,0.07716100614632194,0.0020000000000001523,0.12783657646285881,0.07872689831973693,0.06939479420546497,0.003000000000000149
262,111,111,1,0.0030000000000003366,0.015973393309185183,0.012973393309184848,0.21697347211559434,0.06616803593443212,0.15644112132736968,0.03485083078996742,0.13553293168238323,0.015973393309185183,0.10225822609365533,0.0030000000000003366
263,010,010,1,0.0010000000000000338,0.0020000000000000317,0.0009999999999999979,0.011156412626590848,0.011157648782694284,0.0010000000000000338,0.0020000000000000326,0.007435977226879369,0.007643160645881649,0.0020000000000000317,0.0030000000000000387
264,011,011,1,0.0020000000000007477,0.0030000000000007295,0.0009999999999999818,0.3002030552837684,0.27994887580787337,0.034771049618379596,0.0020000000000007477,0.29994981633100276,0.27975295822650487,0.03575695127529282,0.0030000000000007295
265,110,110,1,0.002000000000000661,0.003000000000000509,0.0009999999999998482,0.2809290612605005,0.23606403563626022,0.19445376525700872,0.1839069371064732,0.03693026971449557,0.03268893473621414,0.002000000000000661,0.003000000000000509
266,110,110,1,0.002000000000000173,0.003000000000000006,0.000999999999999833,0.14721132440819937,0.14817979078334562,0.005476390937840893,0.005766780036577171,0.14043563923861674,0.13931084890071765,0.002000000000000173,0.003000000000000006
267,110,110,1,0.002000000000000221,0.0030000000000001614,0.0009999999999999406,0.07501499204323493,0.024776995522796663,0.0389509288290898,0.02577455595630216,0.06337722736882417,0.01989450330636299,0.002000000000000221,0.0030000000000001614
268,100,100,1,0.0010000000000000427,0.002000000000000039,0.0009999999999999963,0.13054530783620355,0.131309261451322,0.12889114164075927,0.12793474903326538,0.0010000000000000427,0.002000000000000039,0.0020000000000000425,0.0030000000000000382
269,011,011,1,0.002000000000000174,0.003000000000000091,0.0009999999999999172,0.3106009336220647,0.19735430472835547,0.07487464046866987,0.002000000000000174,0.302980343263844,0.19696840675396335,0.06456513852767744,0.003000000000000091
270,000,000,1,0.0,0.001,0.001,0.0,0.001,0.001,0.002,0.001,0.002,0.002,0.003
271,111,111,1,0.003000000000000054,0.004552571154343009,0.001552571154342955,0.25149952401460823,0.1268539179358403,0.01649443224361719,0.015915558670103438,0.21418432220992842,0.036704285476523574,0.004552571154343009,0.003000000000000054
272,111,111,1,0.0030000000000000655,0.01993148121572485,0.016931481215724783,0.18989129032876584,0.07736554085571241,0.1216626324566323,0.029125560158319373,0.07498000993307904,0.050532926783459935,0.01993148121572485,0.0030000000000000655
273,110,110,1,0.0020000000000000816,0.0030000000000000603,0.0009999999999999788,0.07145218787791131,0.054855588812033174,0.003371223198743626,0.004340559415776294,0.07222037167361699,0.05577837767178884,0.0020000000000000816,0.0030000000000000603
274,110,110,1,0.002000000000000033,0.0030000000000000187,0.0009999999999999857,0.05992875490900249,0.0529983495378478,0.03293513164119701,0.030702165087856566,0.01177269445297013,0.012675840030988842,0.002000000000000033,0.0030000000000000187
275,111,111,1,0.0030000000000001133,0.017915712396018565,0.014915712396018452,0.15869523294644036,0.1596251833287164,0.13330780293036631,0.13264453202135992,0.08825588349980086,0.08575852763865693,0.017915712396018565,0.0030000000000001133
276,011,011,1,0.002000000000000036,0.0030000000000000174,0.0009999999999999814,0.06577499996475485,0.04575317252591176,0.008560222597823585,0.002000000000000036,0.044747206541683175,0.030872176881114453,0.009471752705951941,0.0030000000000000174
277,010,010,1,0.0010000000000001332,0.002000000000000107,0.000999999999999974,0.10389521133902535,0.08395227316144971,0.0010000000000001332,0.00200000000000012,0.10052932440422363,0.08152215174209707,0.002000000000000107,0.0030000000000001002
278,011,011,1,0.002000000000000185,0.003000000000000169,0.0009999999999999844,0.047890008111299176,0.032389259799101434,0.03627746074206276,0.002000000000000185,0.032609434106492544,0.023288292985366874,0.029956035489665536,0.003000000000000169
279,100,100,1,0.0010000000000000098,0.0013674666751048448,0.000367466675104835,0.0013674666751048448,0.0020571816010812793,0.0023673739246632677,0.0030560642697867813,0.0010000000000000098,0.00200000000000001,0.002000000000000009,0.003000000000000006
280,110,110,1,0.002000000000000072,0.0030000000000000725,0.0010000000000000005,0.12174879940258738,0.0944559163293721,0.04585802711495105,0.046837284032367914,0.08186133104874754,0.05034028879671552,0.002000000000000072,0.0030000000000000725
281,111,111,1,0.0030000000000006775,0.009583394829188185,0.006583394829187508,0.24824833439516994,0.24914017739105485,0.06442936970712998,0.039164831703929,0.15789388763918788,0.15502577758564054,0.009583394829188185,0.0030000000000006775
282,100,100,1,0.0010000000000000304,0.0020000000000000282,0.0009999999999999979,0.06713996216030173,0.041743207346375356,0.06501457582265946,0.04068181285544655,0.0010000000000000304,0.002000000000000029,0.0020000000000000282,0.003000000000000036
283,100,100,1,0.0010000000000000018,0.0020000000000000018,0.001,0.027675819168170357,0.028675095356763398,0.02623609122164026,0.02580636638251503,0.0010000000000000018,0.0020000000000000018,0.0020000000000000018,0.0030000000000000027
284,001,001,1,0.0010000000000000018,0.0020000000000000018,0.001,0.00661892880457898,0.0010000000000000018,0.007618925809421749,0.0020000000000000065,0.007575673578555374,0.0020000000000000018,0.00857380318909053,0.003000000000000004
285,111,111,1,0.00300000000000023,0.01837347121231135,0.015373471212311121,0.2888136830872656,0.27122084113402983,0.07868692017732222,0.01837347121231135,0.18382355313498208,0.18433646252478816,0.024745932999744466,0.00300000000000023
286,010,010,1,0.0010000000000000484,0.002000000000000023,0.0009999999999999747,0.038775904885665326,0.03343908178961278,0.0010000000000000484,0.0020000000000000425,0.03535101717905199,0.029801441714049935,0.002000000000000023,0.0030000000000000074
287,010,010,1,0.0010000000000000063,0.0020000000000000057,0.0009999999999999994,0.0030470629197365865,0.004025112090168304,0.0010000000000000063,0.0020000000000000057,0.003003834823396617,0.004000278592190501,0.002000000000000006,0.0030000000000000083
288,111,111,1,0.003000000000000012,0.025081249831427045,0.022081249831427032,0.1543644965376825,0.1540360441087942,0.11814483812945843,0.10654088570839472,0.04073009785348831,0.025081249831427045,0.031314907666755286,0.003000000000000012
289,110,110,1,0.0020000000000004255,0.0030000000000003487,0.0009999999999999233,0.14145890171594336,0.13366277215324415,0.010194111435970023,0.011194008998996051,0.13643150879736857,0.1286790340683729,0.0020000000000004255,0.0030000000000003487
290,110,110,1,0.002000000000000025,0.0030000000000000274,0.0010000000000000022,0.14392141517359752,0.07048532481060972,0.005234205859009224,0.00620667538119462,0.13422279770337267,0.06880451128002706,0.002000000000000025,0.0030000000000000274
291,010,010,1,0.0010000000000000165,0.002000000000000014,0.0009999999999999974,0.052352501006674636,0.05334840750632669,0.0010000000000000165,0.002000000000000016,0.01671106927464744,0.0175762514975285,0.002000000000000014,0.0030000000000000144
292,000,000,1,0.0,0.001,0.001,0.0,0.001,0.001,0.002,0.001,0.002,0.002,0.003
293,000,000,1,0.0,0.001,0.001,0.0,0.001,0.001,0.002,0.001,0.002,0.002,0.003
294,011,011,1,0.002000000000000709,0.003000000000000692,0.0009999999999999827,0.1809141643464842,0.04978745441166755,0.08752555942412464,0.002000000000000709,0.18162207848412446,0.04852405510145038,0.08662365493278036,0.003000000000000692
295,100,100,1,0.001000000000000061,0.0020000000000000386,0.0009999999999999777,0.030340832418157476,0.025241489782011312,0.02859917906682045,0.025186613562592455,0.001000000000000061,0.0020000000000000564,0.0020000000000000386,0.0030000000000000313
296,000,000,1,0.0,0.001,0.001,0.0,0.001,0.001,0.002,0.001,0.002,0.002,0.003
297,111,111,1,0.003000000000000222,0.05123516427753646,0.048235164277536234,0.16800876011854413,0.0895907806841173,0.12278851674339836,0.05123516427753646,0.1526765535658298,0.08219157541371228,0.06072141698057631,0.003000000000000222
298,011,011,1,0.0020000000000001293,0.0030000000000001293,0.001,0.04456289846883125,0.02692836422861745,0.03660331199293843,0.0020000000000001293,0.04339767394847353,0.026478717827333347,0.03673009821797425,0.0030000000000001293
299,011,011,1,0.002000000000000279,0.0030000000000002143,0.0009999999999999354,0.2963536327344512,0.24005351187888932,0.08163106910114694,0.002000000000000279,0.29724751785040954,0.240256995685454,0.08090719868789739,0.0030000000000002143
300,111,111,1,0.0030000000000000478,0.016032633290027406,0.013032633290027358,0.14240462775407978,0.1384528867241471,0.04326205653805396,0.021166936943669,0.0785906275258871,0.07627516439124864,0.016032633290027406,0.0030000000000000478
301,010,010,1,0.0010000000000000217,0.0020000000000000113,0.0009999999999999896,0.03797254582956849,0.03888793372824185,0.0010000000000000217,0.0020000000000000217,0.03823723193309305,0.0391724569722944,0.0020000000000000113,0.0030000000000000113
302,110,110,1,0.002000000000000027,0.0030000000000000265,0.0009999999999999996,0.011993448819247089,0.012836135241954844,0.00856742143204385,0.009185585275459159,0.01276158427001969,0.013657892371263724,0.002000000000000027,0.0030000000000000265
303,110,110,1,0.002000000000000057,0.003000000000000057,0.001,0.0581904186038139,0.05909487866110399,0.019677300120991597,0.01662779477567916,0.034194120587088116,0.029534418575192886,0.002000000000000057,0.003000000000000057
304,010,010,1,0.001000000000000198,0.0020000000000001262,0.0009999999999999282,0.041302210935044464,0.03810489397052292,0.001000000000000198,0.0020000000000001497,0.02468099174635663,0.02359703975648434,0.0020000000000001262,0.0030000000000000777
305,111,111,1,0.0030000000000006575,0.010902985726366719,0.007902985726366062,0.1416312696857305,0.060922021483294696,0.12906098837830268,0.010902985726366719,0.13524779078632573,0.05921251245696409,0.1286292841955131,0.0030000000000006575
306,111,111,1,0.003000000000000015,0.021004863686620474,0.018004863686620458,0.26548472682408447,0.2647552495866146,0.16260294151387486,0.10303213845624153,0.19202193227416975,0.18856082282375478,0.021004863686620474,0.003000000000000015
307,000,000,1,0.0,0.001,0.001,0.0,0.001,0.001,0.002,0.001,0.002,0.002,0.003
308,010,010,1,0.0010000000000000807,0.002000000000000072,0.0009999999999999913,0.13994425241670427,0.11993827963416255,0.0010000000000000807,0.002000000000000077,0.12823100167744797,0.096141179599238,0.002000000000000072,0.003000000000000071
309,100,100,1,0.0010000000000000451,0.002000000000000039,0.000999999999999994,0.03607200785769705,0.036226751381640464,0.026018535737050128,0.02651343991293075,0.0010000000000000451,0.002000000000000039,0.0020000000000000425,0.003000000000000036
310,111,111,1,0.0030000000000001957,0.054782844052496206,0.05178284405249601,0.5513438146360113,0.12028743534362801,0.47721574761825714,0.08379886998056991,0.1979739135821785,0.054782844052496206,0.10445258041505906,0.0030000000000001957
311,110,110,1,0.0020000000000002507,0.0030000000000002373,0.0009999999999999866,0.20806509922622343,0.1747552839992521,0.1956886426462903,0.17565251222131986,0.048369615604325226,0.034095186620606094,0.0020000000000002507,0.0030000000000002373
312,111,111,1,0.0030000000000000955,0.006854985262914164,0.003854985262914068,0.06045100101281891,0.05987279627873182,0.017714529107316825,0.006854985262914164,0.05284674643537485,0.05239894404090656,0.01291768999069693,0.0030000000000000955
313,100,100,1,0.0010000000000002021,0.0020000000000001657,0.0009999999999999636,0.053714711238397515,0.054152650233279566,0.05012023459867531,0.0502364125313968,0.0010000000000002021,0.0020000000000001657,0.0020000000000001887,0.003000000000000147
314,110,110,1,0.0020000000000000417,0.0030000000000000274,0.0009999999999999857,0.08896460374253516,0.05281984686898583,0.06941360226282454,0.052048843998405904,0.03633405369997813,0.013329938269022342,0.0020000000000000417,0.0030000000000000274
315,001,001,1,0.0010000000000000865,0.002000000000000068,0.0009999999999999816,0.0770030473426283,0.0010000000000000865,0.07799731829341695,0.002000000000000068,0.0771778619636251,0.0020000000000000846,0.07812249339051193,0.003000000000000062
316,100,100,1,0.001000000000000321,0.00200000000000018,0.000999999999999859,0.14491560799849793,0.14394322423533956,0.13433917930798292,0.1336971392369755,0.001000000000000321,0.0020000000000003084,0.00200000000000018,0.00300000000000017
317,011,011,1,0.002000000000000043,0.0030000000000000157,0.0009999999999999727,0.16197169030827338,0.07770542361242529,0.12278680058299052,0.002000000000000043,0.1342351128682199,0.07188792252992598,0.10627555924777492,0.0030000000000000157
318,111,111,1,0.003000000000000138,0.024268710092921073,0.021268710092920935,0.08776275068762747,0.0642053655003226,0.03351830778928558,0.027162589485326287,0.07383345424358481,0.025373643002810947,0.024268710092921073,0.003000000000000138
319,110,110,1,0.0020000000000000135,0.0030000000000000165,0.001000000000000003,0.053090593716673774,0.05360754673967103,0.005108564226982872,0.006038422454974124,0.05374078801780834,0.05434195523638372,0.0020000000000000135,0.0030000000000000165
320,111,111,1,0.0030000000000001414,0.03526812190923579,0.03226812190923565,0.25360569567002494,0.25358741579599947,0.06355725140961839,0.03526812190923579,0.1546635579755633,0.15178558186001057,0.03973151839470523,0.0030000000000001414
321,001,001,1,0.001000000000000077,0.00200000000000005,0.000999999999999973,0.051051402435746684,0.001000000000000077,0.046276329601401815,0.0020000000000000547,0.041354966693458756,0.00200000000000005,0.033284545734071344,0.0030000000000000417
322,001,001,1,0.001000000000000053,0.0020000000000000334,0.0009999999999999805,0.02180916674116995,0.001000000000000053,0.01892314040890686,0.0020000000000000334,0.017115358633933746,0.0020000000000000412,0.016246353310523102,0.0030000000000000196
323,111,111,1,0.003000000000000013,0.013099941261105044,0.010099941261105031,0.1398609763041246,0.09504446225519057,0.07302715774006314,0.013099941261105044,0.10516630646666543,0.05604942046507316,0.06345834861742639,0.003000000000000013
324,011,011,1,0.0020000000000000595,0.003000000000000056,0.0009999999999999966,0.15809724918936732,0.15585075301756568,0.03181669981217965,0.0020000000000000595,0.15116486361980502,0.15065337220570704,0.03258779530109243,0.003000000000000056
325,111,111,1,0.0030000000000012256,0.018587123995370887,0.015587123995369661,0.24004618788774548,0.18738878296065567,0.05600951982207591,0.025104655517243515,0.238057703351353,0.18585964712546013,0.018587123995370887,0.0030000000000012256
326,110,110,1,0.0020000000000001982,0.003000000000000127,0.000999999999999929,0.06250029476062992,0.06241822777078034,0.011340275581034082,0.012104239542344984,0.028941213089100453,0.02784183062799621,0.0020000000000001982,0.003000000000000127
327,011,011,1,0.0020000000000003,0.003000000000000023,0.000999999999999723,0.38110158784419906,0.31434199126363377,0.1311143799711759,0.0020000000000003,0.3242134335623647,0.2737547748299673,0.12537832266632132,0.003000000000000023
328,001,001,1,0.0010000000000000982,0.0020000000000000616,0.0009999999999999634,0.09084754752257977,0.0010000000000000982,0.09173909858998258,0.0020000000000000616,0.08820479755040411,0.0020000000000000955,0.08872400840743609,0.003000000000000034
329,010,010,1,0.001000000000000252,0.0020000000000001943,0.0009999999999999423,0.08552253196290227,0.0861144241779191,0.001000000000000252,0.0020000000000002433,0.07251390675994474,0.07264880010923161,0.0020000000000001943,0.0030000000000001475
330,001,001,1,0.0010000000000008878,0.002000000000000709,0.0009999999999998213,0.1932454361444683,0.0010000000000008878,0.18468970281499156,0.002000000000000866,0.19080159640170688,0.002000000000000709,0.18207948336837285,0.003000000000000692
331,111,111,1,0.0030000000000008193,0.0072478937369401504,0.004247893736939332,0.3456111506625583,0.34547669020260924,0.33195171076495616,0.33292242456454163,0.04382163439638975,0.0072478937369401504,0.04416957211921596,0.0030000000000008193
332,100,100,1,0.0010000000000181793,0.0014466264180378375,0.00044662641801965827,0.0014466264180378375,0.0024258613986892236,0.0023379630599112506,0.003313183040986399,0.0010000000000181793,0.002000000000000004,0.002000000000000003,0.003000000000000003
333,100,100,1,0.0010000000000000159,0.002000000000000008,0.000999999999999992,0.01597566039427122,0.013596449801631681,0.01594362559608761,0.014372583370229397,0.0010000000000000159,0.002000000000000015,0.002000000000000008,0.0030000000000000053
334,011,011,1,0.0020000000000010443,0.003000000000000699,0.0009999999999996548,0.22199706788448278,0.008940107865804833,0.2123846284709879,0.0020000000000010443,0.1941596647577837,0.009386069089151225,0.18282719912179637,0.003000000000000699
335,010,010,1,0.0010000000000002162,0.0020000000000002034,0.0009999999999999872,0.05121967075303446,0.04580445054447572,0.0010000000000002162,0.0020000000000002034,0.05217922960585788,0.04678726530568681,0.0020000000000002104,0.0030000000000001957
336,110,110,1,0.002000000000000028,0.0030000000000000256,0.0009999999999999979,0.1064349441890126,0.10523736606117685,0.06154135807305017,0.058400248250694654,0.06693493573389266,0.06777700690117432,0.002000000000000028,0.0030000000000000256
337,100,100,1,0.0010000000000000737,0.002000000000000055,0.0009999999999999814,0.026862575818154582,0.027862465654923202,0.024221345555356624,0.024545366697804077,0.0010000000000000737,0.002000000000000069,0.002000000000000055,0.0030000000000000547
338,001,001,1,0.0010000000000000599,0.002000000000000006,0.0009999999999999462,0.04781256114395904,0.0010000000000000599,0.04800733129720259,0.0020000000000000595,0.037721246916099495,0.002000000000000006,0.03731794404886564,0.0030000000000000027
339,001,001,1,0.0010000000000000666,0.002000000000000059,0.0009999999999999924,0.1477897056204063,0.0010000000000000666,0.12606411116628516,0.002000000000000059,0.14766612281554556,0.0020000000000000655,0.12706059278968845,0.003000000000000059
340,001,001,1,0.0010000000000000618,0.0020000000000000577,0.000999999999999996,0.028087918590441435,0.0010000000000000618,0.01612119352235721,0.002000000000000059,0.026034756929561895,0.0020000000000000577,0.01481279851527606,0.003000000000000056
341,000,000,1,0.0,0.001,0.001,0.0,0.001,0.001,0.002,0.001,0.002,0.002,0.003
342,100,100,1,0.0010000000000000649,0.002000000000000037,0.000999999999999972,0.020600556888302254,0.020367938120347935,0.017710941758645342,0.01826043392177594,0.0010000000000000649,0.0020000000000000573,0.002000000000000037,0.003000000000000023
343,011,011,1,0.0020000000000003045,0.003000000000000071,0.0009999999999997667,0.21099156928975873,0.1466126054224083,0.016682285573031756,0.0020000000000003045,0.18115649099954478,0.11966557376847357,0.017653738330600084,0.003000000000000071
344,010,010,1,0.0010000000000006154,0.002000000000000582,0.0009999999999999666,0.4547797453158105,0.3362672379076329,0.0010000000000006154,0.002000000000000614,0.44411993755780854,0.33314031937875094,0.002000000000000582,0.0030000000000005803
345,100,100,1,0.0010000000000000538,0.002000000000000046,0.0009999999999999922,0.064336667661655,0.06512078408018235,0.06317834970812368,0.06348779859045589,0.0010000000000000538,0.002000000000000046,0.0020000000000000525,0.003000000000000068
346,011,011,1,0.0020000000000000885,0.003000000000000075,0.0009999999999999866,0.05492375101560915,0.05287849198283217,0.010316594835751435,0.0020000000000000885,0.055004829799032685,0.05214129478565738,0.010269093135688672,0.003000000000000075
347,111,111,1,0.0030000000000016845,0.03154121307958199,0.028541213079580307,0.5099399337109325,0.25272865327260924,0.4201430617264295,0.14098745618092415,0.056719493877502525,0.03154121307958199,0.047436840350344234,0.0030000000000016845
348,111,111,1,0.003000000000000063,0.008822513953178852,0.005822513953178789,0.2736957262190207,0.15927994920583607,0.06831229149149635,0.05925015713283028,0.15151817435536433,0.008822513953178852,0.04745419702968501,0.003000000000000063
349,111,111,1,0.003000000000000057,0.03701034010202387,0.03401034010202381,0.14303043363421983,0.07771720086747252,0.06401130012105356,0.03701034010202387,0.12683134375257296,0.040781177018209915,0.04219292829498809,0.003000000000000057
350,010,010,1,0.001000000000000009,0.002000000000000008,0.000999999999999999,0.0031031146503177273,0.003211959769000313,0.001000000000000009,0.002000000000000008,0.0029197568792685147,0.0032275912647307167,0.0020000000000000083,0.0030000000000000074
351,100,100,1,0.0010000000000000234,0.002000000000000015,0.0009999999999999913,0.05214474468829383,0.03938691691041659,0.05281108756025854,0.04031255637708792,0.0010000000000000234,0.002000000000000023,0.002000000000000015,0.003000000000000015
352,000,000,1,0.0,0.001,0.001,0.0,0.001,0.001,0.002,0.001,0.002,0.002,0.003
353,100,100,1,0.00100000000000002,0.002000000000000019,0.0009999999999999992,0.02641615248422033,0.02729421998243135,0.027218845292521773,0.02756840946969249,0.00100000000000002,0.002000000000000019,0.00200000000000002,0.0030000000000000183
354,100,100,1,0.001000000000000111,0.002000000000000099,0.0009999999999999879,0.02217652746630176,0.023148870373274413,0.02271550029993272,0.023351585150229406,0.001000000000000111,0.002000000000000099,0.002000000000000099,0.00300000000000073
355,000,000,1,0.0,0.001,0.001,0.0,0.001,0.001,0.002,0.001,0.002,0.002,0.003
356,100,100,1,0.0010000000000000386,0.0020000000000000334,0.0009999999999999948,0.02074963523583606,0.021499095706374833,0.02064412920076934,0.021624863098829404,0.0010000000000000386,0.0020000000000000343,0.0020000000000000334,0.003000000000000016
357,100,100,1,0.0010000000000000202,0.00200000000000002,0.0009999999999999998,0.014236540731194597,0.015236487809490298,0.011410370023661461,0.012283641528667177,0.0010000000000000202,0.00200000000000002,0.002000000000000022,0.00300000000000002
358,100,100,1,0.0010000000000000037,0.0020000000000000018,0.000999999999999998,0.04263294951589386,0.043632433527668,0.043499409989323355,0.04445996326042347,0.0010000000000000037,0.0020000000000000035,0.0020000000000000018,0.003000000000000002
359,011,011,1,0.0020000000000001367,0.003000000000000097,0.0009999999999999606,0.05138835748760553,0.04684436227235183,0.032824589600057234,0.0020000000000001367,0.047212894429640745,0.04669603501831185,0.022956780794484065,0.003000000000000097
360,011,011,1,0.0020000000000006918,0.0030000000000004958,0.000999999999999804,0.4868513217948784,0.07136559752531123,0.2361921334568734,0.0020000000000006918,0.46385592095996125,0.06975123846032087,0.20834396177761183,0.0030000000000004958
361,110,110,1,0.00200000000000009,0.003000000000000069,0.0009999999999999792,0.3145643254842821,0.2136980768694967,0.021046992563744777,0.0174627771845161,0.31407595718459264,0.19579909092948866,0.00200000000000009,0.003000000000000069
362,010,010,1,0.0010000000000002327,0.0020000000000002286,0.000999999999999996,0.058922631251476974,0.04704468408048801,0.0010000000000002327,0.0020000000000002303,0.05830540791574057,0.04625692564403133,0.0020000000000002286,0.0030000000000002256
363,000,000,1,0.0,0.001,0.001,0.0,0.001,0.001,0.002,0.001,0.002,0.002,0.003
364,001,001,1,0.0010000000000005105,0.002000000000000414,0.0009999999999999037,0.0750911863842139,0.0010000000000005105,0.07575914782377006,0.002000000000000488,0.06836903077053365,0.002000000000000414,0.06930100688392206,0.0030000000000003535
365,011,011,1,0.002000000000000435,0.0030000000000004225,0.0009999999999999874,0.1682158313412825,0.09743901008550038,0.021589420718739285,0.002000000000000435,0.1573769477095442,0.09470546580970145,0.02189991823977956,0.0030000000000004225
366,100,100,1,0.0010000000000000302,0.002000000000000028,0.0009999999999999976,0.030889610201423997,0.03181965128212484,0.03162571471820037,0.032624241573389876,0.0010000000000000302,0.002000000000000028,0.00200000000000003,0.0030000000000000304
367,001,001,1,0.0010000000000000054,0.0020000000000000057,0.0010000000000000002,0.1358903777604236,0.0010000000000000054,0.13501869383795903,0.0020000000000000057,0.13620364275509278,0.0020000000000000057,0.13572914898921204,0.0030000000000000057
368,111,111,1,0.0030000000000000126,0.04587406229330892,0.04287406229330891,0.2773125273649777,0.1681231278556208,0.17364039045566929,0.09211192243551392,0.1028014431179022,0.04587406229330892,0.05310027634578493,0.0030000000000000126
369,001,001,1,0.0010000000000000865,0.0020000000000000196,0.000999999999999933,0.06308140435956622,0.0010000000000000865,0.027665013662140178,0.0020000000000000196,0.06210153242248628,0.0020000000000000824,0.028461028765179947,0.0030000000000000144
370,011,011,1,0.0020000000000002147,0.003000000000000186,0.0009999999999999714,0.18910067150739587,0.02627233282635652,0.061823480859336234,0.0020000000000002147,0.1900522049723181,0.02615118205465619,0.060497226105509457,0.003000000000000186
371,001,001,1,0.0010000000000000473,0.0020000000000000347,0.0009999999999999874,0.03706346058042742,0.0010000000000000473,0.02721632400942378,0.002000000000000046,0.03734001849642087,0.0020000000000000347,0.028155088595435918,0.0030000000000000382
372,001,001,1,0.0010000000000000271,0.0020000000000000235,0.0009999999999999963,0.0044169741776560745,0.0010000000000000271,0.003982825282392761,0.0020000000000000235,0.005274527060808361,0.0020000000000000274,0.004944866559751139,0.003000000000000024
373,110,110,1,0.0020000000000002893,0.003000000000000201,0.0009999999999999115,0.07374436619165152,0.07471880317731659,0.004881025846163723,0.005651678839849204,0.07033378628343617,0.07124873831113061,0.0020000000000002893,0.003000000000000201
374,001,001,1,0.0010000000000000933,0.002000000000000086,0.0009999999999999926,0.09847380929332443,0.0010000000000000933,0.08547323091414517,0.0020000000000000924,0.09835672577117116,0.002000000000000086,0.07648257040387116,0.0030000000000000703
375,110,110,1,0.002000000000000069,0.003000000000000069,0.001,0.1757949667853701,0.17434445235587392,0.1655523787614444,0.15006471015799971,0.010770706688427407,0.010148578109797184,0.002000000000000069,0.003000000000000069
376,100,100,1,0.0010000000000000015,0.0020000000000000013,0.0009999999999999998,0.002742844503847114,0.003166315365416055,0.0036136534209342116,0.0040255520393486545,0.0010000000000000015,0.0020000000000000013,0.0020000000000000013,0.0030000000000000074
377,001,001,1,0.0010000000000003118,0.0020000000000002026,0.0009999999999998907,0.046061874927484044,0.0010000000000003118,0.03229075234504427,0.0020000000000002225,0.04001883426316019,0.0020000000000002026,0.030720753477464342,0.003000000000000093
378,100,100,1,0.0010000000000000525,0.0020000000000000104,0.000999999999999958,0.030484845447681524,0.02957935040641485,0.0296539931386498,0.028100684041464888,0.0010000000000000525,0.0020000000000000508,0.0020000000000000104,0.003000000000000003
379,001,001,1,0.001000000000000008,0.0020000000000000074,0.0009999999999999994,0.040323488728026914,0.001000000000000008,0.03243271557992503,0.002000000000000008,0.0410317997037233,0.0020000000000000074,0.031321794567316465,0.003000000000000008
380,000,000,1,0.0,0.001,0.001,0.0,0.001,0.001,0.002,0.001,0.002,0.002,0.003
381,110,110,1,0.002000000000000549,0.0030000000000004407,0.0009999999999998916,0.42740772161041224,0.40709027341173,0.10237694612926662,0.102815136399158,0.3781261461475388,0.3453857096872763,0.002000000000000549,0.0030000000000004407
382,010,010,1,0.0010000000000000048,0.0020000000000000026,0.0009999999999999979,0.02251864025768065,0.02058942720459822,0.0010000000000000048,0.0020000000000000026,0.01391650081275439,0.011388320141451134,0.002000000000000005,0.0030000000000000035
383,010,010,1,0.0010000000000000063,0.002000000000000001,0.0009999999999999946,0.016045695285172256,0.013769435028736891,0.0010000000000000063,0.0020000000000000074,0.016660534247790217,0.014380694912263108,0.002000000000000001,0.003
384,001,001,1,0.0010000000000001449,0.0020000000000000937,0.0009999999999999488,0.0461402815971777,0.0010000000000001449,0.04300417411479852,0.0020000000000000937,0.046291200137461797,0.002000000000000135,0.04391032617377103,0.003000000000000057
385,111,111,1,0.003000000000000155,0.010841558215692933,0.007841558215692778,0.07809797992212515,0.04409360232094122,0.03988661853151613,0.010841558215692933,0.07087506862736588,0.0418860435425954,0.03802375906767148,0.003000000000000155
386,011,011,1,0.002000000000000061,0.0030000000000000534,0.0009999999999999922,0.0391941405075289,0.019778208736773408,0.008350179957270921,0.002000000000000061,0.03599436163944975,0.01425899186566394,0.00895551145290318,0.0030000000000000534
387,010,010,1,0.0010000000000001193,0.0020000000000000764,0.000999999999999957,0.031226876947987203,0.023265400609090974,0.0010000000000001193,0.002000000000000111,0.028679913371684112,0.020809428390375098,0.0020000000000000764,0.0030000000000000603
388,100,100,1,0.0010000000000001616,0.00200000000000009,0.0009999999999999282,0.23089091485673588,0.13537357047526197,0.2310230292558693,0.12349034332874172,0.0010000000000001616,0.0020000000000001583,0.00200000000000009,0.003000000000000056
389,111,111,1,0.0030000000000003713,0.01290672156488931,0.009906721564888938,0.21696379328449025,0.21084891514273432,0.12523010228239517,0.09910438678230403,0.15127901261677804,0.15147921101454062,0.01290672156488931,0.0030000000000003713
390,100,100,1,0.001000000000000147,0.0020000000000001336,0.0009999999999999866,0.018866220474718913,0.019589105115801062,0.018064371139223108,0.018381381774040396,0.001000000000000147,0.0020000000000001336,0.0020000000000001354,0.003000000000000111
391,001,001,1,0.001000000000000329,0.002000000000000151,0.000999999999999822,0.216232884017152,0.001000000000000329,0.21590621473323723,0.002000000000000151,0.2168800809943294,0.0020000000000002724,0.21665377840640065,0.003000000000000077
392,100,100,1,0.0010000000000003008,0.002000000000000262,0.0009999999999999612,0.209294935341658,0.2101964817815691,0.20997591709469035,0.21037928080427024,0.0010000000000003008,0.002000000000000262,0.0020000000000003,0.0030000000000002516
393,010,010,1,0.0010000000000000054,0.0020000000000000035,0.000999999999999998,0.003872865195196418,0.004837231478026641,0.0010000000000000054,0.0020000000000000035,0.004853699264622483,0.005794811988161451,0.002000000000000005,0.003000000000000003
394,111,111,1,0.0030000000000006168,0.007478705157204759,0.004478705157204142,0.25962539450678546,0.16320122632797526,0.12581789325645873,0.007478705157204759,0.21470336170752488,0.11589002266093117,0.12080583198833506,0.0030000000000006168
395,100,100,1,0.0010000000000001904,0.0020000000000001627,0.0009999999999999723,0.0803962006355219,0.07010958244375891,0.07536387843894628,0.06351689826863703,0.0010000000000001904,0.0020000000000001627,0.0020000000000001883,0.0030000000000001627
396,001,001,1,0.0010000000000002364,0.002000000000000115,0.0009999999999998786,0.05559225484990483,0.0010000000000002364,0.05563694013529727,0.002000000000000236,0.05269414635986344,0.002000000000000115,0.05197868782079507,0.003000000000000113
397,010,010,1,0.0010000000000002112,0.0020000000000001995,0.0009999999999999883,0.12057170994293114,0.1056257233274035,0.0010000000000002112,0.0020000000000001995,0.11843179497926924,0.10585471736603645,0.002000000000000207,0.0030000000000001896
398,100,100,1,0.0010000000000000527,0.0020000000000000525,0.0009999999999999998,0.11302204368944241,0.10960779657409521,0.10940268762299427,0.10316863293749479,0.0010000000000000527,0.002000000000000136,0.0020000000000000525,0.0030000000000000495
399,100,100,1,0.0010000000000000573,0.0020000000000000547,0.0009999999999999974,0.01179194157245548,0.01180136145303783,0.011766863809324624,0.012526509668632736,0.0010000000000000573,0.0020000000000000547,0.002000000000000057,0.0030000000000000495
400,011,011,1,0.0020000000000009537,0.003000000000000267,0.0009999999999993135,0.16485174421464743,0.16549746761280537,0.019148645592089328,0.0020000000000009537,0.1607570318349182,0.16135181678712157,0.020044240275887498,0.003000000000000267
401,000,000,1,0.0,0.001,0.001,0.0,0.001,0.001,0.002,0.001,0.002,0.002,0.003
402,001,001,1,0.0010000000000001295,0.0020000000000000733,0.0009999999999999439,0.025121691162244025,0.0010000000000001295,0.02474722181817822,0.0020000000000000733,0.026035545896262863,0.002000000000000123,0.025585120287137685,0.0030000000000000708
403,110,110,1,0.0020000000000009433,0.0030000000000006306,0.0009999999999996873,0.1356747578004457,0.10243758014588798,0.03472878796700173,0.03566415493762467,0.0860889316527107,0.06235462864934713,0.0020000000000009433,0.0030000000000006306
404,010,010,1,0.0010000000000000143,0.0020000000000000052,0.000999999999999991,0.01903207580943908,0.017656028550482233,0.0010000000000000143,0.002000000000000014,0.0194198003071856,0.018461583166530238,0.0020000000000000052,0.0030000000000000053
405,111,111,1,0.0030000000000000265,0.008049558603481938,0.005049558603481911,0.043384610997343365,0.03800224956746888,0.01674927614496494,0.008049558603481938,0.04043708933057738,0.037985898348658974,0.017644640168461276,0.0030000000000000265
406,001,001,1,0.0010000000000000282,0.002000000000000026,0.0009999999999999979,0.15112762660983625,0.0010000000000000282,0.1443401405768504,0.002000000000000026,0.1413404158558451,0.002000000000000028,0.12343310402845571,0.003000000000000027
407,110,110,1,0.0020000000000000516,0.0030000000000000417,0.00099999999999999,0.1036282596641354,0.10432645355391662,0.031629664988148495,0.03140228384818546,0.09057889193874308,0.08987578118187368,0.0020000000000000516,0.0030000000000000417
408,110,110,1,0.002000000000000039,0.0030000000000000395,0.0010000000000000005,0.06278874649244509,0.05534563333440118,0.008879388377496172,0.009863391452868093,0.04592537120152948,0.039767630525376074,0.002000000000000039,0.0030000000000000395
409,100,100,1,0.0010000000000001071,0.0020000000000000716,0.0009999999999999645,0.060609803632944326,0.05594533926404941,0.05981966017227846,0.056010152297129835,0.0010000000000001071,0.0020000000000000716,0.0020000000000001076,0.003000000000000072
410,011,011,1,0.0020000000000000725,0.003000000000000044,0.0009999999999999714,0.2977257224737759,0.12913100990466678,0.13165362514527876,0.0020000000000000725,0.27077315256886153,0.1290625973961551,0.11622260405384266,0.003000000000000044
411,011,011,1,0.002000000000000239,0.003000000000000056,0.000999999999999817,0.36246557601002943,0.34888684280107846,0.014332290177821838,0.002000000000000239,0.3195452010719146,0.31773724777019874,0.012625260244508319,0.003000000000000056
412,011,011,1,0.002000000000000334,0.0030000000000003327,0.0009999999999999987,0.6866509072680588,0.4985646188188359,0.04231956171228033,0.002000000000000334,0.6808161954860511,0.494225390251843,0.03693646557214709,0.0030000000000003327
413,010,010,1,0.0010000000000001585,0.002000000000000118,0.0009999999999999595,0.13854736402014045,0.10817126147644669,0.0010000000000001585,0.0020000000000001583,0.13853753237021463,0.10020800616345127,0.002000000000000118,0.003000000000000116
414,111,111,1,0.0030000000000000595,0.014142159235960166,0.011142159235960106,0.10985116640542776,0.044111251673837996,0.09890035165810285,0.03105742107017953,0.10926289304067259,0.014142159235960166,0.09884521222111613,0.0030000000000000595
415,000,000,1,0.0,0.001,0.001,0.0,0.001,0.001,0.002,0.001,0.002,0.002,0.003
416,110,110,1,0.0020000000000001557,0.0030000000000001427,0.000999999999999987,0.09101744938430605,0.09199481795397653,0.07393215750817596,0.07040944789251352,0.01300418181281248,0.012350655026840553,0.0020000000000001557,0.0030000000000001427
417,000,000,1,0.0,0.001,0.001,0.0,0.001,0.001,0.002,0.001,0.002,0.002,0.003
418,110,110,1,0.002000000000000015,0.003000000000000013,0.0009999999999999983,0.2976526917254368,0.26161564961561085,0.04125374361810968,0.04224671715975166,0.2980316287040607,0.2601949562394148,0.002000000000000015,0.003000000000000013
419,110,110,1,0.0020000000000000595,0.003000000000000037,0.0009999999999999775,0.16815670354767645,0.15977875444378,0.026225554315427103,0.021955836482798488,0.15783330280335214,0.1316343150508682,0.0020000000000000595,0.003000000000000037
420,001,001,1,0.001000000000000043,0.0020000000000000412,0.0009999999999999983,0.023341854319731615,0.001000000000000043,0.02380495003252295,0.002000000000000106,0.02232003303018822,0.0020000000000000412,0.022638236295139683,0.003000000000000041
421,000,000,1,0.0,0.001,0.001,0.0,0.001,0.001,0.002,0.001,0.002,0.002,0.003
422,001,001,1,0.0010000000000000267,0.002000000000000023,0.0009999999999999963,0.0330399393591729,0.0010000000000000267,0.03403973678835454,0.0020000000000000265,0.02667976849300428,0.002000000000000023,0.027089591713407475,0.0030000000000000243
423,010,010,1,0.0010000000000000495,0.0020000000000000464,0.000999999999999997,0.052294017850409914,0.050791836602168884,0.0010000000000000495,0.0020000000000000464,0.0512082100372108,0.05145495301490426,0.0020000000000000495,0.0030000000000000447
424,100,100,1,0.0010000000000002028,0.002000000000000148,0.0009999999999999452,0.09478486073323318,0.09491497078786543,0.0881967762457997,0.08896654882907218,0.0010000000000002028,0.002000000000000148,0.002000000000000151,0.003000000000000133
425,110,110,1,0.0020000000000000464,0.00270827023715011,0.0007082702371500635,0.20635133240704728,0.0176948792599874,0.00270827023715011,0.003094017790828527,0.20502839495625502,0.01687093731366912,0.0020000000000000464,0.0030000000000000404
426,001,001,1,0.00100000000000001,0.002000000000000003,0.000999999999999993,0.025116217470216196,0.00100000000000001,0.025486844934012945,0.0020000000000000096,0.01671243796610827,0.002000000000000003,0.01769352792243257,0.0030000000000000014
427,001,001,1,0.0010000000000000104,0.0020000000000000104,0.001,0.018328140591247804,0.0010000000000000104,0.0192298254116486,0.002000000000000011,0.019326462644855387,0.0020000000000000104,0.02019682433818383,0.0030000000000000105
428,011,011,1,0.0020000000000001844,0.003000000000000164,0.0009999999999999796,0.08095243834672126,0.05413339378289853,0.03984558227869357,0.0020000000000001844,0.044121212443000914,0.02158205922398338,0.038057015093633434,0.003000000000000164
429,110,110,1,0.002000000000000124,0.0030000000000001245,0.0010000000000000005,0.10749581791313538,0.07893596718264102,0.07337948942597844,0.0579980904184274,0.04267123219538107,0.03890072598458148,0.002000000000000124,0.0030000000000001245
430,010,010,1,0.0010000000000001505,0.002000000000000136,0.0009999999999999853,0.08669578058561304,0.0876953541042697,0.0010000000000001505,0.002000000000000136,0.08343410326544592,0.0842917520359558,0.0020000000000001497,0.003000000000000136
431,001,001,1,0.0010000000000000367,0.0020000000000000287,0.000999999999999992,0.07523444786954951,0.0010000000000000367,0.07502453284121344,0.0020000000000000365,0.07205809582129967,0.0020000000000000287,0.07290143077129846,0.003000000000000026
432,001,001,1,0.0010000000000000087,0.002000000000000004,0.0009999999999999953,0.005767960191433056,0.0010000000000000087,0.006602181708653239,0.0020000000000000083,0.006081957488825262,0.002000000000000004,0.006992305648619783,0.0030000000000000035
433,001,001,1,0.0010000000000000438,0.002000000000000026,0.0009999999999999822,0.04206844828141426,0.0010000000000000438,0.04131279423102074,0.0020000000000000425,0.03002165231272931,0.002000000000000026,0.029082330593240696,0.003000000000000026
434,111,111,1,0.003000000000000641,0.06074948923003906,0.05774948923003842,0.4835961162548907,0.18027264007092436,0.33200360083185265,0.06074948923003906,0.27086644404494914,0.13789853818400535,0.10312295827908931,0.003000000000000641
435,011,011,1,0.0020000000000000443,0.0030000000000000074,0.0009999999999999632,0.08630375720490086,0.005483892285172662,0.04255504578891783,0.0020000000000000443,0.0857907949058962,0.005444473774148639,0.035856338582173373,0.0030000000000000074
436,001,001,1,0.0010000000000000464,0.0020000000000000378,0.0009999999999999913,0.058538631171941614,0.0010000000000000464,0.04814974528162914,0.0020000000000000378,0.05907319009202261,0.0020000000000000443,0.03707757724357711,0.0030000000000000287
437,010,010,1,0.0010000000000001455,0.0020000000000001046,0.000999999999999959,0.0648006002601601,0.059458513976037485,0.0010000000000001455,0.002000000000000114,0.06567285169583856,0.06032439910992004,0.0020000000000001046,0.003000000000000085
438,100,100,1,0.0010000000000000382,0.0020000000000000343,0.0009999999999999961,0.1020845170641328,0.10183273174700523,0.0996938911770236,0.08672143618794431,0.0010000000000000382,0.0020000000000000356,0.0020000000000000343,0.0030000000000000335
439,110,110,1,0.0020000000000001145,0.0030000000000000534,0.0009999999999999389,0.2939657880649866,0.28787583794749266,0.00885431818439721,0.009466078325344015,0.275151509854715,0.2654521185831689,0.0020000000000001145,0.0030000000000000534
440,011,011,1,0.0020000000000001397,0.0030000000000001336,0.000999999999999994,0.030208345087873206,0.03049955434233648,0.016508498207546563,0.0020000000000001397,0.024283205998048018,0.024856533191309815,0.011154482813978083,0.0030000000000001336
441,001,001,1,0.0010000000000000113,0.0020000000000000104,0.0009999999999999992,0.04058359954983861,0.0010000000000000113,0.01893813885977016,0.002000000000000012,0.04152783682259819,0.0020000000000000104,0.017843798334634273,0.0030000000000057745
442,011,011,1,0.002000000000000268,0.003000000000000268,0.001,0.2591417703804644,0.2140388956226612,0.15683013938313536,0.002000000000000268,0.24819759275750955,0.1966054127258332,0.1574669746460897,0.003000000000000268
443,000,000,1,0.0,0.001,0.001,0.0,0.001,0.001,0.002,0.001,0.002,0.002,0.003
444,100,100,1,0.0010000000000000904,0.002000000000000073,0.0009999999999999825,0.0932834959577783,0.08714115361070435,0.0876954377127322,0.08048864104656797,0.0010000000000000904,0.0020000000000000755,0.002000000000000073,0.003000000000000052
445,110,110,1,0.002000000000000035,0.0030000000000000287,0.0009999999999999935,0.04905110861200038,0.05002558468189685,0.03408791273961416,0.03470516539960589,0.03383364353161863,0.0341684107935827,0.002000000000000035,0.0030000000000000287
446,010,010,1,0.001000000000000286,0.002000000000000112,0.000999999999999826,0.03191394486160234,0.03204422357317393,0.001000000000000286,0.002000000000000112,0.0324238797532125,0.03296235848538238,0.0020000000000002863,0.0030000000000000517
447,100,100,1,0.0010000000000000325,0.0020000000000000304,0.0009999999999999979,0.021326048440193108,0.022308680864828415,0.021049290150385994,0.021637485856117106,0.0010000000000000325,0.002000000000000032,0.0020000000000000304,0.0030000000000000304
448,011,011,1,0.0020000000000009906,0.0030000000000009377,0.0009999999999999471,0.4522444927974938,0.38289330858034215,0.045990113757536144,0.0020000000000009906,0.38044969454558103,0.33714629370191496,0.044769734988615674,0.0030000000000009377
449,100,100,1,0.0010000000000000102,0.002000000000000008,0.0009999999999999976,0.006969369206602155,0.007951403070683254,0.007562033945810733,0.008495149124733965,0.0010000000000000102,0.00200000000000001,0.002000000000000008,0.003000000000000008
450,011,011,1,0.00200000000000002,0.003000000000000044,0.0010000000000000239,0.19636147431744078,0.10863608299810024,0.010856635586777335,0.00200000000000002,0.1968558166325831,0.10813316769015537,0.011717892830119949,0.003000000000000044
451,001,001,1,0.001000000000000161,0.0020000000000001406,0.0009999999999999796,0.06703940645719426,0.001000000000000161,0.0576341252796722,0.0020000000000001484,0.06390016683832138,0.0020000000000001406,0.05387061495062296,0.0030000000000001328
452,001,001,1,0.0010000000000001976,0.0020000000000000556,0.000999999999999858,0.04425259794660102,0.0010000000000001976,0.04354134976269644,0.002000000000000193,0.04293437908422135,0.0020000000000000556,0.042825625235693825,0.003000000000000069
453,010,010,1,0.0010000000000000132,0.0020000000000000052,0.000999999999999992,0.07881479827115549,0.07979709749701737,0.0010000000000000132,0.0020000000000000052,0.06582297024424767,0.06515195247799574,0.0020000000000000118,0.0030000000000000057
454,011,011,1,0.0020000000000000065,0.0030000000000000066,0.001,0.054180687346045885,0.04320306847783828,0.039194719240030346,0.0020000000000000065,0.053075484835664176,0.04256200815230146,0.03958650589518689,0.0030000000000000066
455,100,100,1,0.0010000000000001186,0.0020000000000000994,0.0009999999999999807,0.09699691474411655,0.09781091751927423,0.05165945363680852,0.04992642623887169,0.0010000000000001186,0.002000000000000117,0.0020000000000000994,0.003000000000000095
456,010,010,1,0.0010000000000000956,0.002000000000000059,0.0009999999999999634,0.05520362621434697,0.04951167228448115,0.0010000000000000956,0.0020000000000000803,0.04622179347848912,0.041217060385704496,0.002000000000000059,0.003000000000000047
457,010,010,1,0.001000000000000069,0.0020000000000000304,0.0009999999999999614,0.0576702867524509,0.038931758407492294,0.001000000000000069,0.0020000000000000304,0.05389686861476716,0.03942417565453723,0.0020000000000000634,0.003000000000000014
458,001,001,1,0.001000000000000005,0.002000000000000005,0.0009999999999999998,0.011197572501334204,0.001000000000000005,0.011970780176374405,0.002000000000000005,0.011354621258149945,0.002000000000000005,0.01130359331301548,0.003000000000000005
459,111,111,1,0.00300000000000009,0.02722985924214974,0.02422985924214965,0.23915693297830687,0.18070345840615018,0.11945220451834594,0.07834552629552478,0.08508644729636683,0.05198307974483824,0.02722985924214974,0.00300000000000009
460,001,001,1,0.001000000000000204,0.0020000000000001948,0.0009999999999999907,0.04896973513986352,0.001000000000000204,0.04901540855485414,0.0020000000000001948,0.04956187908181677,0.0020000000000002004,0.04996588260940946,0.0030000000000001813
461,001,001,1,0.001000000000000162,0.0020000000000000738,0.0009999999999999118,0.09302360274956845,0.001000000000000162,0.09281698508978302,0.0020000000000001614,0.09321316148501198,0.0020000000000000738,0.09287029666127174,0.0030000000000000716
462,011,011,1,0.002000000000000128,0.0030000000000001024,0.0009999999999999744,0.08643528922502279,0.08467137164361249,0.017034719149582173,0.002000000000000128,0.07192300587446719,0.06508702125520605,0.017834955092073376,0.0030000000000001024
463,111,111,1,0.0030000000000001107,0.01299499030283421,0.0099949903028341,0.16900753858787343,0.14133338266460674,0.03081443223665914,0.030973821558732684,0.16774525217318723,0.11957003296545643,0.01299499030283421,0.0030000000000001107
464,010,010,1,0.0010000000000002325,0.0020000000000001484,0.0009999999999999159,0.1655478094678748,0.1488730767716396,0.0010000000000002325,0.002000000000000232,0.1471859666500623,0.13688319731902013,0.0020000000000001484,0.003000000000000147
465,010,010,1,0.0010000000000000204,0.00200000000000002,0.0009999999999999996,0.06302871379614101,0.058711717477372166,0.0010000000000000204,0.00200000000000002,0.0635759073561825,0.05915028594223806,0.0020000000000000217,0.00300000000000002
466,010,010,1,0.0010000000000000145,0.0020000000000000113,0.0009999999999999968,0.02127248468408997,0.02213407775060205,0.0010000000000000145,0.0020000000000000113,0.02014587942793411,0.021124260365765313,0.002000000000000014,0.0030000000000000105
467,110,110,1,0.0020000000000002117,0.003000000000000169,0.0009999999999999575,0.1504448865523876,0.12530935399425114,0.02681408016419948,0.02754698198738008,0.14505387912218057,0.12073505046402049,0.0020000000000002117,0.003000000000000169
468,111,111,1,0.0030000000000001744,0.04736180763613981,0.04436180763613964,0.2787925890320623,0.18172279898609,0.26227942314308933,0.17046958166185688,0.12136328204330464,0.04736180763613981,0.06894390952630665,0.0030000000000001744
469,110,110,1,0.002000000000000205,0.003000000000000204,0.0009999999999999987,0.10218836709242761,0.038645626257013226,0.00538293304110736,0.005516311957798139,0.10254630814458505,0.03741585440860699,0.002000000000000205,0.003000000000000204
470,011,011,1,0.002000000000000017,0.002840566046546453,0.000840566046546436,0.01163913410922818,0.0033513572921182798,0.012302349661857712,0.002000000000000017,0.011626161361006752,0.002840566046546453,0.009907420585908695,0.0030000000000000165
471,110,110,1,0.00200000000000009,0.0030000000000000217,0.000999999999999932,0.22650716869670828,0.2273837255271474,0.0557113308705695,0.05137564544491483,0.09675957099847053,0.09316120005917265,0.00200000000000009,0.0030000000000000217
472,110,110,1,0.0020000000000001904,0.003000000000000065,0.0009999999999998747,0.09818415506629252,0.09918397630165414,0.05510683568545063,0.05610683568379348,0.04819506613890833,0.04919413374389555,0.0020000000000001904,0.003000000000000065
473,110,110,1,0.0020000000000000057,0.003000000000000229,0.0010000000000002234,0.03567399724134513,0.02590770513612249,0.020106324580543372,0.01252543504108659,0.035091347536169694,0.026886622761162757,0.0020000000000000057,0.003000000000000229
474,100,100,1,0.0010000000000000874,0.002000000000000057,0.0009999999999999694,0.18473002569493976,0.15663656855047856,0.18572861180127984,0.1562138457300726,0.0010000000000000874,0.002000000000000057,0.002000000000000087,0.0030000000000000556
475,010,010,1,0.0010000000000000132,0.0020000000000000126,0.0009999999999999994,0.04157842229167096,0.042407525202025606,0.0010000000000000132,0.0020000000000000126,0.04256421085275105,0.04332040744757883,0.002000000000000013,0.0030000000000000126
476,111,111,1,0.0030000000000001007,0.03137146632908942,0.028371466329089323,0.2297149628258215,0.2158393053515086,0.21504467308361933,0.15355119206080053,0.044914410719804725,0.04325711356584026,0.03137146632908942,0.0030000000000001007
477,010,010,1,0.0010000000000002065,0.002000000000000168,0.0009999999999999614,0.18141532854007178,0.1824077766179647,0.0010000000000002065,0.002000000000000168,0.18110577609548592,0.18140708162684047,0.0020000000000002047,0.00300000000000012
478,011,011,1,0.0020000000000001635,0.0030000000000001636,0.001,0.11536978723493856,0.02618486266223127,0.08458255337689354,0.0020000000000001635,0.11595104405599072,0.026741880146027207,0.08415841322581791,0.0030000000000001636
479,010,010,1,0.0010000000000000254,0.002000000000000009,0.0009999999999999838,0.014414980530661247,0.013710870279233938,0.0010000000000000254,0.0020000000000000235,0.015414361922921668,0.014646353037661956,0.002000000000000009,0.0030000000000000087
480,010,010,1,0.0010000000000002817,0.002000000000000218,0.0009999999999999365,0.203208759745477,0.16578254139384632,0.0010000000000002817,0.002000000000000218,0.19389691709317758,0.16417272354668286,0.0020000000000002364,0.0030000000000001475
481,111,111,1,0.0030000000000002178,0.048755899082151145,0.04575589908215093,0.11308795525633841,0.10116369714824897,0.09934511747868341,0.056661827990489105,0.07507187238469709,0.048755899082151145,0.06705263672094368,0.0030000000000002178
482,010,010,1,0.0010000000000000878,0.00200000000000008,0.000999999999999992,0.05175643626143822,0.05180995558144905,0.0010000000000000878,0.00200000000000008,0.05219287243338234,0.052711945735687306,0.002000000000000087,0.003000000000000079
483,011,011,1,0.0020000000000003197,0.00300000000000015,0.0009999999999998305,0.3511940975738657,0.24002397569860265,0.08216999609840565,0.0020000000000003197,0.3520371506270251,0.21523941666143018,0.0654316850886572,0.00300000000000015
484,110,110,1,0.002000000000000164,0.003000000000000092,0.000999999999999928,0.08636651031314335,0.08578930933545674,0.08489690397296984,0.0844512634949547,0.025303272720168107,0.026223050235593397,0.002000000000000164,0.003000000000000092
485,111,111,1,0.0030000000000000434,0.014599100115471941,0.011599100115471897,0.10624322210853916,0.1049656405045674,0.09656609156020156,0.09756301149258652,0.01785174935745855,0.014599100115471941,0.015614832001592669,0.0030000000000000434
486,111,111,1,0.003000000000000425,0.01865635625065956,0.015656356250659136,0.3580798288922799,0.2911940012685043,0.04772777334962264,0.033470380714203433,0.2411951137554167,0.17912516842876214,0.01865635625065956,0.003000000000000425
487,010,010,1,0.0010000000000000844,0.002000000000000071,0.0009999999999999868,0.21672738233053948,0.19791309203131338,0.0010000000000000844,0.0020000000000000837,0.21003108683471094,0.19404563922110138,0.002000000000000071,0.0030000000000000703
488,111,111,1,0.0030000000000007963,0.051543613792758104,0.04854361379275731,0.5089688604792281,0.46486724879273217,0.34763781002721045,0.33329487809949093,0.1986407058572978,0.051543613792758104,0.09453562435844287,0.0030000000000007963
489,111,111,1,0.003000000000000216,0.03893731617842994,0.03593731617842972,0.2097717256592275,0.13020967581242818,0.09537102998904766,0.03893731617842994,0.19593368839408656,0.10532507477652019,0.06977654344736604,0.003000000000000216
490,011,011,1,0.0020000000000007677,0.003000000000000495,0.0009999999999997272,0.11031179085066241,0.060278401397566815,0.0823433140382817,0.0020000000000007677,0.09895643432192042,0.0605992204493865,0.05893037346249464,0.003000000000000495
491,100,100,1,0.001000000000000005,0.0020000000000000052,0.0010000000000000002,0.013464027169564713,0.014445502416997123,0.013153013918989709,0.014029416726526928,0.001000000000000005,0.0020000000000000052,0.0020000000000000083,0.0030000000000000035
492,001,001,1,0.0010000000000000022,0.002000000000000001,0.0009999999999999987,0.004554261372116532,0.0010000000000000022,0.005551965428884759,0.002000000000000001,0.005528990742842473,0.0020000000000000044,0.006517077983958564,0.003000000000000001
493,010,010,1,0.0010000000000060006,0.0020000000000036243,0.0009999999999976237,0.4411592651001391,0.29877745426744523,0.0010000000000060006,0.0020000000000036243,0.4308561394725499,0.2959862610557793,0.0020000000000056366,0.0030000000000031017
494,001,001,1,0.0010000000000000172,0.0020000000000000087,0.0009999999999999916,0.07994668839810268,0.0010000000000000172,0.07717337514466882,0.002000000000000017,0.0757911164592099,0.0020000000000000087,0.07336536479853069,0.0030000000000000087
495,100,100,1,0.0010000000000001984,0.002000000000000167,0.0009999999999999686,0.1540080684788613,0.1468875070451213,0.1532889834606502,0.1406735822506243,0.0010000000000001984,0.002000000000000167,0.002000000000000196,0.003000000000000148
496,010,010,1,0.0010000000000000232,0.002000000000000023,0.0009999999999999998,0.06697168732866687,0.06195256842741694,0.0010000000000000232,0.002000000000000023,0.06665764375655601,0.0629129553094013,0.002000000000000023,0.0030000000000000226
497,111,111,1,0.00300000000000008,0.010765533259498857,0.007765533259498777,0.35112536354139473,0.07510997965683035,0.3356875555482105,0.06923631456198336,0.14243383144686841,0.010765533259498857,0.12586848033988338,0.00300000000000008
498,110,110,1,0.002000000000000181,0.003000000000000068,0.0009999999999998873,0.4574344892130171,0.20310944329078484,0.07048057241157028,0.04561866463764572,0.45172100009760413,0.20138901827724545,0.002000000000000181,0.003000000000000068
499,010,010,1,0.001000000000000462,0.002000000000000365,0.000999999999999903,0.2671817124043559,0.26182012646955777,0.001000000000000462,0.002000000000000461,0.2653132290739725,0.25208754475487954,0.002000000000000365,0.003000000000000352
500,110,110,1,0.00200000000000039,0.003000000000000391,0.0010000000000000009,0.33866760741656626,0.2707730561587937,0.14081060779442545,0.0837554231563748,0.23789141949779782,0.2318598752515547,0.00200000000000039,0.003000000000000391
501,100,100,1,0.00100000000000013,0.002000000000000096,0.000999999999999966,0.03869408080311624,0.03638151535865058,0.038855317663116465,0.032328328934331844,0.00100000000000013,0.002000000000000128,0.002000000000000096,0.0030000000000000903
502,100,100,1,0.0010000000000000748,0.002000000000000036,0.0009999999999999612,0.07741460097806438,0.0733782866126018,0.07771017144121968,0.07370468292923,0.0010000000000000748,0.002000000000000036,0.0020000000000000746,0.003000000000000036
503,011,011,1,0.00200000000000003,0.0030000000000000243,0.0009999999999999944,0.12061827291936382,0.045857653838500656,0.09819652189515281,0.00200000000000003,0.11758764388274057,0.04658185275794458,0.09187894526669649,0.0030000000000000243
504,111,111,1,0.0030000000000000204,0.007256863709419568,0.004256863709419547,0.16372614229164803,0.05825723288355117,0.07581740874967384,0.007256863709419568,0.14172001783409616,0.04001612841995968,0.0688076253383754,0.0030000000000000204
505,100,100,1,0.001000000000000013,0.0020000000000000083,0.0009999999999999953,0.021891735686053227,0.019838430338029553,0.02229517745841607,0.02062024110378355,0.001000000000000013,0.0020000000000000083,0.0020000000000000126,0.003000000000000028
506,100,100,1,0.0010000000000001381,0.0020000000000001375,0.0009999999999999994,0.10099485993175635,0.10195681250305694,0.10081322283637123,0.10147761961373226,0.0010000000000001381,0.0020000000000001375,0.0020000000000002355,0.0030000000000001375
507,011,011,1,0.00200000000000011,0.003000000000000078,0.000999999999999968,0.228379993869504,0.04630499773060842,0.056806270653380696,0.00200000000000011,0.22920938664342227,0.047304877302462266,0.057744530951298834,0.003000000000000078
508,111,111,1,0.0030000000000000486,0.011788238342712696,0.008788238342712647,0.27348891585699425,0.18401779670734866,0.1208608572575564,0.011788238342712696,0.12174544213255652,0.03569284364704295,0.09748931477915036,0.0030000000000000486
509,110,110,1,0.002000000000000045,0.0030000000000000413,0.0009999999999999961,0.3313507167800896,0.25758941556175685,0.18894293987563496,0.1281248708532258,0.22524862334836715,0.21242554316425866,0.002000000000000045,0.0030000000000000413
510,111,111,1,0.003000000000000371,0.02378748578764521,0.02078748578764484,0.45935366548542705,0.40007195851321964,0.3467221548782438,0.2621755713088813,0.04745912535518596,0.02378748578764521,0.03767096629954321,0.003000000000000371
511,010,010,1,0.0010000000000000221,0.002000000000000015,0.0009999999999999926,0.036668329081326154,0.034234807239965984,0.0010000000000000221,0.0020000000000000217,0.03608654295138553,0.03101633929516142,0.002000000000000015,0.003000000000000123
512,010,010,1,0.0010000000000001655,0.0020000000000001314,0.000999999999999966,0.08578069885731299,0.08284447725015284,0.0010000000000001655,0.0020000000000001314,0.08627724967441171,0.08375584387360774,0.0020000000000001627,0.003000000000000131
513,011,011,1,0.002000000000000149,0.003000000000000116,0.000999999999999967,0.26671510401664317,0.14912641157900622,0.1113722488878096,0.002000000000000149,0.1842042032424703,0.08774535368254967,0.10978032181739554,0.003000000000000116
514,000,000,1,0.0,0.001,0.001,0.0,0.001,0.001,0.002,0.001,0.002,0.002,0.003
515,011,011,1,0.0020000000000000378,0.003000000000000038,0.001,0.12952149071929175,0.07093072528515028,0.024464917061534527,0.0020000000000000378,0.11403133067885123,0.04966820409351261,0.02423033012290845,0.003000000000000038
516,011,011,1,0.002000000000000033,0.0030000000000000187,0.0009999999999999857,0.11219338542929402,0.04992970048297842,0.020976525195361768,0.002000000000000033,0.08501663766877982,0.049672780178400266,0.0156793428332941,0.0030000000000000187
517,010,010,1,0.0010000000000000917,0.0020000000000000902,0.0009999999999999985,0.09024944743810526,0.09124097007149325,0.0010000000000000917,0.0020000000000000915,0.09023914302809033,0.09099599114145794,0.0020000000000000902,0.003000000000000089
518,011,011,1,0.002000000000000232,0.003000000000000213,0.000999999999999981,0.15533004801896047,0.1169244953671118,0.03611155890482053,0.002000000000000232,0.15336634749941513,0.10462993012374178,0.03438319633983479,0.003000000000000213
519,111,111,1,0.003000000000000319,0.07568213922610181,0.07268213922610149,0.3813544567492757,0.24267923179445228,0.20099761327342122,0.07568213922610181,0.36122601740393295,0.15191420608672454,0.1877030784529143,0.003000000000000319
520,111,111,1,0.0030000000000004823,0.056179004229368314,0.05317900422936783,0.4588402961187345,0.16620703468794099,0.3740021732737547,0.07593748862954115,0.1596214165276848,0.056179004229368314,0.1225923470921619,0.0030000000000004823
521,011,011,1,0.002000000000000087,0.003000000000000087,0.0009999999999999996,0.054726397526444974,0.02808091163755932,0.030227300315538743,0.002000000000000087,0.05424456773997357,0.026358466752388537,0.0308718015307049,0.003000000000000087
522,011,011,1,0.0020000000000001844,0.0030000000000001865,0.0010000000000000022,0.1945488606588169,0.18589577689149028,0.008006962791088862,0.0020000000000001844,0.19435315870945857,0.18674590328488191,0.008586760475263668,0.0030000000000001865
523,011,011,1,0.0020000000000001644,0.0030000000000001176,0.0009999999999999532,0.12849619015304523,0.06862063693070286,0.09882220142662679,0.0020000000000001644,0.11758336713387806,0.06572011356194797,0.09441614719112022,0.0030000000000001176
524,001,001,1,0.0010000000000000015,0.0020000000000000013,0.0009999999999999998,0.0034391549132569608,0.0010000000000000015,0.003949888070170309,0.0020000000000000013,0.0042615960019475275,0.0020000000000000013,0.004448649458041979,0.0030000000000000053
525,011,011,1,0.0020000000000001917,0.0030000000000001458,0.000999999999999954,0.1314117186863947,0.031144049207226087,0.07454878500821739,0.0020000000000001917,0.12673939708749693,0.03175698645809097,0.06897789084079002,0.0030000000000001458
526,011,011,1,0.0020000000000005083,0.003000000000000471,0.0009999999999999627,0.20996563262335588,0.1445606777487529,0.17465806112941962,0.0020000000000005083,0.20502867427732674,0.144284871824145,0.16970595504786082,0.003000000000000471
527,011,011,1,0.0020000000000000282,0.003000000000000023,0.0009999999999999948,0.07839034552005707,0.029467642629257367,0.005913931421413765,0.0020000000000000282,0.0755961849428982,0.026437978759510414,0.0066629711136333624,0.003000000000000023
528,110,110,1,0.0020000000000000243,0.003000000000000016,0.0009999999999999918,0.024710499000621028,0.018279936852745256,0.0030149804181306447,0.0037070698158875384,0.0257072679513977,0.019077409740430797,0.0020000000000000243,0.003000000000000016
529,001,001,1,0.0010000000000000425,0.0020000000000000183,0.0009999999999999757,0.03381306454226777,0.0010000000000000425,0.02438568336216772,0.0020000000000000183,0.03182004753870999,0.002000000000000041,0.022832232711310893,0.0030000000000000183
530,110,110,1,0.0020000000000000317,0.0030000000000000265,0.0009999999999999948,0.08595382851726602,0.08121379545042338,0.06444259143101087,0.06419634369715463,0.059595500009508445,0.05491071916647778,0.0020000000000000317,0.0030000000000000265
531,111,111,1,0.0030000000000003544,0.01724835227198649,0.014248352271986136,0.3645590858289925,0.09392406671292108,0.2369161062309023,0.0561241091225139,0.14413559751161467,0.06261882099565982,0.01724835227198649,0.0030000000000003544
532,111,111,1,0.003000000000000451,0.01007466248345781,0.007074662483457359,0.33521763710936003,0.2539901214012404,0.03002469131223197,0.03101059054557726,0.2017998561636819,0.08800322207737922,0.01007466248345781,0.003000000000000451
533,111,111,1,0.003000000000000028,0.01884890132085855,0.015848901320858522,0.12123718877959926,0.12204754386551937,0.09328689926853455,0.08343532195597747,0.02358531873290821,0.01884890132085855,0.019324737260207565,0.003000000000000028
534,110,110,1,0.0020000000000000295,0.003000000000000018,0.0009999999999999883,0.20141468674278853,0.20058425039572647,0.03682913971582517,0.03394240258563511,0.13523237707398486,0.13425648111979235,0.0020000000000000295,0.003000000000000018
535,100,100,1,0.0010000000000001184,0.0020000000000000174,0.000999999999999899,0.05332983078209764,0.05154427930578805,0.05327245196415429,0.05098531437806677,0.0010000000000001184,0.0020000000000000174,0.002000000000000118,0.0030000000000000126
536,001,001,1,0.0010000000000000414,0.002000000000000023,0.0009999999999999816,0.07207201473838354,0.0010000000000000414,0.07256084781148575,0.002000000000000023,0.058175212628977326,0.0020000000000000404,0.05245289763133665,0.0030000000000000044
537,110,110,1,0.0020000000000000694,0.003000000000000035,0.0009999999999999658,0.19781235167676747,0.16220879398972046,0.17712270079431428,0.14958221008408348,0.012243381486477072,0.012959105589922975,0.0020000000000000694,0.003000000000000035
538,111,111,1,0.0030000000000008666,0.06272563728651911,0.05972563728651825,0.5303772472470477,0.3981016869533146,0.4070345205129529,0.21894231889844984,0.09040319761851957,0.06346527384694393,0.06272563728651911,0.0030000000000008666
539,111,111,1,0.0030000000000001753,0.011397306496215228,0.008397306496215052,0.04904923905776045,0.04924723455910876,0.01498789899437862,0.01276115458234865,0.026982052098988435,0.018551322286910706,0.011397306496215228,0.0030000000000001753
540,110,110,1,0.002000000000000017,0.003000000000000016,0.0009999999999999992,0.16168337079972547,0.14499992573254963,0.0856125994347896,0.07019954668233346,0.008966012272745974,0.009540817085836435,0.002000000000000017,0.003000000000000016
541,000,000,1,0.0,0.001,0.001,0.0,0.001,0.001,0.002,0.001,0.002,0.002,0.003
542,110,110,1,0.002000000000000268,0.0030000000000002316,0.0009999999999999636,0.17597396802901677,0.15590947497378993,0.1365152416410738,0.13512256623886612,0.08068384894343657,0.06282934007004512,0.002000000000000268,0.0030000000000002316
543,100,100,1,0.0010000000000000037,0.002000000000000003,0.0009999999999999994,0.04083605990480774,0.04125673808608816,0.03185471204916114,0.031754439440479384,0.0010000000000000037,0.0020000000000000035,0.002000000000000003,0.0030000000000000087
544,001,001,1,0.0010000000000000204,0.0020000000000000087,0.0009999999999999883,0.02972356780912137,0.0010000000000000204,0.030174614974217504,0.0020000000000000087,0.030524673644393305,0.0020000000000000204,0.030974151894774406,0.003000000000000009
545,110,110,1,0.0020000000000001354,0.0030000000000000296,0.0009999999999998942,0.2209617134955465,0.22174564386173434,0.13849515706106483,0.11725406964911717,0.0926594478279524,0.07536783385955782,0.0020000000000001354,0.0030000000000000296
546,010,010,1,0.0010000000000002735,0.0020000000000002537,0.0009999999999999803,0.0848818587595449,0.08425707257217412,0.0010000000000002735,0.0020000000000002733,0.08243020671969727,0.083018746367865,0.0020000000000002537,0.0030000000000002503
547,010,010,1,0.001000000000000046,0.0020000000000000365,0.0009999999999999905,0.08836522627008832,0.08644064619376234,0.001000000000000046,0.0020000000000000365,0.07911804347481548,0.07472014891917399,0.0020000000000000404,0.0030000000000000165
548,010,010,1,0.0010000000000000547,0.002000000000000033,0.0009999999999999783,0.036336675841434525,0.037161907466861425,0.0010000000000000547,0.002000000000000047,0.03581586558483252,0.036707711327094925,0.002000000000000033,0.0030000000000000235
549,100,100,1,0.001000000000000057,0.0020000000000000347,0.0009999999999999777,0.03890105205944166,0.03634439778859939,0.03788723370532795,0.035256284688652814,0.001000000000000057,0.0020000000000000347,0.002000000000000055,0.0030000000000000603
550,011,011,1,0.0020000000000006094,0.003000000000000209,0.0009999999999995997,0.039883974534139645,0.03400270667571248,0.02165412804193727,0.0020000000000006094,0.015817538647288507,0.016154446556891223,0.011645417984164677,0.003000000000000209
551,100,100,1,0.0010000000000000675,0.002000000000000062,0.0009999999999999946,0.20039550746978332,0.20135548023900243,0.15886725538585755,0.15521861369657175,0.0010000000000000675,0.0020000000000000673,0.002000000000000062,0.003000000000000061
552,001,001,1,0.0010000000000002893,0.0020000000000001887,0.0009999999999998994,0.06045347948498103,0.0010000000000002893,0.06081014517071831,0.0020000000000002863,0.052453500526732734,0.0020000000000001887,0.05340477552242251,0.003000000000000189
553,100,100,1,0.0010000000000001084,0.0020000000000000464,0.000999999999999938,0.2324838117014024,0.21821671498198705,0.20132440440568644,0.18747489567140474,0.0010000000000001084,0.0020000000000000464,0.0020000000000001063,0.0030000000000000395
554,100,100,1,0.001000000000000015,0.0020000000000000026,0.0009999999999999877,0.030861826395433615,0.026134076912621974,0.03182871605373923,0.026727898120279002,0.001000000000000015,0.0020000000000000026,0.0020000000000000152,0.0030000000000000022
555,100,100,1,0.0010000000000000885,0.00200000000000008,0.0009999999999999913,0.025074184738518458,0.01809952606566603,0.024902757319185075,0.017788929215341323,0.0010000000000000885,0.00200000000000008,0.0020000000000000807,0.0030000000000000747
556,001,001,1,0.001000000000000016,0.0020000000000000135,0.0009999999999999974,0.0076281023030596055,0.001000000000000016,0.008182223052253048,0.002000000000000015,0.007298557270622872,0.0020000000000000135,0.008295477094662738,0.0030000000000000087
557,001,001,1,0.0010000000000001642,0.0020000000000001228,0.0009999999999999586,0.1606275537993258,0.0010000000000001642,0.0980206907803975,0.0020000000000001228,0.1576032186997584,0.002000000000000125,0.09329422519490727,0.0030000000000000764
558,111,111,1,0.0030000000000000226,0.022394078756333924,0.0193940787563339,0.12973409043928755,0.052688345764653276,0.06049602812498615,0.02906658993570549,0.11369535147613795,0.04189377106231673,0.022394078756333924,0.0030000000000000226
559,011,011,1,0.002000000000000098,0.0030000000000000924,0.0009999999999999944,0.05261324689992605,0.025076824116599127,0.04528708011459028,0.002000000000000098,0.041739857997126005,0.02450782792153075,0.03587906871558511,0.0030000000000000924
560,111,111,1,0.003000000000000368,0.009854985146541158,0.00685498514654079,0.3135569552594784,0.3066440427968504,0.1670946206230423,0.16519753780954569,0.04985789057752194,0.050844458312554436,0.009854985146541158,0.003000000000000368
561,110,110,1,0.002000000000000065,0.003000000000000046,0.000999999999999981,0.1789924383701006,0.17961396393670712,0.12014944949276568,0.12114149111219759,0.028524382029347938,0.02932073362068307,0.002000000000000065,0.003000000000000046
562,011,011,1,0.002000000000001853,0.003000000000001474,0.000999999999999621,0.2571833998348875,0.07593449831065778,0.1491315098295181,0.002000000000001853,0.24662052629783313,0.07473205081821496,0.1298936295828428,0.003000000000001474
563,001,001,1,0.0010000000000000891,0.0020000000000000595,0.0009999999999999703,0.07452528279201946,0.0010000000000000891,0.07429745648503876,0.0020000000000000595,0.05555681355513405,0.002000000000000076,0.05625826873802753,0.003000000000000043
564,011,011,1,0.0020000000000004146,0.003000000000000412,0.0009999999999999974,0.0934013723576816,0.047170313756953096,0.008403972544177718,0.0020000000000004146,0.07860962467536543,0.04534616610455586,0.008842277559489246,0.003000000000000412
565,111,111,1,0.0030000000000036386,0.01118351956849486,0.008183519568491221,0.5519634070555238,0.4169494451366644,0.12445110379106322,0.01118351956849486,0.3904598902593742,0.25621355196692636,0.12189702767879755,0.0030000000000036386
566,010,010,1,0.001000000000000049,0.0020000000000000477,0.0009999999999999987,0.04132431742417618,0.04231317032959155,0.001000000000000049,0.0020000000000000477,0.030919211804245925,0.031859900283330994,0.002000000000000052,0.0030000000000000478
567,001,001,1,0.001000000000000173,0.002000000000000105,0.000999999999999932,0.2045045403425898,0.001000000000000173,0.14912468441921697,0.0020000000000001275,0.18140556308009834,0.002000000000000105,0.13417334995951816,0.0030000000000000764
568,001,001,1,0.0010000000000000503,0.0020000000000000295,0.0009999999999999792,0.15212786778763107,0.0010000000000000503,0.13967116450634634,0.0020000000000000295,0.14843728488981608,0.0020000000000000386,0.1345012906241308,0.003000000000000024
569,110,110,1,0.002000000000000093,0.0030000000000000924,0.0009999999999999996,0.16822771805942424,0.14318634790245663,0.05983444586104452,0.06082655373273524,0.12962497366890888,0.0998579267760013,0.002000000000000093,0.0030000000000000924
570,110,110,1,0.002000000000000064,0.003000000000000057,0.000999999999999993,0.09021089090313934,0.08975356213038653,0.05941471543203769,0.06007821330901847,0.048576153113816155,0.04891256713887867,0.002000000000000064,0.003000000000000057
571,110,110,1,0.0020000000000000104,0.0030000000000000083,0.0009999999999999979,0.01996200383449222,0.016288986730500974,0.009984692311246532,0.01070675282243293,0.017208573485858872,0.013469134079771673,0.0020000000000000104,0.0030000000000000083
572,000,000,1,0.0,0.001,0.001,0.0,0.001,0.001,0.002,0.001,0.002,0.002,0.003
573,110,110,1,0.0020000000000000525,0.0030000000000000343,0.0009999999999999818,0.3970640432816781,0.33056776318753633,0.15262376460460245,0.13139367769818175,0.09899187598704477,0.09953888285271147,0.0020000000000000525,0.0030000000000000343
574,100,100,1,0.0010000000000000653,0.0020000000000000503,0.000999999999999985,0.2587290242828028,0.2269727483356404,0.21775289418647734,0.17853607892312115,0.0010000000000000653,0.0020000000000000503,0.0020000000000000503,0.0030000000000000456
575,011,011,1,0.0020000000000000243,0.003000000000000022,0.0009999999999999979,0.1549041952321506,0.036691554825058204,0.1539068130040052,0.0020000000000000243,0.15565375706782658,0.036883826727291756,0.15437400749155608,0.003000000000000022
576,001,001,1,0.0010000000000000334,0.002000000000000024,0.0009999999999999905,0.014915579023001566,0.0010000000000000334,0.014085369283689538,0.0020000000000000295,0.013058498022463373,0.002000000000000024,0.012988018174330717,0.003000000000000019
577,011,011,1,0.0020000000000002065,0.0030000000000000937,0.0009999999999998873,0.13720381938924,0.036935681758879714,0.03460380095826014,0.0020000000000002065,0.13375726244284344,0.03503355353640552,0.030171598248917915,0.0030000000000000937
578,001,001,1,0.0010000000000000451,0.0020000000000000378,0.0009999999999999926,0.154676948702735,0.0010000000000000451,0.1145648955156961,0.0020000000000000447,0.15489622455815746,0.0020000000000000378,0.10742400980432765,0.003000000000000038
579,111,111,1,0.003000000000001666,0.02488066228769866,0.021880662287696997,0.288871221950117,0.23396372530187737,0.035146817991508095,0.02488066228769866,0.2837458723818531,0.2034119217997624,0.027015957085166173,0.003000000000001666
580,100,100,1,0.0010000000000000041,0.0020000000000000044,0.0010000000000000002,0.002712789205589698,0.0035180851958055846,0.003279433057106119,0.0038153067635745786,0.0010000000000000041,0.0020000000000000044,0.0020000000000000044,0.003000000000000004
581,111,111,1,0.003000000000000082,0.004083454964837454,0.001083454964837372,0.10096718926453836,0.021726122428065934,0.05856845974480917,0.017665845442606805,0.08338090747184781,0.004083454964837454,0.03427028466487539,0.003000000000000082
582,010,010,1,0.0010000000000002106,0.002000000000000147,0.0009999999999999365,0.14132806598348832,0.12331282505039069,0.0010000000000002106,0.002000000000000147,0.12138106144540628,0.10138434077673701,0.002000000000000176,0.0030000000000001254
583,111,111,1,0.0030000000000000447,0.006641217459792235,0.0036412174597921904,0.06438408230012427,0.03553203592085125,0.019099036369843392,0.006641217459792235,0.03646594518092388,0.021117295257637385,0.012952335730873805,0.0030000000000000447
584,010,010,1,0.0010000000000000065,0.0020000000000000044,0.0009999999999999979,0.036932310943938416,0.0375954639007754,0.0010000000000000065,0.0020000000000000044,0.0348798156966881,0.03435289339108109,0.0020000000000000065,0.0030000000000000057
585,110,110,1,0.0020000000000001193,0.00300000000000011,0.0009999999999999905,0.2569869074248838,0.25538526444119886,0.055440351274428375,0.04882684135538575,0.09786456636078374,0.08414866636465843,0.0020000000000001193,0.00300000000000011
586,100,100,1,0.0010000000000000106,0.0020000000000000065,0.000999999999999996,0.03051536705866617,0.03075476787086495,0.026917027094516332,0.023379707360445777,0.0010000000000000106,0.0020000000000000065,0.0020000000000000104,0.0030000000000000057
587,100,100,1,0.0010000000000000323,0.00200000000000003,0.0009999999999999976,0.020065081578251823,0.021026762003165937,0.009906925823145021,0.006172846943145146,0.0010000000000000323,0.0020000000000000317,0.00200000000000003,0.0030000000000000287
588,100,100,1,0.001000000000000033,0.00200000000000003,0.000999999999999997,0.07190877775718092,0.07229827385026091,0.059241121743845056,0.05997774107377644,0.001000000000000033,0.002000000000000032,0.00200000000000003,0.003000000000000029
589,111,111,1,0.0030000000000000955,0.005857002893938793,0.0028570028939386974,0.12778865574854145,0.09178611486200912,0.0575242164294034,0.05775476518743133,0.07378352432539229,0.057249029650023285,0.005857002893938793,0.0030000000000000955
590,111,111,1,0.0030000000000003544,0.0126082424927881,0.009608242492787746,0.3741799856802775,0.23077452109756935,0.3594809809148874,0.22877916617175584,0.1824230475947429,0.0126082424927881,0.18206094522188687,0.0030000000000003544
591,001,001,1,0.0010000000000000137,0.002000000000000009,0.0009999999999999955,0.023577951353157923,0.0010000000000000137,0.02409147839422809,0.002000000000000012,0.024576891316259175,0.002000000000000009,0.02505251497147172,0.0030000000000000165
592,011,011,1,0.0020000000000001987,0.003000000000000189,0.0009999999999999905,0.10323445517744441,0.01924207319692711,0.05034883103418453,0.0020000000000001987,0.0942769648563,0.014656221375919539,0.051284636773472704,0.003000000000000189
593,001,001,1,0.0010000000000000258,0.0020000000000000235,0.0009999999999999976,0.04677398744881953,0.0010000000000000258,0.04575687426235402,0.0020000000000000256,0.04762783437693163,0.0020000000000000235,0.04613363045645658,0.0030000000000019616
594,110,110,1,0.0020000000000001184,0.0030000000000001133,0.0009999999999999948,0.03222856240121871,0.0282058136086178,0.03293872600426521,0.026399819202078033,0.013678315515716577,0.010476029907166716,0.0020000000000001184,0.0030000000000001133
595,001,001,1,0.0010000000000000256,0.00200000000000002,0.0009999999999999944,0.2080789744581009,0.0010000000000000256,0.2087132998314638,0.0020000000000000213,0.1847494849681621,0.00200000000000002,0.18572273030952746,0.0030000000000000165
596,111,111,1,0.003000000000000088,0.02649610816908811,0.02349610816908802,0.13188291711854264,0.0833521723482506,0.09842181179279873,0.02649610816908811,0.12420336790808062,0.07839730854711487,0.0744511828188228,0.003000000000000088
597,010,010,1,0.0010000000000004007,0.0020000000000002876,0.0009999999999998868,0.06588958831513429,0.06603455698854088,0.0010000000000004007,0.0020000000000002876,0.05881801780071098,0.05955610235540435,0.0020000000000003834,0.0030000000000001813
598,110,110,1,0.0020000000000001497,0.003000000000000128,0.0009999999999999783,0.06930557116025367,0.07030554952286834,0.024998153369866025,0.025814970053559663,0.047880248911228586,0.048630618577220314,0.0020000000000001497,0.003000000000000128
599,011,011,1,0.002000000000000116,0.0030000000000001133,0.0009999999999999974,0.13212507279716076,0.08914334813488863,0.08387599417189334,0.002000000000000116,0.09692586492795636,0.060976467877985434,0.07865171936487293,0.0030000000000001133
600,010,010,1,0.001000000000000146,0.002000000000000064,0.0009999999999999178,0.035152053048719455,0.03545937780880679,0.001000000000000146,0.002000000000000137,0.034091838956557284,0.034102045775332705,0.002000000000000064,0.0030000000000000443
601,011,011,1,0.0020000000000000096,0.0030000000000000083,0.0009999999999999987,0.053122257382238414,0.025581552123804058,0.03083830672352567,0.0020000000000000096,0.04224588130258796,0.025697350245046588,0.024613167107403723,0.0030000000000000083
602,111,111,1,0.0030000000000006107,0.01121863438249262,0.00821863438249201,0.09278610992999019,0.044347324645974316,0.031317511563869097,0.021683565152157518,0.08207505874447418,0.01121863438249262,0.023463805271233942,0.0030000000000006107
603,100,100,1,0.0010000000000000438,0.0020000000000000404,0.0009999999999999966,0.25399194229303185,0.22595811920896217,0.23824037228617945,0.2117465368096627,0.0010000000000000438,0.002000000000000043,0.0020000000000000404,0.0030000000000000395
604,001,001,1,0.0010000000000007874,0.002000000000000647,0.0009999999999998597,0.23785198942038535,0.0010000000000007874,0.22889489587405334,0.00200000000000078,0.23506327803062346,0.002000000000000647,0.21842292877375502,0.003000000000000521
605,011,011,1,0.002000000000000067,0.0030000000000000083,0.0009999999999999415,0.3333172516192588,0.276353919446031,0.009718844863003576,0.002000000000000067,0.316781971484068,0.26079884071248166,0.010625505720334022,0.0030000000000000083
606,100,100,1,0.0010000000000000447,0.002000000000000041,0.0009999999999999961,0.08049987176471692,0.08101322640498004,0.08064556282211655,0.08157943113862652,0.0010000000000000447,0.002000000000000041,0.0020000000000000447,0.003000000000000039
607,001,001,1,0.001000000000000179,0.0020000000000001653,0.0009999999999999864,0.05665621472189653,0.001000000000000179,0.057229260453893094,0.0020000000000001757,0.05683353289894968,0.0020000000000001653,0.057670420957121916,0.0030000000000001844
608,100,100,1,0.001000000000000062,0.002000000000000058,0.0009999999999999961,0.21046696499825437,0.2109959186022776,0.21144976679234798,0.21175680210961897,0.001000000000000062,0.002000000000000058,0.002000000000000064,0.0030000000000000625
609,100,100,1,0.0010000000000001707,0.002000000000000078,0.0009999999999999074,0.03789252285206044,0.029158952410517986,0.03551181903047171,0.02577514500579209,0.0010000000000001707,0.002000000000000078,0.00200000000000016,0.003000000000000078
610,010,010,1,0.0010000000000000286,0.002000000000000017,0.0009999999999999883,0.02384218575474491,0.019981236713830747,0.0010000000000000286,0.002000000000000017,0.024781266328771135,0.020303823829569405,0.0020000000000000287,0.0030000000000000157
611,111,111,1,0.0030000000000004715,0.03318746692727183,0.030187466927271357,0.20824180354690505,0.09333676140459157,0.1544015883878499,0.09380325068997392,0.16746352321964147,0.03318746692727183,0.042961335643401384,0.0030000000000004715
612,001,001,1,0.0010000000000000664,0.002000000000000055,0.0009999999999999887,0.03350111556013043,0.0010000000000000664,0.03207440569038156,0.002000000000000055,0.031697562363985986,0.0020000000000000655,0.02761590376649317,0.00300000000000005
613,111,111,1,0.0030000000000000413,0.014072939564234933,0.011072939564234892,0.06816851725595029,0.06916308250592479,0.0634627734092746,0.056416070941198465,0.01886032566865439,0.014072939564234933,0.019478847695262126,0.0030000000000000413
614,011,011,1,0.0020000000000001436,0.0030000000000001436,0.001,0.10737641330570284,0.017733035156636167,0.0857902763369603,0.0020000000000001436,0.10293447180248548,0.01651627109822998,0.06914322575089801,0.0030000000000001436
615,001,001,1,0.0010000000000000913,0.0020000000000000803,0.000999999999999989,0.11348114686789801,0.0010000000000000913,0.09876598876411824,0.0020000000000000907,0.11220340555668672,0.0020000000000000803,0.09650273436167828,0.003000000000000079
616,110,110,1,0.00200000000000019,0.0030000000000001558,0.0009999999999999658,0.057770907020904816,0.055682022775154556,0.01921736040613913,0.019501416031349167,0.024506121464529757,0.019446567398379355,0.00200000000000019,0.0030000000000001558
617,001,001,1,0.0010000000000000466,0.002000000000000045,0.0009999999999999985,0.04186713577153615,0.0010000000000000466,0.042603718995847174,0.0020000000000000464,0.04273750294006495,0.002000000000000045,0.04344133376105321,0.003000000000000045
618,110,110,1,0.002000000000000287,0.0030000000000002846,0.0009999999999999974,0.3536934820423365,0.314984602012766,0.2064298793608351,0.1478781047875503,0.11520857866120049,0.11348303162319107,0.002000000000000287,0.0030000000000002846
619,111,111,1,0.003000000000000437,0.02314006815204693,0.020140068152046494,0.6366461809327985,0.09807715525326914,0.18540469553923358,0.02314006815204693,0.6355254554363603,0.04964052735011468,0.17758286778108937,0.003000000000000437
620,111,111,1,0.0030000000000004797,0.009747809952779993,0.006747809952779514,0.3728915439377101,0.15474331351309956,0.25894761024323965,0.07533466494038348,0.30229414170015284,0.009747809952779993,0.23594407508300766,0.0030000000000004797
621,010,010,1,0.0010000000000000779,0.002000000000000066,0.000999999999999988,0.05341604351762775,0.04665795167860102,0.0010000000000000779,0.002000000000000066,0.053629255056992585,0.04765674839420969,0.0020000000000000694,0.003000000000000061
622,100,100,1,0.0010000000000000059,0.002000000000000004,0.000999999999999998,0.0827518235299483,0.07077697661881872,0.0795870926589331,0.0717738684483862,0.0010000000000000059,0.002000000000000004,0.002000000000000006,0.0030000000000000022
623,011,011,1,0.0020000000000001926,0.0030000000000001926,0.001,0.19500944266482279,0.14988476140378038,0.0394247237379705,0.0020000000000001926,0.16493646842798904,0.14699587437042036,0.02599431153806603,0.0030000000000001926
624,100,100,1,0.0010000000000001316,0.002000000000000126,0.0009999999999999942,0.09664617811585341,0.09492387845265149,0.0839124184717248,0.0811083580481608,0.0010000000000001316,0.002000000000000131,0.002000000000000126,0.0030000000000001254
625,000,000,1,0.0,0.001,0.001,0.0,0.001,0.001,0.002,0.001,0.002,0.002,0.003
626,100,100,1,0.0010000000000000282,0.0020000000000000274,0.0009999999999999992,0.03622612501867306,0.0336127493453091,0.036747854440547144,0.03454455218678323,0.0010000000000000282,0.0020000000000000274,0.0020000000000000282,0.003000000000000027
627,100,100,1,0.0010000000000000074,0.0020000000000000074,0.001,0.017542041773246746,0.01745339988948831,0.015903602318320803,0.01654283209847022,0.0010000000000000074,0.0020000000000000074,0.002000000000000008,0.0030000000000000066
628,100,100,1,0.001000000000000013,0.0020000000000000104,0.0009999999999999974,0.04772745334245789,0.04327058668533737,0.048395934757652796,0.04164244391490609,0.001000000000000013,0.0020000000000000104,0.002000000000000013,0.0030000000000000226
629,010,010,1,0.0010000000000000584,0.0020000000000000443,0.000999999999999986,0.31722022603397776,0.3180844601507496,0.0010000000000000584,0.002000000000000058,0.29315152133577616,0.2940263110545613,0.0020000000000000443,0.003000000000000041
630,100,100,1,0.0010000000000000902,0.002000000000000027,0.0009999999999999367,0.032149128371597606,0.03313072615821994,0.017862098090515133,0.018218860173308468,0.0010000000000000902,0.0020000000000000902,0.002000000000000027,0.003000000000000021
631,001,001,1,0.0010000000000000072,0.0020000000000000052,0.000999999999999998,0.04712454911595318,0.0010000000000000072,0.036015941629550165,0.0020000000000000052,0.04785318397949311,0.002000000000000011,0.034251411257708225,0.0030000000000000087
632,111,111,1,0.0030000000000001688,0.03488328808311633,0.03188328808311616,0.32128522870721427,0.17156442038520944,0.1902246493817528,0.03488328808311633,0.2709189885450748,0.10429843831379815,0.16681027781992355,0.0030000000000001688
633,110,110,1,0.0020000000000001367,0.0030000000000000083,0.0009999999999998717,0.0954004117466692,0.09394292806164296,0.00744185896873613,0.008433296862428651,0.05983414630972167,0.05855047301076477,0.0020000000000001367,0.0030000000000000083
634,001,001,1,0.0010000000000000009,0.002000000000000001,0.001,0.009299720596049955,0.0010000000000000009,0.007919638494815955,0.002000000000000001,0.010283593999629914,0.002000000000000001,0.008080758726551358,0.0030000000000000087
635,001,001,1,0.0010000000000003446,0.0020000000000002507,0.0009999999999999061,0.13962796848948042,0.0010000000000003446,0.12593840545105528,0.0020000000000002507,0.14022621064045535,0.002000000000000342,0.125219384811414,0.003000000000000237
636,001,001,1,0.0010000000000000195,0.0020000000000000196,0.001,0.019920830581612287,0.0010000000000000195,0.02087785426922293,0.002000000000000024,0.02092003142455098,0.0020000000000000196,0.02186409873692001,0.0030000000000000196
637,011,011,1,0.0020000000000001683,0.00300000000000017,0.0010000000000000018,0.060285093277600614,0.05562236237317352,0.03671201652245973,0.0020000000000001683,0.015266679398298361,0.014451078078916364,0.01620816802795698,0.00300000000000017
638,000,000,1,0.0,0.001,0.001,0.0,0.001,0.001,0.002,0.001,0.002,0.002,0.003
639,001,001,1,0.001000000000000417,0.0020000000000003786,0.0009999999999999616,0.14057100882278076,0.001000000000000417,0.10203556308542194,0.0020000000000003886,0.13770965167769317,0.0020000000000003786,0.09634284942030334,0.003000000000000316
640,100,100,1,0.0010000000000000642,0.00200000000000006,0.0009999999999999957,0.060416234526828434,0.06099240239011938,0.05850307838328081,0.05816902400852312,0.0010000000000000642,0.002000000000000061,0.00200000000000006,0.0030000000000000586
641,000,000,1,0.0,0.001,0.001,0.0,0.001,0.001,0.002,0.001,0.002,0.002,0.003
642,111,111,1,0.0030000000000002685,0.031646150657174396,0.028646150657174126,0.24538490912626068,0.24307672558224605,0.0718530478124495,0.037173801203740746,0.21797333479148803,0.21725305259225328,0.031646150657174396,0.0030000000000002685
643,100,100,1,0.0010000000000001093,0.0020000000000000863,0.000999999999999977,0.030512766210384956,0.027436326755652673,0.030607434279018145,0.02552540937000148,0.0010000000000001093,0.0020000000000001076,0.0020000000000000863,0.0030000000000000716
644,011,011,1,0.0020000000000003097,0.003000000000000282,0.0009999999999999723,0.1891340211988233,0.04522264327020294,0.11374922411009669,0.0020000000000003097,0.1835288728926419,0.0461534464262498,0.1106503006383337,0.003000000000000282
645,011,011,1,0.0020000000000000443,0.003000000000000044,0.0009999999999999996,0.24561901686782792,0.0791509436648937,0.13060973172588994,0.0020000000000000443,0.24454291921619867,0.07096587193793968,0.11389802625788518,0.003000000000000044
646,111,111,1,0.003000000000000206,0.018455250030661237,0.015455250030661031,0.3076735091822029,0.2465465891040954,0.16510703483804254,0.018455250030661237,0.25596488974119974,0.22797290142495666,0.09549807619900187,0.003000000000000206
647,001,001,1,0.001000000000000062,0.002000000000000052,0.00099999999999999,0.04077950236660785,0.001000000000000062,0.018776868396481437,0.002000000000000052,0.041635534328849706,0.002000000000000062,0.015397651746102508,0.0030000000000000404
648,001,001,1,0.0010000000000000308,0.002000000000000007,0.0009999999999999762,0.01192470590471329,0.0010000000000000308,0.01220474019498792,0.002000000000000007,0.012906573224434885,0.002000000000000031,0.013132525696209476,0.0030000000000000066
649,100,100,1,0.0010000000000000093,0.0020000000000000083,0.000999999999999999,0.014619197419046286,0.015605162141014258,0.009857543094419288,0.010232619646794118,0.0010000000000000093,0.0020000000000000083,0.002000000000000011,0.003000000000000007
650,010,010,1,0.0010000000000000538,0.0020000000000000477,0.000999999999999994,0.045982072232208106,0.04670273853075257,0.0010000000000000538,0.002000000000000052,0.04388121124222055,0.04314810126419475,0.0020000000000000477,0.0030000000000000478
651,011,011,1,0.002000000000000045,0.0030000000000000395,0.0009999999999999944,0.3103307550370986,0.10027781607607424,0.18993107361228703,0.002000000000000045,0.27929168206687144,0.08816302592664531,0.18617976857217522,0.0030000000000000395
652,111,111,1,0.0030000000000004862,0.003001382055998914,1.3820559984279758e-06,0.283245227800529,0.27764052009136897,0.25431717996314335,0.2377016980352893,0.050324343972702995,0.003001382055998914,0.05061709932030651,0.0030000000000004862
653,001,001,1,0.001000000000000103,0.002000000000000099,0.000999999999999996,0.0387454843711858,0.001000000000000103,0.0359520453603541,0.002000000000000103,0.03904057541397449,0.002000000000000099,0.03674269350053488,0.003000000000004662
654,100,100,1,0.00100000000000009,0.0020000000000000694,0.0009999999999999794,0.16619256109442926,0.14985391993075284,0.16559337657783638,0.14546735357408205,0.00100000000000009,0.0020000000000000694,0.0020000000000000868,0.0030000000000000625
655,001,001,1,0.0010000000000000456,0.0020000000000000248,0.0009999999999999792,0.01362019648512284,0.0010000000000000456,0.01258727045696258,0.0020000000000000248,0.014374587064216047,0.0020000000000000443,0.013558081164705787,0.003000000000000021
656,011,011,1,0.0020000000000000083,0.0023903390781476307,0.00039033907814762245,0.1275241090594564,0.003498427631734644,0.04636920531832059,0.0020000000000000083,0.12633745689612205,0.0023903390781476307,0.042252035714391366,0.003000000000000009
657,011,011,1,0.0020000000000000885,0.003000000000000086,0.0009999999999999974,0.12460638934803725,0.10025231572396398,0.02829136930578785,0.0020000000000000885,0.09069581461036018,0.06362069224877437,0.0292718919966029,0.003000000000000086
658,001,001,1,0.001000000000000421,0.002000000000000098,0.0009999999999996771,0.0710601121043707,0.001000000000000421,0.02635193835241109,0.002000000000000098,0.07004602341302439,0.0020000000000004194,0.026569742001125496,0.003000000000000099
659,100,100,1,0.0010000000000000206,0.002000000000000015,0.0009999999999999942,0.036007522483322944,0.03442087454739505,0.036977714480760225,0.03457491571081692,0.0010000000000000206,0.002000000000000015,0.0020000000000000204,0.0030000000000000256
660,001,001,1,0.0010000000000000124,0.0020000000000000118,0.0009999999999999994,0.030947271716805853,0.0010000000000000124,0.031354322444321195,0.0020000000000000135,0.030171497919098216,0.0020000000000000118,0.030668422224584102,0.0030000000000000374
661,000,000,1,0.0,0.001,0.001,0.0,0.001,0.001,0.002,0.001,0.002,0.002,0.003
662,001,001,1,0.0010000000000001009,0.00200000000000009,0.000999999999999989,0.049019513486933196,0.0010000000000001009,0.048245324377008715,0.002000000000000098,0.04920344403711224,0.00200000000000009,0.04924387811318872,0.0030000000000000465
663,001,001,1,0.0010000000000000336,0.002000000000000025,0.0009999999999999916,0.014043480752901944,0.0010000000000000336,0.007841252825381314,0.002000000000000025,0.014827708493251296,0.002000000000000034,0.007796253354417015,0.0030000000000000226
664,111,111,1,0.0030000000000002416,0.017688923042976708,0.014688923042976466,0.2977558329808605,0.2534466944194785,0.06217903884943773,0.017688923042976708,0.2252185056566867,0.20000008555996138,0.029592030104229464,0.0030000000000002416
665,110,110,1,0.0020000000000001635,0.003000000000000163,0.0009999999999999996,0.13329284895874347,0.13290859843306735,0.0035896621529315042,0.004589655922634774,0.1281956254116792,0.12739223483966441,0.0020000000000001635,0.003000000000000163
666,110,110,1,0.0020000000000002668,0.0030000000000002364,0.0009999999999999697,0.3612208906850895,0.34965128377371973,0.07922008560230986,0.06045356198545223,0.16754308306133545,0.15336462626651373,0.0020000000000002668,0.0030000000000002364
667,010,010,1,0.0010000000000000267,0.0020000000000000256,0.000999999999999999,0.1789425972319282,0.17831728501019087,0.0010000000000000267,0.0020000000000000265,0.17931983303625265,0.17922817320747694,0.0020000000000000256,0.0030000000000000248
668,111,111,1,0.0030000000000004953,0.010461277480816237,0.007461277480815742,0.09233265934592909,0.05914831834064468,0.09198190254850795,0.05970434103810329,0.041295106292730484,0.010461277480816237,0.021899176367919146,0.0030000000000004953
669,001,001,1,0.0010000000000000178,0.00200000000000001,0.0009999999999999922,0.019773376785562014,0.0010000000000000178,0.010116055116987138,0.00200000000000001,0.020764077431074415,0.002000000000000018,0.011107647807298525,0.0030000000000000105
670,100,100,1,0.0010000000000000117,0.002000000000000004,0.0009999999999999922,0.0367718642038602,0.03746087624203176,0.03722067544552906,0.03782951274224585,0.0010000000000000117,0.002000000000000004,0.0020000000000000118,0.0030000000000000044
671,001,001,1,0.0010000000000000588,0.0020000000000000525,0.0009999999999999937,0.014683609979242639,0.0010000000000000588,0.015251369740404024,0.0020000000000000525,0.015420299914301987,0.0020000000000000586,0.01609951428631257,0.0030000000000000512
672,111,111,1,0.00300000000000027,0.008284215187050052,0.005284215187049782,0.3312483881282435,0.21833111364758748,0.158877257835803,0.10115092248035294,0.1123411097984786,0.008284215187050052,0.08272873029456844,0.00300000000000027
673,111,111,1,0.003000000000000207,0.026792420147513075,0.023792420147512868,0.38659602965036594,0.26842695027006824,0.13907368119014665,0.026792420147513075,0.336191900156314,0.26151615974115655,0.06424642715353678,0.003000000000000207
674,100,100,1,0.00100000000000001,0.0020000000000000065,0.0009999999999999966,0.04138503494044093,0.03336774674531658,0.04197051131667792,0.03418780483406025,0.00100000000000001,0.0020000000000000065,0.00200000000000001,0.0030000000000000057
675,001,001,1,0.0010000000000000688,0.00200000000000006,0.0009999999999999911,0.04378780083208409,0.0010000000000000688,0.04436885074579947,0.00200000000000006,0.04098739744757316,0.002000000000000067,0.04020715102079923,0.0030000000000000534
676,110,110,1,0.0020000000000000803,0.003000000000000166,0.0010000000000000859,0.19079064258091116,0.19116051968899295,0.03284950965147413,0.033506408213552004,0.01979715043257776,0.020789215984596897,0.0020000000000000803,0.003000000000000166
677,100,100,1,0.0010000000000000343,0.002000000000000021,0.0009999999999999866,0.01962467418771072,0.01660726111609795,0.018372696758205007,0.016165798643160846,0.0010000000000000343,0.0020000000000000326,0.002000000000000021,0.003000000000000019
678,100,100,1,0.0010000000000000093,0.002000000000000009,0.0009999999999999998,0.06767883182349575,0.06866895402560176,0.06078212205883094,0.06056854379052553,0.0010000000000000093,0.0020000000000000096,0.002000000000000009,0.0030000000000000152
679,110,110,1,0.0020000000000001254,0.0030000000000001154,0.00099999999999999,0.0666741400126049,0.06512154968554919,0.021524305726115914,0.022211507401687015,0.04900682956112832,0.04886250881385871,0.0020000000000001254,0.0030000000000001154
680,110,110,1,0.002000000000000087,0.0030000000000000486,0.0009999999999999614,0.0899695718117323,0.08960181422968776,0.016700254363343898,0.017289269962399295,0.031830271838645126,0.03150287388717894,0.002000000000000087,0.0030000000000000486
681,111,111,1,0.0030000000000000846,0.032930986477272536,0.02993098647727245,0.35602861974827915,0.1784532987171131,0.2346102740173557,0.1712559036265401,0.1997914327718817,0.032930986477272536,0.03862858832195821,0.0030000000000000846
682,111,111,1,0.003000000000000041,0.0070915858253740895,0.004091585825374049,0.19133466774530694,0.08639958810486194,0.09255866514617588,0.0070915858253740895,0.1773631008169373,0.07921139738036347,0.08413901790845865,0.003000000000000041
683,111,111,1,0.0030000000000041716,0.029316423024188742,0.02631642302418457,1.0362952454182393,0.25786796644887466,0.25605756388695194,0.029316423024188742,1.0368296839176696,0.2582504144012811,0.19388309891279235,0.0030000000000041716
684,110,110,1,0.0020000000000001046,0.0030000000000000807,0.0009999999999999762,0.0814949435444678,0.05697207864187811,0.014879353992782077,0.014534930520796883,0.06265410581817735,0.03777030920250082,0.0020000000000001046,0.0030000000000000807
685,011,011,1,0.002000000000000114,0.003000000000000084,0.00099999999999997,0.3146779439797285,0.24069233980296303,0.022661980680116503,0.002000000000000114,0.3133644201167927,0.20941776100981516,0.0189229377105804,0.003000000000000084
686,001,001,1,0.00100000000000001,0.002000000000000009,0.0009999999999999992,0.007201191571154152,0.00100000000000001,0.0066047563592937265,0.00200000000000001,0.005618710874894794,0.002000000000000009,0.006053390901290892,0.0030000000000000096
687,011,011,1,0.002000000000000058,0.003000000000000048,0.00099999999999999,0.027017994347130536,0.004872544511503543,0.028013643058152942,0.002000000000000058,0.02801557810327589,0.005085822855351481,0.029013206426099163,0.003000000000000048
688,011,011,1,0.0020000000000003795,0.003000000000000347,0.0009999999999999675,0.11670042953028759,0.08479831177730092,0.009377647617952567,0.0020000000000003795,0.11146738299115298,0.08577871883824396,0.008842272330934106,0.003000000000000347
689,011,011,1,0.0020000000000000443,0.0030000000000000447,0.0010000000000000005,0.019813629617892334,0.014294017103908027,0.009718690983384935,0.0020000000000000443,0.020478701872626084,0.014327774302664811,0.01054890239828437,0.0030000000000000447
690,011,011,1,0.0020000000000002225,0.0030000000000001926,0.00099999999999997,0.2122719089418541,0.158798010325973,0.030000277931661438,0.0020000000000002225,0.14543326062084097,0.13440634500916873,0.02330667664126429,0.0030000000000001926
691,110,110,1,0.0020000000000000347,0.0030000000000000035,0.0009999999999999688,0.031134288498494228,0.02719629496074091,0.024935919254079425,0.024463223008213894,0.02564236324059622,0.021759926188175308,0.0020000000000000347,0.0030000000000000035
692,110,110,1,0.0020000000000000634,0.0030000000000000564,0.000999999999999993,0.08566187915138446,0.07713705305180198,0.07770545587182102,0.06978425934762615,0.0275744911840019,0.02812150820464522,0.0020000000000000634,0.0030000000000000564
693,011,011,1,0.0020000000000002954,0.003000000000000178,0.0009999999999998825,0.23051969181668155,0.11072231745079607,0.17204403271905763,0.0020000000000002954,0.202664097960042,0.11107574002899911,0.12810541875546316,0.003000000000000178
694,010,010,1,0.0010000000000000525,0.0020000000000000464,0.000999999999999994,0.04036538270830636,0.035930924818592905,0.0010000000000000525,0.0020000000000000477,0.03409688893914373,0.026728659657374823,0.0020000000000000464,0.0030000000000000348
695,011,011,1,0.002000000000000134,0.00300000000000008,0.0009999999999999458,0.12814379490933991,0.12704700783113745,0.0096045663846295,0.002000000000000134,0.1263523660902122,0.11800145420101832,0.00827383288408094,0.00300000000000008
696,110,110,1,0.0020000000000000187,0.0030000000000000118,0.000999999999999993,0.05935337419702149,0.06028031197760995,0.03275297848926288,0.03365643098606234,0.008237924593382073,0.009129945398738393,0.0020000000000000187,0.0030000000000000118
697,001,001,1,0.001000000000000009,0.0020000000000000083,0.0009999999999999994,0.0478305683216409,0.001000000000000009,0.04570915049751417,0.0020000000000000083,0.033084873016713943,0.0020000000000000083,0.031169022491666476,0.003000000000000008
698,110,110,1,0.002000000000000009,0.0030000000000000087,0.0009999999999999996,0.057172333000466834,0.05610288988410373,0.033448096979709956,0.033620655471900476,0.019670464366195236,0.01745361986970443,0.002000000000000009,0.0030000000000000087
699,100,100,1,0.0010000000000000198,0.0020000000000000196,0.0009999999999999998,0.07991772387186272,0.08091680447350136,0.058770052831651355,0.05946442546123101,0.0010000000000000198,0.00200000000000002,0.0020000000000000196,0.003000000000000038
700,001,001,1,0.0010000000000000885,0.0020000000000000694,0.000999999999999981,0.08384418483984508,0.0010000000000000885,0.07918404080531274,0.0020000000000000837,0.0826828960297361,0.0020000000000000694,0.06757872133057526,0.0030000000000000686
701,010,010,1,0.0010000000000001145,0.0020000000000000968,0.0009999999999999822,0.0874241874492987,0.08780061687126069,0.0010000000000001145,0.0020000000000001145,0.08367925745673388,0.08466970277827375,0.0020000000000000968,0.0030000000000000946
702,001,001,1,0.0010000000000000356,0.002000000000000019,0.0009999999999999835,0.021735615893369892,0.0010000000000000356,0.01828428488400059,0.0020000000000000356,0.02137732938719219,0.002000000000000019,0.0181678510651146,0.003000000000000019
703,001,001,1,0.0010000000000000688,0.002000000000000068,0.0009999999999999994,0.04510026284673441,0.0010000000000000688,0.043858836610360004,0.002000000000000068,0.04405313609823013,0.0020000000000000686,0.0438365635772528,0.003000000000000068
704,110,110,1,0.002000000000001005,0.0030000000000005764,0.0009999999999995715,0.1892567675824326,0.12309997672560284,0.045497658915768215,0.037707901396571375,0.19005904428215623,0.12246997632710484,0.002000000000001005,0.0030000000000005764
705,111,111,1,0.003000000000000054,0.005424936221125713,0.0024249362211256594,0.046049300456562116,0.02651438130754674,0.03449587931174158,0.022128857761290123,0.017602388488885918,0.005424936221125713,0.018270163847004105,0.003000000000000054
706,111,111,1,0.00300000000000001,0.010360519612936436,0.007360519612936427,0.07453087555763888,0.033273858660499804,0.052617024395165524,0.010360519612936436,0.053375318746325486,0.012633565538178768,0.04475761732578735,0.00300000000000001
707,000,000,1,0.0,0.001,0.001,0.0,0.001,0.001,0.002,0.001,0.002,0.002,0.003
708,100,100,1,0.0010000000000000202,0.0020000000000000126,0.0009999999999999924,0.04778250582612503,0.04596788136978209,0.029191462324637905,0.02721199041094339,0.0010000000000000202,0.002000000000000017,0.0020000000000000126,0.0030000000000000113
709,000,000,1,0.0,0.001,0.001,0.0,0.001,0.001,0.002,0.001,0.002,0.002,0.003
710,110,110,1,0.002000000000000172,0.003000000000000146,0.000999999999999974,0.1592484132566532,0.15885828028485202,0.053338824923795325,0.04815667670023818,0.08260812212422214,0.07128438054099183,0.002000000000000172,0.003000000000000146
711,100,100,1,0.0010000000000000375,0.0020000000000000243,0.0009999999999999868,0.03978756790837546,0.03894528728676766,0.03901960410939329,0.03904356424484855,0.0010000000000000375,0.0020000000000000243,0.0020000000000000373,0.003000000000000022
712,010,010,1,0.0010000000000000076,0.0020000000000000074,0.0009999999999999998,0.015228947326817982,0.013765902096640501,0.0010000000000000076,0.0020000000000000074,0.013038051055260586,0.01089459934760888,0.0020000000000000074,0.0030000000000000074
713,010,010,1,0.0010000000000001293,0.002000000000000108,0.0009999999999999788,0.022700523971221697,0.023003748141738906,0.0010000000000001293,0.002000000000000108,0.02358412481695815,0.023956119304485775,0.0020000000000001297,0.003000000000000109
714,110,110,1,0.002000000000000007,0.0030000000000000044,0.0009999999999999974,0.08564753389866242,0.08048438921264024,0.08565712476248595,0.08101069298980638,0.020525021547145205,0.013429897497757753,0.002000000000000007,0.0030000000000000044
715,110,110,1,0.0020000000000003878,0.0030000000000003657,0.000999999999999978,0.5847435753849282,0.5158789282076072,0.5467080451811064,0.4813781520204159,0.012968895354155283,0.013355290218797361,0.0020000000000003878,0.0030000000000003657
716,100,100,1,0.0010000000000000748,0.002000000000000064,0.000999999999999989,0.07180256080361991,0.06537119837425409,0.07214649033263329,0.0659391607821068,0.0010000000000000748,0.002000000000000064,0.002000000000000074,0.0030000000000000573
717,111,111,1,0.003000000000000098,0.0141007958672852,0.011100795867285101,0.0812693009420715,0.039358201333302666,0.053329351156257095,0.028370670263377334,0.051987901672894875,0.0141007958672852,0.024695650628587272,0.003000000000000098
718,000,000,1,0.0,0.001,0.001,0.0,0.001,0.001,0.002,0.001,0.002,0.002,0.003
719,010,010,1,0.001000000000000042,0.0020000000000000274,0.0009999999999999853,0.03959486724350492,0.03924864975736619,0.001000000000000042,0.0020000000000000274,0.0360600111883972,0.03340873871018496,0.002000000000000035,0.003000000000000009
720,110,110,1,0.0020000000000002655,0.0030000000000002264,0.000999999999999961,0.05118814012444764,0.034339863518130495,0.04446209609919427,0.03522877274940011,0.016223111282142072,0.009999816238750302,0.0020000000000002655,0.0030000000000002264
721,100,100,1,0.0010000000000000538,0.0020000000000000174,0.0009999999999999636,0.0425097210602704,0.040385176495527704,0.0350369580964908,0.030875568496666617,0.0010000000000000538,0.0020000000000000447,0.0020000000000000174,0.0030000000000000165
722,111,111,1,0.003000000000000052,0.004038606510435156,0.001038606510435104,0.14507732307898938,0.13702035240789626,0.0160210613790179,0.004038606510435156,0.12723760046285504,0.11737170019966647,0.01315411081969891,0.003000000000000052
723,110,110,1,0.002000000000000072,0.003000000000000123,0.0010000000000000508,0.09655568622996946,0.09736638009330535,0.0971895274290467,0.0981053293693079,0.03637307444598762,0.0373550658230575,0.002000000000000072,0.003000000000000123
724,111,111,1,0.0030000000000001137,0.029036902129601194,0.02603690212960108,0.1545001437876061,0.15218656833506689,0.15110097581362117,0.1472110653303892,0.07939954449906525,0.029036902129601194,0.0710630952029639,0.0030000000000001137
725,111,111,1,0.0030000000000000816,0.025892900312952973,0.02289290031295289,0.2600224125086132,0.19646325241247412,0.2463340421920188,0.1530127705078138,0.042526969064050395,0.03334584759573212,0.025892900312952973,0.0030000000000000816
726,110,110,1,0.0020000000000000074,0.0030000000000000044,0.000999999999999997,0.09856535353087999,0.0977741996889649,0.034800551543728644,0.032452240668833204,0.07146797146681315,0.07244339096065831,0.0020000000000000074,0.0030000000000000044
727,100,100,1,0.0010000000000000002,0.002,0.0009999999999999998,0.03910008596996192,0.0397434496589988,0.039844439087239066,0.03992830548538202,0.0010000000000000002,0.002,0.002,0.0030000000000000005
728,010,010,1,0.0010000000000001002,0.0020000000000000894,0.0009999999999999892,0.03758313889209649,0.03856193503389609,0.0010000000000001002,0.0020000000000000894,0.03849318178311239,0.03945221105711546,0.0020000000000000994,0.003000000000000089
729,100,100,1,0.0010000000000000057,0.002000000000000006,0.0010000000000000005,0.022791956560044752,0.023741386707562807,0.02378791423199318,0.024734057922927724,0.0010000000000000057,0.002000000000000006,0.002000000000000111,0.0030000000000000066
730,110,110,1,0.0020000000000001943,0.0030000000000001926,0.0009999999999999983,0.06360644541502869,0.05040577482160754,0.021242710766275912,0.0185384973498351,0.04890022229962199,0.043982683179253766,0.0020000000000001943,0.0030000000000001926
731,010,010,1,0.00100000000000033,0.0020000000000002342,0.0009999999999999042,0.052319003498981075,0.05236445182702019,0.00100000000000033,0.0020000000000003175,0.039228626613670346,0.03928009613896033,0.0020000000000002342,0.003000000000000233
732,100,100,1,0.0010000000000000473,0.002000000000000032,0.0009999999999999848,0.061563654593386787,0.045210898815797256,0.060830959499868574,0.04478412038319781,0.0010000000000000473,0.002000000000000042,0.002000000000000032,0.0030000000000000326
733,001,001,1,0.0010000000000000076,0.0020000000000000057,0.000999999999999998,0.04453193588215707,0.0010000000000000076,0.04049187632115317,0.0020000000000000057,0.04369469447105099,0.0020000000000000074,0.04052309243584142,0.0030000000000000057
734,010,010,1,0.0010000000000001466,0.0020000000000001037,0.000999999999999957,0.1302626174258873,0.12379887926480472,0.0010000000000001466,0.0020000000000001458,0.11979903441983923,0.11552369950832674,0.0020000000000001037,0.0030000000000001033
735,011,011,1,0.0020000000000000746,0.003000000000000072,0.0009999999999999974,0.40046137569286966,0.30629998321937457,0.033524745013242575,0.0020000000000000746,0.39795636777232885,0.23502402841576175,0.021194869455187337,0.003000000000000072
736,110,110,1,0.0020000000000000265,0.0030000000000000248,0.0009999999999999983,0.020561477594908017,0.020607064115988307,0.011254285418505386,0.012164567657564481,0.00666368475998772,0.007380521293582563,0.0020000000000000265,0.0030000000000000248
737,100,100,1,0.0010000000000000692,0.0020000000000000564,0.0009999999999999872,0.06354398308235813,0.036768160759756585,0.06453696092482261,0.03611523530526726,0.0010000000000000692,0.002000000000000068,0.0020000000000000564,0.003000000000000046
738,111,111,1,0.0030000000000003934,0.028175796550045866,0.02517579655004547,0.15208177088618827,0.10861979183182846,0.11453418386938048,0.028175796550045866,0.13604314546438767,0.10507713058708035,0.06636343878588931,0.0030000000000003934
739,011,011,1,0.0020000000000001674,0.003000000000000146,0.0009999999999999788,0.14652722783216132,0.052793183050491,0.09622462258666148,0.0020000000000001674,0.10694829906138553,0.04622721763683247,0.08129409060774541,0.003000000000000146
740,010,010,1,0.0010000000000000356,0.0020000000000000187,0.000999999999999983,0.026263246598430722,0.02678512890762814,0.0010000000000000356,0.002000000000000035,0.013179233109421748,0.014102231842331538,0.0020000000000000187,0.0030000000000000187
741,110,110,1,0.002000000000000071,0.003000000000000071,0.001,0.3047791023465917,0.30426726113753866,0.29613506499769443,0.2968961789264794,0.01671663778833238,0.016720897099606752,0.002000000000000071,0.003000000000000071
742,001,001,1,0.0010000000000000588,0.002000000000000036,0.0009999999999999773,0.11038285802974161,0.0010000000000000588,0.10630386748580167,0.002000000000000059,0.11129335587467222,0.002000000000000036,0.10645425188256626,0.003000000000000035
743,000,000,1,0.0,0.001,0.001,0.0,0.001,0.001,0.002,0.001,0.002,0.002,0.003
744,100,100,1,0.001000000000000003,0.002000000000000003,0.001,0.006087501008606209,0.007070168955978866,0.0044675123594043915,0.0052542478875741965,0.001000000000000003,0.002000000000000003,0.002000000000000003,0.003000000000000003
745,010,010,1,0.001000000000000209,0.0020000000000001813,0.0009999999999999723,0.227075643678986,0.2179163351930018,0.001000000000000209,0.0020000000000001813,0.22629255893515313,0.21876234334137243,0.0020000000000002086,0.0030000000000001957
746,001,001,1,0.001000000000000119,0.0020000000000000235,0.0009999999999999044,0.0366364351325719,0.001000000000000119,0.035630339132203113,0.002000000000000109,0.03694490958280809,0.0020000000000000235,0.035740973742092785,0.0030000000000000174
747,100,100,1,0.0010000000000000247,0.002000000000000019,0.0009999999999999944,0.026431332150746972,0.02739792996440933,0.026824237287239816,0.02758144222949009,0.0010000000000000247,0.002000000000000019,0.0020000000000000248,0.0030000000000000118
748,111,111,1,0.0030000000000000703,0.013213060777248476,0.010213060777248406,0.13467778180936119,0.04666262228604104,0.10755291251389106,0.04480024272663424,0.10210712492741374,0.013213060777248476,0.06238832629369077,0.0030000000000000703
749,001,001,1,0.0010000000000000451,0.0020000000000000274,0.0009999999999999822,0.04849694270085587,0.0010000000000000451,0.04472058021744802,0.0020000000000000274,0.04948572010869562,0.0020000000000000707,0.044551047462183614,0.0030000000000000105
750,110,110,1,0.0020000000000013696,0.0030000000000009507,0.000999999999999581,0.22523311070170568,0.17193942009020957,0.051437745778092625,0.04594853643990741,0.14894311507519792,0.12903297721487814,0.0020000000000013696,0.0030000000000009507
751,110,110,1,0.0020000000000000625,0.0030000000000000144,0.0009999999999999519,0.27564288506199813,0.27410200796589784,0.18158636202779785,0.17510660820161209,0.04382937665091854,0.033574722500976116,0.0020000000000000625,0.0030000000000000144
752,100,100,1,0.0010000000000000041,0.002000000000000004,0.0009999999999999998,0.017317942316500655,0.01802754218189279,0.018016550005575137,0.018045850044663872,0.0010000000000000041,0.0020000000000000044,0.002000000000000004,0.0030000000000000044
753,011,011,1,0.0020000000000003587,0.003000000000000075,0.0009999999999997164,0.04969401917281862,0.027239278787120572,0.006239487504903759,0.0020000000000003587,0.04025273502412995,0.01957671687315641,0.0064683922518950126,0.003000000000000075
754,011,011,1,0.002000000000000052,0.0030000000000000495,0.0009999999999999974,0.11836946710305392,0.053912053459989055,0.05869215192587746,0.002000000000000052,0.10915587540308132,0.04535463828392949,0.05968968930163545,0.0030000000000000495
755,010,010,1,0.001000000000000026,0.0020000000000000183,0.0009999999999999922,0.022659988844968226,0.022600165771150066,0.001000000000000026,0.0020000000000000183,0.018036770883348152,0.018478995550548716,0.002000000000000023,0.0030000000000000165
756,110,110,1,0.0020000000000003596,0.0030000000000003336,0.000999999999999974,0.527951497424372,0.5269771820695918,0.015133252806833072,0.01579845032355054,0.5266681792727299,0.5249059915003192,0.0020000000000003596,0.0030000000000003336
757,011,011,1,0.00200000000000001,0.0030000000000000096,0.0009999999999999996,0.098063198388524,0.039010946268709996,0.07567436499734585,0.00200000000000001,0.08009161197457523,0.024246273192445773,0.07042345208067631,0.0030000000000000096
758,001,001,1,0.0010000000000004194,0.0020000000000003964,0.000999999999999977,0.22281908128666753,0.0010000000000004194,0.2237196752366533,0.0020000000000003986,0.1609920093146803,0.0020000000000003964,0.1610993043727682,0.003000000000000383
759,100,100,1,0.0010000000000000475,0.0020000000000000447,0.0009999999999999972,0.10727701728267203,0.10549124922931917,0.09950488819205534,0.09639787295187276,0.0010000000000000475,0.0020000000000000456,0.0020000000000000447,0.0030000000000000434
760,111,111,1,0.003000000000001354,0.007143325382489688,0.004143325382488334,0.23645421814542136,0.1814757302620443,0.2075048046125827,0.14098987792087336,0.12651919063383554,0.007143325382489688,0.11970920167445276,0.003000000000001354
761,111,111,1,0.003000000000000888,0.042336220363066564,0.03933622036306567,0.3536129725821893,0.3513618915080244,0.17091312688688662,0.1512363520276736,0.20499754166693618,0.1926632431858345,0.042336220363066564,0.003000000000000888
762,011,011,1,0.0020000000000005374,0.003000000000000082,0.0009999999999995447,0.19049938743011396,0.06426995879016605,0.005683888230425862,0.0020000000000005374,0.15844035049195632,0.05455409750623247,0.006522392196218596,0.003000000000000082
763,100,100,1,0.0010000000000000189,0.0020000000000000152,0.0009999999999999963,0.05470638831651295,0.05511908260706209,0.05324914606245957,0.05421420309744163,0.0010000000000000189,0.002000000000000017,0.0020000000000000152,0.0030000000000000053
764,100,100,1,0.001000000000000054,0.0020000000000000274,0.0009999999999999733,0.049700190230478745,0.04935519691479962,0.048829709937037606,0.04632173495172859,0.001000000000000054,0.0020000000000000473,0.0020000000000000274,0.0030000000000000274
765,111,111,1,0.003000000000000945,0.019233578248027135,0.01623357824802619,0.15818857976530884,0.12901234084707555,0.04247418902571879,0.033576149148918044,0.14568401512465642,0.10369640965113523,0.019233578248027135,0.003000000000000945
766,001,001,1,0.001000000000000011,0.0020000000000000104,0.0009999999999999994,0.011152969223406214,0.001000000000000011,0.009785917332736097,0.002000000000000013,0.011553661753847342,0.0020000000000000104,0.009832819393267703,0.0030000000000000105
767,011,011,1,0.0020000000000004094,0.0030000000000003696,0.0009999999999999601,0.2305505382544756,0.21500513413001154,0.034832296217658036,0.0020000000000004094,0.1828096022598826,0.18373845462537478,0.023194759503149684,0.0030000000000003696
768,110,110,1,0.002000000000000026,0.003000000000000008,0.0009999999999999818,0.1380448827802295,0.1281443746015061,0.0816845929204672,0.07573854800362048,0.04721137626331614,0.04802410443504999,0.002000000000000026,0.003000000000000008
769,110,110,1,0.0020000000000001427,0.003000000000000124,0.0009999999999999814,0.2847862222900616,0.26089762317300597,0.0340830633332526,0.029023876212088497,0.21967020225051212,0.2178629599860412,0.0020000000000001427,0.003000000000000124
770,001,001,1,0.0010000000000000113,0.002000000000000011,0.0009999999999999996,0.05167247955024468,0.0010000000000000113,0.051253784432798065,0.002000000000000013,0.0429590402384172,0.002000000000000011,0.04365911677664541,0.003000000000000011
771,100,100,1,0.001000000000000035,0.00200000000000003,0.000999999999999995,0.00896698385858233,0.009833479103415026,0.0075293997385775455,0.00716995544994077,0.001000000000000035,0.00200000000000003,0.002000000000000033,0.003000000000000032
772,111,111,1,0.0030000000000002668,0.00582955608779794,0.0028295560877976736,0.24723194551487362,0.23322848372846947,0.0154180976342072,0.00582955608779794,0.18751388040423556,0.18664869917299828,0.015856890999656315,0.0030000000000002668
773,110,110,1,0.002000000000000249,0.003000000000000184,0.000999999999999935,0.27043706083635194,0.26763072695775464,0.2611844659185092,0.26200382754537355,0.029517235484030343,0.023267685414624005,0.002000000000000249,0.003000000000000184
774,011,011,1,0.0020000000000000777,0.0030000000000000096,0.000999999999999932,0.11408768162536587,0.01961836788357031,0.08623522860895537,0.0020000000000000777,0.10983802669437641,0.01677764651014261,0.08674780237846863,0.0030000000000000096
775,100,100,1,0.0010000000000000018,0.002000000000000001,0.0009999999999999992,0.003755534453796536,0.004135166591943269,0.004118092151604939,0.00483812470638958,0.0010000000000000018,0.002000000000000003,0.002000000000000001,0.0030000000000000005
776,001,001,1,0.0010000000000000406,0.002000000000000026,0.0009999999999999855,0.04974857804849565,0.0010000000000000406,0.04988707025973905,0.002000000000000026,0.04919349729405789,0.0020000000000000395,0.0490903655170327,0.0030000000000000235
777,001,001,1,0.0010000000000000603,0.0020000000000000083,0.000999999999999948,0.03630311830618993,0.0010000000000000603,0.0348229361200069,0.0020000000000000083,0.03663844572783098,0.0020000000000000595,0.03531448337791605,0.0030000000000000066
778,100,100,1,0.0010000000000000566,0.002000000000000051,0.0009999999999999946,0.015368163041858026,0.016359538104617995,0.014086428467179283,0.015051993470125867,0.0010000000000000566,0.002000000000000051,0.0020000000000000556,0.0030000000000000504
779,100,100,1,0.0010000000000001741,0.002000000000000126,0.0009999999999999517,0.04072977782962839,0.041729614724268706,0.04056835394518713,0.04084962874614312,0.0010000000000001741,0.0020000000000001726,0.002000000000000126,0.0030000000000001675
780,010,010,1,0.0010000000000000065,0.0020000000000000087,0.0010000000000000022,0.0036973454370314786,0.00362710044839211,0.0010000000000000065,0.00200000000000001,0.004697345374605352,0.00459198281976258,0.0020000000000000087,0.0030000000000000066
781,110,110,1,0.002000000000001042,0.0030000000000009104,0.0009999999999998682,0.2778479802022232,0.23107479593239075,0.04021135852922457,0.03304376400680789,0.22837715315141618,0.21315309742635838,0.002000000000001042,0.0030000000000009104
782,110,110,1,0.002000000000000227,0.003000000000000134,0.0009999999999999072,0.1645333274604726,0.13178278294588808,0.011648018596434974,0.0076868439452517446,0.12117908262574399,0.05486421870875378,0.002000000000000227,0.003000000000000134
783,111,111,1,0.0030000000000015123,0.050776545062566285,0.04777654506256477,0.6838119120887242,0.5738976777600047,0.43925441080258193,0.4201437658048181,0.2494734950308034,0.050776545062566285,0.08373460142345236,0.0030000000000015123
784,100,100,1,0.0010000000000000256,0.0020000000000000187,0.000999999999999993,0.04169867888577681,0.03931222536982764,0.04094376581815847,0.03795717064648871,0.0010000000000000256,0.0020000000000000187,0.002000000000000025,0.003000000000000026
785,110,110,1,0.002000000000000233,0.0030000000000002056,0.0009999999999999727,0.1629530937449216,0.153786063654617,0.02784239874361177,0.02836956534773779,0.16214910326423623,0.1533789894155523,0.002000000000000233,0.0030000000000002056
786,110,110,1,0.0020000000000001106,0.0030000000000001067,0.0009999999999999961,0.15326915256090692,0.1494541349100262,0.015962540307245542,0.016479302105202695,0.14968849609613757,0.14811265745970142,0.0020000000000001106,0.0030000000000001067
787,100,100,1,0.001000000000000017,0.002000000000000017,0.001,0.008326365079022562,0.009125220886364537,0.009291612481809933,0.010081173427564642,0.001000000000000017,0.0020000000000000772,0.002000000000000017,0.0030000000000000304
788,001,001,1,0.0010000000000000464,0.002000000000000046,0.0009999999999999996,0.04056187129514652,0.0010000000000000464,0.041163757372813976,0.002000000000000046,0.03571201627483739,0.0020000000000000464,0.03581944012767801,0.003000000000000046
789,100,100,1,0.0010000000000000063,0.001989850956019134,0.0009898509560191278,0.002632289200255796,0.0036312835445770604,0.001989850956019134,0.0028143850829590944,0.0010000000000000063,0.002000000000000007,0.0020000000000000052,0.0030000000000000057
790,110,110,1,0.0020000000000000634,0.0030000000000004836,0.0010000000000004203,0.10547083968623494,0.10267755449588072,0.03641406341883649,0.03496633514507961,0.10226714612333114,0.0924784731256507,0.0020000000000000634,0.0030000000000004836
791,110,110,1,0.0020000000000000256,0.0030000000000000187,0.000999999999999993,0.08765951136794,0.08817723983029847,0.07171667861556551,0.0713940301837686,0.02144113277272913,0.022226359483154212,0.0020000000000000256,0.0030000000000000187
792,100,100,1,0.0010000000000000766,0.0020000000000000595,0.0009999999999999829,0.16272955909085093,0.15461553968877398,0.14279218868894222,0.12301677674528871,0.0010000000000000766,0.0020000000000000595,0.002000000000000065,0.003000000000000054
793,110,110,1,0.002000000000000075,0.0030000000000000404,0.0009999999999999653,0.3267605029639304,0.32748600514095705,0.019542516480616546,0.017972978669819915,0.29548131119123916,0.2947334882378923,0.002000000000000075,0.0030000000000000404
794,001,001,1,0.0010000000000000245,0.0020000000000000152,0.0009999999999999907,0.04089929346320439,0.0010000000000000245,0.03461808994160663,0.002000000000000018,0.017680870668473687,0.0020000000000000152,0.01568193336732923,0.0030000000000000118
795,001,001,1,0.0010000000000000245,0.002000000000000004,0.0009999999999999794,0.036705551998415874,0.0010000000000000245,0.026257495623565608,0.002000000000000004,0.03767795621672298,0.0020000000000000243,0.026870688683652603,0.0030000000000000044
796,110,110,1,0.002000000000000349,0.0030000000000001952,0.000999999999999846,0.2612062045742443,0.1805041691307513,0.018099488756536667,0.010136229368161864,0.23438179940533455,0.09017272661174286,0.002000000000000349,0.0030000000000001952
797,000,000,1,0.0,0.001,0.001,0.0,0.001,0.001,0.002,0.001,0.002,0.002,0.003
798,110,110,1,0.002000000000000105,0.0030000000000001033,0.0009999999999999983,0.12971298741618653,0.13040230861758767,0.12729500292279028,0.12829258031730284,0.0076611861990165345,0.007968332205675631,0.002000000000000105,0.0030000000000001033
799,011,011,1,0.002000000000000269,0.0030000000000001276,0.0009999999999998586,0.10120286034223584,0.09541740815226685,0.04083916653376287,0.002000000000000269,0.09855181854884643,0.09594140829794595,0.03283296894709119,0.0030000000000001276
800,110,110,1,0.0020000000000002884,0.003000000000000138,0.0009999999999998495,0.0986730404881494,0.09253609076199192,0.08632110561937911,0.07684804479830291,0.053850376857797755,0.05484422681052862,0.0020000000000002884,0.003000000000000138
801,011,011,1,0.0020000000000000152,0.0030000000000000144,0.0009999999999999992,0.026690217488099483,0.015542638794718722,0.011782719711984295,0.0020000000000000152,0.0265924817704461,0.016256053083921505,0.012553844450149938,0.0030000000000000144
802,110,110,1,0.0020000000000000144,0.0030000000000000126,0.0009999999999999983,0.014112674330330878,0.015088762335534436,0.004300463476744939,0.005274251980881321,0.014341248306463786,0.015275198602867336,0.0020000000000000144,0.0030000000000000126
803,011,011,1,0.0020000000000002264,0.0030000000000002217,0.0009999999999999953,0.11820053056304432,0.018464865295940467,0.08366669281792431,0.0020000000000002264,0.11919914750189338,0.01856508197795239,0.08384662878776043,0.0030000000000002217
804,011,011,1,0.0020000000000000317,0.003000000000000031,0.0009999999999999992,0.23057312639741478,0.028710393121873134,0.08941336358851402,0.0020000000000000317,0.2289517423532226,0.029622467832895134,0.0854699401919322,0.003000000000000031
805,010,010,1,0.0010000000000001234,0.0020000000000001115,0.000999999999999988,0.07784805076644113,0.07877961532268891,0.0010000000000001234,0.0020000000000001137,0.07184154662031846,0.07183301445469324,0.0020000000000001115,0.0030000000000001063
806,111,111,1,0.0030000000000006905,0.04055708531594045,0.03755708531593976,0.08888094664267843,0.05909587164084181,0.08498820379630002,0.045447408671395,0.0872059117632404,0.04055708531594045,0.08115930174190274,0.0030000000000006905
807,110,110,1,0.0020000000000000104,0.0030000000000000096,0.0009999999999999992,0.0788372563539757,0.06766052528201323,0.06327798776344301,0.061758968646952024,0.017348092903656437,0.013152330888639752,0.0020000000000000104,0.0030000000000000096
808,110,010,0,0.0020000000000000217,0.0011863864953428546,-0.0008136135046571671,0.13888818715140835,0.1363076506109418,0.0011863864953428546,0.00218630621182578,0.13366364883240925,0.13114012438445302,0.0020000000000000217,0.003000000000000004
809,001,001,1,0.001000000000000109,0.002000000000000033,0.000999999999999924,0.04339823697157541,0.001000000000000109,0.024198014326584763,0.002000000000000033,0.04368099159822375,0.002000000000000109,0.025184302665839972,0.0030000000000000287
810,111,111,1,0.0030000000000000365,0.005072220386683663,0.0020722203866836266,0.08476816234415852,0.08344032742756026,0.006879338344518211,0.005072220386683663,0.07143614777252445,0.06302654697709387,0.007091898841526291,0.0030000000000000365
811,110,110,1,0.0020000000000000534,0.003000000000000043,0.0009999999999999896,0.06947839303389002,0.07031026213894619,0.006023239941441397,0.007006104353722406,0.014482021125184166,0.015373447682614415,0.0020000000000000534,0.003000000000000043
812,100,100,1,0.0010000000000000007,0.0020000000000000005,0.0009999999999999998,0.014290082326954412,0.014120926011576745,0.014883103101678122,0.01504663288702896,0.0010000000000000007,0.0020000000000000005,0.0020000000000000005,0.0030000000000000005
813,001,001,1,0.001000000000000781,0.0020000000000003604,0.0009999999999995794,0.10162862879244634,0.001000000000000781,0.10246904959233254,0.002000000000000781,0.08723262442129649,0.0020000000000003604,0.08818665341221477,0.0030000000000003513
814,111,111,1,0.003000000000000199,0.005560949189566547,0.002560949189566348,0.3267602345328831,0.28526581039452176,0.06964442248444218,0.005560949189566547,0.21166184497224708,0.20821754176886711,0.033484753685817985,0.003000000000000199
815,001,001,1,0.0010000000000001746,0.0020000000000000365,0.000999999999999862,0.028856434371618417,0.0010000000000001746,0.02927574224620057,0.0020000000000001718,0.029518816448671412,0.0020000000000000365,0.03014892065818868,0.0030000000000000087
816,110,110,1,0.0020000000000004975,0.003000000000000403,0.0009999999999999055,0.15282629537954565,0.14879842719208103,0.07261418741923113,0.06174210354709633,0.06093573865964503,0.059554983823845616,0.0020000000000004975,0.003000000000000403
817,010,010,1,0.0010000000000000297,0.002000000000000024,0.0009999999999999942,0.05630019280608952,0.057086430443798304,0.0010000000000000297,0.002000000000000024,0.05671229890339568,0.056715579879191506,0.0020000000000000295,0.003000000000000023
818,110,110,1,0.0020000000000000955,0.003000000000000078,0.0009999999999999827,0.07845179227147807,0.0788158836709343,0.017132652425627885,0.01806319601595357,0.0794488484114745,0.07981569742278925,0.0020000000000000955,0.003000000000000078
819,111,111,1,0.003000000000000191,0.006387815879122517,0.003387815879122326,0.1283134967132223,0.12568581803442294,0.012301599822075217,0.006387815879122517,0.06725413509791976,0.0646219183174273,0.00884246455239324,0.003000000000000191
820,110,110,1,0.0020000000000000135,0.003000000000000011,0.0009999999999999974,0.07019287747961027,0.02996100092333792,0.027607963314701434,0.02598025513297409,0.04924176636572717,0.012126975333576658,0.0020000000000000135,0.003000000000000011
821,010,010,1,0.00100000000000001,0.0020000000000000087,0.0009999999999999987,0.0328730154988582,0.01867297719748491,0.00100000000000001,0.002000000000000009,0.03342359691062165,0.019231587814642938,0.0020000000000000087,0.0030000000000000152
822,100,100,1,0.0010000000000000098,0.0020000000000000065,0.0009999999999999968,0.016356916843318196,0.01675834820131575,0.015482461031619855,0.016102076801693965,0.0010000000000000098,0.0020000000000000065,0.0020000000000000087,0.003000000000000053
823,100,100,1,0.0010000000000000122,0.0020000000000000104,0.0009999999999999983,0.03048681401427597,0.02937093407048295,0.031340299955884415,0.028165783372752343,0.0010000000000000122,0.0020000000000000104,0.002000000000000012,0.0030000000000000087
824,011,011,1,0.0020000000000008765,0.0030000000000004814,0.000999999999999605,0.4079569844179005,0.30762263323347,0.1644910683994773,0.0020000000000008765,0.31659373859469797,0.28066888279909796,0.12167192336183653,0.0030000000000004814
825,111,111,1,0.0030000000000000595,0.015025788491795589,0.012025788491795529,0.1481442999748025,0.1490802343791422,0.14155524331889632,0.13722819775312567,0.0417203364303032,0.04205901991392092,0.015025788491795589,0.0030000000000000595
826,110,110,1,0.002000000000000252,0.0030000000000002447,0.0009999999999999926,0.14385773091451312,0.14310634935227273,0.00308616703679209,0.0040857873172348205,0.14124533934275096,0.14031753740263264,0.002000000000000252,0.0030000000000002447
827,001,001,1,0.0010000000000001592,0.0020000000000001137,0.0009999999999999545,0.10148381452862543,0.0010000000000001592,0.10246867791088225,0.002000000000000152,0.08638801253054805,0.0020000000000001137,0.08738514969341497,0.0030000000000001076
828,011,011,1,0.0020000000000002104,0.003000000000000185,0.0009999999999999744,0.10768542508579308,0.034453718857533365,0.054048409601162306,0.0020000000000002104,0.10354356886137213,0.03381354264733297,0.05449258519055005,0.003000000000000185
829,011,011,1,0.002000000000000035,0.0030000000000000296,0.0009999999999999944,0.19942494034075042,0.19129509915101447,0.03147078321850673,0.002000000000000035,0.18924660402447913,0.17916032917622401,0.03239774459089455,0.0030000000000000296
830,001,001,1,0.0010000000000000026,0.0020000000000000013,0.0009999999999999987,0.07613801710065261,0.0010000000000000026,0.05730198030775637,0.002000000000000004,0.07528423692491316,0.0020000000000000013,0.05774486812492979,0.0030000000000000014
831,001,001,1,0.0010000000000000024,0.002000000000000002,0.0009999999999999998,0.03583957196722187,0.0010000000000000024,0.02247006478053953,0.002000000000000002,0.035927796461976295,0.002000000000000003,0.018002307651494985,0.0030000000000000022
832,001,001,1,0.001000000000000034,0.002000000000000024,0.0009999999999999898,0.02492816607960251,0.001000000000000034,0.023719375621583095,0.002000000000000025,0.02489515043146025,0.002000000000000024,0.023051038475465344,0.003000000000000019
833,111,111,1,0.0030000000000011675,0.031226930117863733,0.028226930117862564,0.4208938605337987,0.13939295390479708,0.33444293165091027,0.08260026259805132,0.2479921729305484,0.031226930117863733,0.19622107723132645,0.0030000000000011675
834,011,011,1,0.002000000000000582,0.003000000000000578,0.0009999999999999961,0.16197749524284477,0.053666503466499656,0.1492925105125152,0.002000000000000582,0.1396132827216469,0.05376292981644984,0.12705996166080435,0.003000000000000578
835,110,010,0,0.00200000000000021,0.0017354275981207828,-0.0002645724018794271,0.12786020684583418,0.1260116837204523,0.0017354275981207828,0.0027175246268342215,0.10315797181030084,0.10381953419516905,0.00200000000000021,0.0030000000000000283
836,111,111,1,0.0030000000000001527,0.04101326682399945,0.038013266823999296,0.309830000840168,0.2867002263624857,0.11837784223684651,0.11538400866602118,0.14409295390629662,0.04101326682399945,0.04241139696128434,0.0030000000000001527
837,010,010,1,0.0010000000000000315,0.002000000000000029,0.0009999999999999976,0.03953376486530844,0.03941808827645723,0.0010000000000000315,0.00200000000000003,0.04001925322459708,0.040416312917888816,0.002000000000000029,0.0030000000000000296
838,110,110,1,0.002000000000000228,0.0030000000000001896,0.0009999999999999614,0.04417951053260882,0.026577982262838334,0.04501867345389906,0.018366058181724487,0.018154876466182374,0.007947670220297406,0.002000000000000228,0.0030000000000001896
839,001,001,1,0.0010000000000001,0.0020000000000001,0.0009999999999999998,0.03720708407479862,0.0010000000000001,0.03820505743094216,0.0020000000000001,0.03064345527693184,0.0020000000000001,0.03163094671332309,0.0030000000000000994
840,010,010,1,0.001000000000000072,0.002000000000000061,0.0009999999999999892,0.01561204695534473,0.01612823877142688,0.001000000000000072,0.0020000000000000703,0.01649106292967512,0.016801845444986745,0.002000000000000061,0.0030000000000000603
841,110,110,1,0.0020000000000000577,0.003000000000000054,0.0009999999999999961,0.11660056827878928,0.11749675511669948,0.04592158876998253,0.04141388096941347,0.062202410466715034,0.05317668837101643,0.0020000000000000577,0.003000000000000054
842,110,110,1,0.002000000000000159,0.003000000000000159,0.0009999999999999996,0.07085799064648106,0.06915575645355505,0.0373503914761106,0.03019854779473878,0.03936210650090144,0.039083401150008086,0.002000000000000159,0.003000000000000159
843,001,001,1,0.0010000000000001245,0.0020000000000000118,0.0009999999999998873,0.17354949139197443,0.0010000000000001245,0.10073398327796297,0.0020000000000000118,0.1744973402900526,0.0020000000000001245,0.09838780813112846,0.0030000000000000027
844,110,110,1,0.0020000000000002785,0.0030000000000002603,0.0009999999999999818,0.11087061919390491,0.11139780508817015,0.028146601165983134,0.026962636326639436,0.044293142352397945,0.04160683083185434,0.0020000000000002785,0.0030000000000002603
845,110,110,1,0.0020000000000002013,0.0030000000000001592,0.000999999999999958,0.22311979663957338,0.14529142480142632,0.05513254103903881,0.05070694049729807,0.1875215662798704,0.11742828292775453,0.0020000000000002013,0.0030000000000001592
846,100,100,1,0.0010000000000000813,0.0020000000000000573,0.000999999999999976,0.08878286741801249,0.08356512197943293,0.08182432859381018,0.08138038194635448,0.0010000000000000813,0.0020000000000000573,0.0020000000000000794,0.0030000000000000382
847,011,011,1,0.0020000000000003947,0.0030000000000001067,0.000999999999999712,0.13608388328549,0.07593094106422636,0.019745571119828952,0.0020000000000003947,0.12228976965803352,0.06876828099490644,0.00958638599436774,0.0030000000000001067
848,011,011,1,0.00200000000000042,0.003000000000000694,0.001000000000000274,0.1761729716029733,0.17462189219721294,0.034279792621497614,0.00200000000000042,0.1750835942193575,0.1739976649674503,0.03511128610488115,0.003000000000000694
849,000,000,1,0.0,0.001,0.001,0.0,0.001,0.001,0.002,0.001,0.002,0.002,0.003
850,100,100,1,0.0010000000000000247,0.0020000000000000248,0.001,0.19763497278247888,0.19862689741624187,0.19781772377514115,0.19508456379538666,0.0010000000000000247,0.0020000000000000248,0.0020000000000000248,0.0030000000000000235
851,011,011,1,0.0020000000000000764,0.0030000000000000677,0.0009999999999999913,0.09311558569145657,0.016650190759151362,0.09365540766276258,0.0020000000000000764,0.08896255946654201,0.017169494061171544,0.08966919317105693,0.0030000000000000677
852,001,001,1,0.0010000000000000202,0.002000000000000014,0.0009999999999999937,0.02143360184162818,0.0010000000000000202,0.020616444477290746,0.002000000000000014,0.02194839672042288,0.002000000000000018,0.021541045484185492,0.0030000000000000135
853,001,001,1,0.001000000000000034,0.0020000000000000196,0.0009999999999999855,0.026575766500147886,0.001000000000000034,0.019657514835252802,0.0020000000000000196,0.027331769736142347,0.002000000000000034,0.016894531743761064,0.003000000000000015
854,111,111,1,0.003000000000000239,0.08281011744876242,0.07981011744876218,0.7368122581772355,0.2865373842755871,0.6334400556575862,0.25114173957667574,0.2323714624747866,0.08281011744876242,0.08376028460421726,0.003000000000000239
855,111,111,1,0.003000000000000322,0.008485843882994861,0.005485843882994539,0.16782339792056145,0.04432103878234723,0.1409440521043467,0.008485843882994861,0.11987011561766893,0.0419148114460339,0.08274976784315906,0.003000000000000322
856,100,100,1,0.0010000000000000662,0.0020000000000000608,0.0009999999999999946,0.07562607492661165,0.07595344572524793,0.06951160693299782,0.06996945879783635,0.0010000000000000662,0.0020000000000000608,0.002000000000000062,0.0030000000000000547
857,110,110,1,0.0020000000000000885,0.00300000000000008,0.0009999999999999913,0.03506467996936747,0.03604920388650608,0.03203313903772664,0.03301179685725566,0.016070870008783336,0.0169345229030732,0.0020000000000000885,0.00300000000000008
858,100,100,1,0.0010000000000000087,0.0020000000000000074,0.0009999999999999987,0.04022643226128154,0.0400698399419104,0.02712827988500566,0.01918481631967805,0.0010000000000000087,0.002000000000000505,0.0020000000000000074,0.003000000000000008
859,010,010,1,0.0010000000000001078,0.0020000000000000577,0.00099999999999995,0.02911600695934477,0.027996690881103643,0.0010000000000001078,0.0020000000000000577,0.028756003665011853,0.027290135757198956,0.0020000000000001015,0.0030000000000001458
860,111,111,1,0.0030000000000000742,0.014356520401164898,0.011356520401164824,0.15114434032908758,0.1521269063489588,0.03213066756767345,0.023331185583690454,0.05566139956588955,0.04998191539269281,0.014356520401164898,0.0030000000000000742
861,110,110,1,0.002000000000000192,0.0030000000000001865,0.0009999999999999944,0.08639397749858531,0.07215273965979525,0.04229619638109108,0.024048210345874683,0.06149473093396964,0.06201410793016557,0.002000000000000192,0.0030000000000001865
862,110,110,1,0.002000000000000066,0.003000000000000066,0.001,0.14813789683181253,0.14874286648864304,0.05861726124655605,0.04955732155371392,0.09475872867669638,0.08017940402914273,0.002000000000000066,0.003000000000000066
863,110,110,1,0.0020000000000000326,0.003000000000000029,0.0009999999999999966,0.27975934301161265,0.2794705251288107,0.03656446872909623,0.03703867355641582,0.23636509032762276,0.23411269253429554,0.0020000000000000326,0.003000000000000029
864,011,011,1,0.002000000000000056,0.003000000000000055,0.0009999999999999992,0.08164729889817716,0.04136847866704065,0.07637203655667978,0.002000000000000056,0.06539284676075492,0.02998013683795489,0.06580997502807581,0.003000000000000055
865,001,001,1,0.0010000000000000293,0.00200000000000002,0.0009999999999999907,0.02497720920072255,0.0010000000000000293,0.02585690171401407,0.002000000000000035,0.02559081880901438,0.00200000000000002,0.026575547849640294,0.0030000000000000187
866,001,001,1,0.0010000000000000852,0.0020000000000000573,0.000999999999999972,0.07381284972290504,0.0010000000000000852,0.06801601148767439,0.0020000000000000733,0.07189957279566019,0.0020000000000000573,0.061977946092089085,0.003000000000000055
867,001,001,1,0.0010000000000000508,0.002000000000000042,0.0009999999999999913,0.04070652450234766,0.0010000000000000508,0.033454997619835475,0.002000000000000125,0.041606957147097494,0.002000000000000042,0.034265851913181065,0.0030000000000000495
868,001,001,1,0.0010000000000000145,0.0020000000000000018,0.0009999999999999872,0.04453685376893196,0.0010000000000000145,0.03285114236656487,0.0020000000000000018,0.045535100823011494,0.0020000000000000144,0.032975956817621464,0.003
869,111,111,1,0.0030000000000004047,0.06869956448610952,0.06569956448610911,0.33951469191461814,0.14857809151561058,0.16008700488601627,0.06869956448610952,0.2909946669365819,0.07458353042455025,0.11313694681309773,0.0030000000000004047
870,111,111,1,0.003000000000000319,0.05761570745433354,0.054615707454333216,0.23843790044082466,0.21101212168461783,0.08520197109441446,0.06314249878241937,0.2372034647658082,0.20119551870913197,0.05761570745433354,0.003000000000000319
871,010,010,1,0.0010000000000000438,0.0020000000000000425,0.0009999999999999987,0.0644741636933539,0.06537762043613955,0.0010000000000000438,0.0020000000000000425,0.0626591016484051,0.06294341141486956,0.002000000000000043,0.0030000000000000426
872,011,011,1,0.002000000000000364,0.0030000000000002867,0.0009999999999999228,0.1487956553320355,0.005692212764184097,0.14315126881910412,0.002000000000000364,0.13901135973395054,0.00540468221111973,0.13794678806858482,0.0030000000000002867
873,110,110,1,0.0020000000000002746,0.0030000000000001566,0.000999999999999882,0.24861272929478895,0.22576552531419639,0.035046789838752625,0.02877121309627316,0.1949950362529219,0.11661364990853229,0.0020000000000002746,0.0030000000000001566
874,010,010,1,0.001000000000000035,0.0020000000000000347,0.0009999999999999998,0.08924486845043773,0.08998991963279368,0.001000000000000035,0.0020000000000000347,0.07268682394260913,0.07116610671182431,0.002000000000000035,0.003000000000000035
875,110,110,1,0.00200000000000015,0.0030000000000001146,0.0009999999999999645,0.17698139715399366,0.11717731352665506,0.047258749726040244,0.04790689520494917,0.16749984256983985,0.10249126347368209,0.00200000000000015,0.0030000000000001146
876,000,000,1,0.0,0.001,0.001,0.0,0.001,0.001,0.002,0.001,0.002,0.002,0.003
877,011,011,1,0.002000000000000062,0.0030000000000000478,0.0009999999999999857,0.13636573955766781,0.06511203376299547,0.006230810982034696,0.002000000000000062,0.13594050965037752,0.05812059612914372,0.006248892467926361,0.0030000000000000478
878,011,011,1,0.0020000000000003643,0.0030000000000003457,0.0009999999999999814,0.46901177394364185,0.3534666326982628,0.03121699484269679,0.0020000000000003643,0.3821817341872636,0.34164598927115897,0.013102347459021689,0.0030000000000003457
879,111,111,1,0.003000000000000993,0.020114146556191446,0.01711414655619045,0.49018961518272103,0.34696540531043646,0.40098997805521824,0.3016684717839245,0.16444216853254054,0.020114146556191446,0.1140108323884661,0.003000000000000993
880,100,100,1,0.001000000000000003,0.0020000000000000026,0.0009999999999999996,0.024417224202799858,0.023865266879736145,0.024678236595289473,0.024273267169457484,0.001000000000000003,0.0020000000000000026,0.002000000000000003,0.003000000000000003
881,111,111,1,0.0030000000000001254,0.05784676275045906,0.05484676275045893,0.21706314247599412,0.18853750918490522,0.13657824360622056,0.07462862988634048,0.11794853764747011,0.09274019617127793,0.05784676275045906,0.0030000000000001254
882,010,010,1,0.001000000000000003,0.0020000000000000026,0.0009999999999999996,0.03993995514373402,0.03142048650563525,0.001000000000000003,0.0020000000000000057,0.037257939261771206,0.03177013388899312,0.0020000000000000026,0.0030000000000000022
883,010,010,1,0.0010000000000000321,0.0020000000000000304,0.0009999999999999983,0.01783355943740551,0.017486297079902083,0.0010000000000000321,0.002000000000000032,0.018106540419850388,0.015606979635908323,0.0020000000000000304,0.0030000000000000304
884,001,001,1,0.0010000000000003745,0.002000000000000245,0.0009999999999998706,0.36184365905038085,0.0010000000000003745,0.3559894532738556,0.002000000000000338,0.3202489350272864,0.002000000000000245,0.31669615363645054,0.0030000000000002017
885,001,001,1,0.0010000000000000464,0.002000000000000022,0.0009999999999999757,0.016350155581573295,0.0010000000000000464,0.016265054964508783,0.002000000000000044,0.015816689358635047,0.002000000000000022,0.015522124713390754,0.0030000000000000226
886,111,111,1,0.003000000000000303,0.027392533101633913,0.02439253310163361,0.1693067174578267,0.09201303918337811,0.1002727390241213,0.027392533101633913,0.08375941695243898,0.043336971236532094,0.0446918209328587,0.003000000000000303
887,111,111,1,0.0030000000000001367,0.02270390950343299,0.019703909503432853,0.16467992508817572,0.11700682109465242,0.05973596432332982,0.027905696194491417,0.05855842097883545,0.032987979222476475,0.02270390950343299,0.0030000000000001367
888,010,010,1,0.0010000000000000362,0.002000000000000034,0.0009999999999999976,0.07967302750091969,0.08017900410664401,0.0010000000000000362,0.002000000000000034,0.0796331487029281,0.08046962260555827,0.0020000000000000365,0.003000000000000034
889,111,111,1,0.0030000000000003114,0.049389709836726546,0.04638970983672623,0.2684024089508655,0.1505217767211726,0.10804837709936178,0.049389709836726546,0.153431935171186,0.06091067978397707,0.05078711854651016,0.0030000000000003114
890,111,111,1,0.003000000000000446,0.06490493917757476,0.06190493917757431,0.15474117082207503,0.13973943980824244,0.1524058626621482,0.1071254898757741,0.09653607159956218,0.08811836505864275,0.06490493917757476,0.003000000000000446
891,100,100,1,0.001000000000000062,0.0020000000000000608,0.0009999999999999987,0.04471195833739528,0.038195332088673206,0.04310353598042176,0.03436297143093694,0.001000000000000062,0.0020000000000000608,0.0020000000000000616,0.003000000000000068
892,010,010,1,0.0010000000000000187,0.0020000000000000057,0.000999999999999987,0.0054929915563628195,0.005953947466144346,0.0010000000000000187,0.0020000000000000183,0.005864200999516025,0.006343064733598241,0.0020000000000000057,0.003000000000000006
893,111,111,1,0.0030000000000000465,0.01580076246806199,0.012800762468061945,0.10711544898551728,0.09177736138814381,0.09983667140128982,0.07462629870644356,0.036240605251734025,0.01580076246806199,0.03348065740451016,0.0030000000000000465
894,111,111,1,0.0030000000000000543,0.03521685277170876,0.03221685277170871,0.3076625655986165,0.2568535504198292,0.25023018796068197,0.19338310168796466,0.07094599380602694,0.03521685277170876,0.04471162134374899,0.0030000000000000543
895,001,001,1,0.0010000000000000627,0.002000000000000059,0.0009999999999999963,0.11135302723152508,0.0010000000000000627,0.10836030853819928,0.002000000000000059,0.11226201645223643,0.0020000000000000625,0.10934480371939496,0.003000000000000059
896,010,010,1,0.0010000000000000792,0.002000000000000045,0.000999999999999966,0.062953501676412,0.04731287896094983,0.0010000000000000792,0.0020000000000000525,0.058695829929150095,0.040558185493424194,0.002000000000000045,0.0030000000000000304
897,001,001,1,0.0010000000000000469,0.0020000000000000373,0.0009999999999999905,0.03857438257771429,0.0010000000000000469,0.030624873164219923,0.0020000000000000412,0.036693753229583896,0.0020000000000000373,0.028494950814305052,0.0030000000000000283
898,001,001,1,0.0010000000000000046,0.002000000000000001,0.0009999999999999963,0.005788714601916471,0.0010000000000000046,0.006785112386337175,0.002000000000000001,0.006774117784035411,0.002000000000000005,0.007772742134082129,0.0030000000000000005
899,100,100,1,0.0010000000000000037,0.0020000000000000035,0.0009999999999999998,0.00620468289240463,0.006844184648720135,0.006889069424991623,0.007072133861393722,0.0010000000000000037,0.0020000000000000035,0.002000000000000014,0.003000000000000007
900,010,010,1,0.0010000000000000013,0.002000000000000001,0.0009999999999999996,0.15156749712065934,0.14655447654727047,0.0010000000000000013,0.0020000000000000013,0.14404950062212338,0.14341318589986685,0.002000000000000001,0.003000000000000001
901,010,010,1,0.0010000000000000401,0.0020000000000000313,0.0009999999999999911,0.30076451847599417,0.17989086037234422,0.0010000000000000401,0.0020000000000000313,0.2731325236739424,0.1716817912124912,0.0020000000000000317,0.003000000000000022
902,011,011,1,0.002000000000000063,0.0030000000000000434,0.0009999999999999805,0.1974424695705841,0.0350909707630059,0.15710934709455923,0.002000000000000063,0.14225943063380445,0.032298052430757236,0.12793691228122414,0.0030000000000000434
903,100,100,1,0.00100000000000036,0.0020000000000003466,0.0009999999999999866,0.26066723928592184,0.25830288554621533,0.2483265825849148,0.24311282381546392,0.00100000000000036,0.00200000000000036,0.0020000000000003466,0.003000000000000347
904,010,010,1,0.0010000000000002767,0.002000000000000225,0.0009999999999999484,0.19183963154556372,0.13263548368811906,0.0010000000000002767,0.002000000000000225,0.1870679547443813,0.12741225977302464,0.0020000000000002325,0.0030000000000001913
905,111,111,1,0.0030000000000004836,0.0036425190301044227,0.0006425190301039391,0.5238915472452756,0.3738853804532895,0.03191803240490479,0.0036425190301044227,0.511254192320653,0.3540633675939564,0.031274063316063035,0.0030000000000004836
906,110,110,1,0.00200000000000016,0.003000000000000063,0.0009999999999999029,0.1429300561349988,0.10270470534977644,0.10602053918279263,0.08193974921765154,0.029462842761508106,0.02803002781826021,0.00200000000000016,0.003000000000000063
907,100,100,1,0.001000000000000035,0.0020000000000000204,0.0009999999999999855,0.07345835074082326,0.07394823041280425,0.06289924216807127,0.06178384339977002,0.001000000000000035,0.0020000000000000343,0.0020000000000000204,0.003000000000000038
908,110,110,1,0.002000000000000026,0.0030000000000000027,0.0009999999999999766,0.1755600458458241,0.17026468534133563,0.13230640389666823,0.12719381012846714,0.08386773140879972,0.08472374234647957,0.002000000000000026,0.0030000000000000027
909,100,100,1,0.0010000000000006954,0.0020000000000006115,0.000999999999999916,0.1269240439982895,0.1273530887780697,0.1101689390343936,0.10421716014140799,0.0010000000000006954,0.002000000000000684,0.0020000000000006115,0.00300000000000061
910,000,000,1,0.0,0.001,0.001,0.0,0.001,0.001,0.002,0.001,0.002,0.002,0.003
911,011,011,1,0.002000000000000137,0.0030000000000000374,0.0009999999999999003,0.3764386673132949,0.1415890536318825,0.008027241144178424,0.002000000000000137,0.3773091437717663,0.13640373246678686,0.007351580066878865,0.0030000000000000374
912,001,001,1,0.0010000000000000193,0.0020000000000000187,0.0009999999999999994,0.025059529898699084,0.0010000000000000193,0.023855141627998695,0.002000000000000019,0.026059467788655696,0.0020000000000000187,0.014495844042923983,0.003000000000000026
913,110,110,1,0.002000000000000943,0.003000000000000928,0.0009999999999999853,0.6068347430797418,0.6076986357056924,0.14041995881887012,0.13425370139047035,0.39194009116749823,0.38211204537900684,0.002000000000000943,0.003000000000000928
914,111,111,1,0.0030000000000000296,0.009208365655556666,0.006208365655556636,0.21977705098084813,0.2137303243374072,0.01431808193611836,0.013941964943438806,0.19459682667880784,0.16627190731687738,0.009208365655556666,0.0030000000000000296
915,110,110,1,0.0020000000000000157,0.003000000000000016,0.0010000000000000005,0.2892501388263909,0.2692628428164659,0.23418383893714656,0.19189719834548138,0.06825333982891779,0.06722355444096846,0.0020000000000000157,0.003000000000000016
916,100,100,1,0.001000000000000035,0.00200000000000001,0.000999999999999975,0.040869833803634514,0.03695242751624039,0.03996729625171621,0.03692559773654819,0.001000000000000035,0.00200000000000001,0.0020000000000000347,0.003000000000000009
917,100,100,1,0.0010000000000000432,0.0020000000000000356,0.0009999999999999924,0.029363864375981524,0.030009629354337087,0.029598268780899797,0.030539058316341607,0.0010000000000000432,0.0020000000000000412,0.0020000000000000356,0.003000000000000037
918,011,011,1,0.002000000000000077,0.0030000000000000747,0.0009999999999999979,0.13495045028877856,0.13473005750461717,0.012733859965675998,0.002000000000000077,0.12176294940909338,0.12017553433302904,0.01368621958836915,0.0030000000000000747
919,010,010,1,0.0010000000000004484,0.0020000000000002177,0.0009999999999997693,0.13509921251266852,0.1349475275593611,0.0010000000000004484,0.002000000000000447,0.12837185260294467,0.12532055569282563,0.0020000000000002177,0.0030000000000001683
920,010,010,1,0.0010000000000001464,0.002000000000000086,0.0009999999999999395,0.06510103205682453,0.06604696026794125,0.0010000000000001464,0.0020000000000001397,0.05936766213087844,0.060197808702759974,0.002000000000000086,0.003000000000000082
921,001,001,1,0.0010000000000002704,0.0020000000000002342,0.0009999999999999638,0.09396653456623416,0.0010000000000002704,0.07483995099765027,0.0020000000000002694,0.09486293876004838,0.0020000000000002342,0.07555557819815907,0.00300000000000023
922,001,001,1,0.0010000000000001243,0.0020000000000001228,0.0009999999999999985,0.05190135033398588,0.0010000000000001243,0.03489912864029888,0.002000000000000124,0.04108625681557824,0.0020000000000001228,0.02241353283815379,0.0030000000000001224
923,011,011,1,0.002000000000000032,0.003000000000000029,0.000999999999999997,0.08788322623201165,0.025197335237780682,0.06369522069426616,0.002000000000000032,0.08031450928110218,0.02028816010529815,0.06395580467213065,0.003000000000000029
924,001,001,1,0.001000000000000084,0.002000000000000075,0.0009999999999999911,0.05273041231683662,0.001000000000000084,0.042305544453222745,0.002000000000000084,0.05294300648445991,0.002000000000000075,0.04186857706188059,0.003000000000000076
925,001,001,1,0.001000000000000512,0.0020000000000003158,0.0009999999999998038,0.2078141926358906,0.001000000000000512,0.15118447517506164,0.0020000000000003158,0.20839144495978343,0.002000000000000511,0.1299953945622285,0.0030000000000001597
926,111,111,1,0.0030000000000002434,0.027869316402523367,0.024869316402523125,0.23228915567965416,0.1846099342895813,0.1965351192025457,0.12215431394375315,0.047924573816265796,0.027869316402523367,0.036875113602345404,0.0030000000000002434
927,111,111,1,0.003000000000000023,0.012375350475711453,0.00937535047571143,0.10656064276281156,0.08020297885046516,0.07234349050418971,0.012375350475711453,0.08933890255678083,0.07040668388484367,0.05192428221226131,0.003000000000000023
928,001,001,1,0.0010000000000002576,0.0020000000000002334,0.0009999999999999757,0.1519915486268263,0.0010000000000002576,0.15297432083272597,0.0020000000000002334,0.1527016452011926,0.002000000000000239,0.15365367800896051,0.0030000000000002212
929,001,001,1,0.0010000000000000026,0.0020000000000000026,0.001,0.013623743646502857,0.0010000000000000026,0.012934945660185597,0.0020000000000000026,0.014617333294116741,0.0020000000000000026,0.005728247165424423,0.0030000000000000022
930,010,010,1,0.001000000000000173,0.0020000000000001484,0.0009999999999999753,0.055126152532316564,0.05380965928057447,0.001000000000000173,0.0020000000000001484,0.05600614124755493,0.05480266583691526,0.002000000000000155,0.0030000000000001245
931,111,111,1,0.0030000000000000486,0.00943262921209681,0.006432629212096762,0.18217488924384365,0.105037245572567,0.1036772401663467,0.09752463376723254,0.1072768326833655,0.00943262921209681,0.01296910687609639,0.0030000000000000486
932,110,110,1,0.0020000000000000204,0.0030000000000000144,0.000999999999999994,0.12574156995008542,0.10837576882023148,0.0913439437276977,0.08086252560382172,0.04182183907521007,0.04172151914203127,0.0020000000000000204,0.0030000000000000144
933,011,011,1,0.0020000000000005053,0.0030000000000004806,0.0009999999999999753,0.27459870341700315,0.04733315759102438,0.15112472926245,0.0020000000000005053,0.25445390487554537,0.04349883803872274,0.11287337556649336,0.0030000000000004806
934,111,111,1,0.0030000000000001007,0.010526159553810015,0.007526159553809915,0.01784409820470634,0.013439339211063682,0.01679319619818007,0.010526159553810015,0.018397138186883946,0.01064689974994571,0.01664379444452481,0.0030000000000001007
935,010,010,1,0.0010000000000001481,0.00200000000000012,0.000999999999999972,0.0606902091214504,0.05288594814692741,0.0010000000000001481,0.00200000000000012,0.05511328205578351,0.050737881236298375,0.0020000000000001284,0.003000000000000089
936,001,001,1,0.0010000000000000811,0.0020000000000000213,0.0009999999999999402,0.05331549679272907,0.0010000000000000811,0.034248524184864154,0.0020000000000000213,0.04679804149764808,0.0020000000000000703,0.033189257968602684,0.003000000000000004
937,011,011,1,0.0020000000000001275,0.0030000000000001276,0.001,0.07146870712418309,0.006535543216730027,0.02935914482930786,0.0020000000000001275,0.06534342523761756,0.004880165385382482,0.029501235530938336,0.0030000000000001276
938,000,000,1,0.0,0.001,0.001,0.0,0.001,0.001,0.002,0.001,0.002,0.002,0.003
939,001,001,1,0.0010000000000000072,0.002000000000000006,0.000999999999999999,0.010378363416438274,0.0010000000000000072,0.008924064527667263,0.002000000000000006,0.010728393385956197,0.002000000000000007,0.009922836120082029,0.003000000000000006
940,011,011,1,0.0020000000000000183,0.0030000000000000014,0.000999999999999983,0.09833509438340697,0.026881852402706057,0.04763335501343068,0.0020000000000000183,0.08616691759760463,0.014590805005632073,0.04835876707439141,0.0030000000000000014
941,111,111,1,0.003000000000000477,0.06135860416430907,0.058358604164308596,0.25650934360354805,0.22033419077611963,0.21773310377076516,0.1667683957179211,0.12083399811825264,0.06135860416430907,0.082281455230377,0.003000000000000477
942,010,010,1,0.0010000000000000495,0.002000000000000048,0.0009999999999999987,0.18773892659467462,0.1886729182269561,0.0010000000000000495,0.0020000000000000486,0.18872072078787291,0.18966429219204953,0.002000000000000048,0.0030000000000000872
943,111,111,1,0.0030000000000001436,0.018289531052169683,0.01528953105216954,0.3074067776457304,0.22652207728950405,0.14132765689847673,0.018289531052169683,0.2057750106820104,0.17961629243393143,0.071159327065291,0.0030000000000001436
944,111,111,1,0.003000000000000306,0.0045913573971161845,0.0015913573971158787,0.5270817820789246,0.4494768499002796,0.02206895610560568,0.007141622457183728,0.42435409836317206,0.39426256195316883,0.0045913573971161845,0.003000000000000306
945,111,111,1,0.0030000000000000417,0.013406490596480294,0.010406490596480251,0.07413554448542015,0.045182710939289016,0.019357098611185564,0.013406490596480294,0.07494151621369484,0.0388711755271684,0.017552947736453044,0.0030000000000000417
946,110,110,1,0.002000000000000028,0.0030000000000000243,0.0009999999999999966,0.129581563538357,0.12316642169817732,0.053602482944794576,0.050364209412760895,0.10717595961291364,0.10592684755323523,0.002000000000000028,0.0030000000000000243
947,111,111,1,0.003000000000000642,0.03246671008995017,0.029466710089949527,0.36859766411694966,0.22361105234104703,0.1734038726064584,0.05510684876451687,0.1637698399138998,0.03246671008995017,0.10865018692725943,0.003000000000000642
948,011,011,1,0.0020000000000001644,0.003000000000000164,0.0009999999999999996,0.11342062244369093,0.0867525133004819,0.040326741882540165,0.0020000000000001644,0.10620649526522485,0.08678194296907772,0.03398364613128405,0.003000000000000164
949,111,111,1,0.0030000000000013705,0.018155470911713587,0.015155470911712217,0.3980159376632395,0.39789739155247256,0.12666008896997777,0.12672068223551944,0.23425434158702615,0.1835036950502851,0.018155470911713587,0.0030000000000013705
950,001,001,1,0.001000000000000015,0.002000000000000013,0.000999999999999998,0.030629005383826884,0.001000000000000015,0.031405348911269754,0.0020000000000000183,0.030014148764703503,0.002000000000000013,0.030981657394715707,0.0030000000000000113
951,100,100,1,0.0010000000000000434,0.002000000000000035,0.0009999999999999918,0.008235157579788802,0.00919475977229316,0.009072098842075525,0.010053393105181562,0.0010000000000000434,0.00200000000000004,0.002000000000000035,0.003000000000000033
952,110,110,1,0.0020000000000007243,0.003000000000000699,0.0009999999999999749,0.2886748686650716,0.2552730716104563,0.0339557812053552,0.034240432334329204,0.23450939157972342,0.2121145734013782,0.0020000000000007243,0.003000000000000699
953,010,010,1,0.001000000000000074,0.0020000000000000456,0.0009999999999999716,0.06434646993220473,0.06471221800026279,0.001000000000000074,0.0020000000000000543,0.06455301477914206,0.06513926527089829,0.0020000000000000456,0.003000000000000018
954,100,100,1,0.0010000000000000464,0.00200000000000004,0.0009999999999999935,0.026408931178324758,0.026874229747247267,0.02265718059714859,0.02355001237243228,0.0010000000000000464,0.0020000000000000443,0.00200000000000004,0.0030000000000000317
955,011,011,1,0.0020000000000000404,0.00300000000000005,0.0010000000000000096,0.022087454310633452,0.012874149895758701,0.01872249732226373,0.0020000000000000404,0.022967355276193827,0.012900134364089,0.01830811979348103,0.00300000000000005
956,100,100,1,0.0010000000000000224,0.002000000000000018,0.0009999999999999955,0.0392907417168192,0.03967176835445882,0.039036955007595554,0.038901158281924454,0.0010000000000000224,0.002000000000000022,0.002000000000000018,0.003000000000000018
957,110,110,1,0.002000000000000004,0.003000000000000003,0.0009999999999999992,0.17772788641932782,0.1787261002879511,0.04777888023035548,0.04050393598859409,0.1428304760315728,0.13503514613115897,0.002000000000000004,0.003000000000000003
958,011,011,1,0.00200000000000019,0.003000000000000078,0.0009999999999998881,0.046859877794838946,0.04563052197976156,0.019324021670845334,0.00200000000000019,0.03836244743349757,0.03535980371976172,0.019987225433679888,0.003000000000000078
959,111,111,1,0.003000000000000149,0.011697764647855604,0.008697764647855455,0.09187328392826638,0.09191996971700174,0.057533424146459344,0.01874629835915463,0.028753562025738675,0.02827257168470232,0.011697764647855604,0.003000000000000149
960,110,110,1,0.002000000000000031,0.003000000000000031,0.001,0.01998745593338604,0.017961198287090904,0.012164079653373898,0.012973295707885793,0.005588416242929335,0.004939146683788764,0.002000000000000031,0.003000000000000031
961,001,001,1,0.0010000000000000328,0.0020000000000000165,0.0009999999999999838,0.03214492252328011,0.0010000000000000328,0.017874370693342096,0.0020000000000000165,0.03310043282153111,0.0020000000000000326,0.01683042334538857,0.0030000000000000083
962,100,100,1,0.001000000000000009,0.0020000000000000074,0.0009999999999999985,0.057247071387592,0.04925454186157732,0.056960989914915355,0.04842468191369401,0.001000000000000009,0.0020000000000000074,0.0020000000000000087,0.0030000000000000074
963,100,100,1,0.0010000000000002039,0.00200000000000017,0.0009999999999999662,0.05762311045390664,0.04857742245554597,0.05830456385786131,0.04503713898451439,0.0010000000000002039,0.00200000000000017,0.0020000000000002017,0.0030000000000001046
964,100,100,1,0.0010000000000000356,0.0020000000000000196,0.000999999999999984,0.14627271090061078,0.14584044987026595,0.14351486465663196,0.142212859395051,0.0010000000000000356,0.0020000000000000196,0.0020000000000000356,0.003000000000000019
965,111,111,1,0.003000000000001628,0.0931888203136036,0.09018882031360197,0.36385137797614336,0.3303423832423355,0.28626168895766796,0.21838769544611866,0.1721651348807095,0.0931888203136036,0.1253223379570153,0.003000000000001628
966,011,011,1,0.002000000000000245,0.0030000000000003336,0.0010000000000000885,0.1013580307262389,0.03909718575842867,0.08376429635020548,0.002000000000000245,0.10137777988336714,0.03634122263570286,0.08457709719049217,0.0030000000000003336
967,001,001,1,0.0010000000000001236,0.002000000000000114,0.0009999999999999905,0.032097117280695864,0.0010000000000001236,0.03166402141444141,0.0020000000000001236,0.029243037244836418,0.002000000000000114,0.02737912659133946,0.003000000000000112
968,111,111,1,0.003000000000000011,0.03343178849734654,0.030431788497346533,0.09048847930798487,0.08948640498027276,0.04278922288770085,0.03414362117124018,0.07765733795285217,0.07837013796883326,0.03343178849734654,0.003000000000000011
969,010,010,1,0.001000000000001613,0.0020000000000012495,0.0009999999999996364,0.15501006290217623,0.15039070554753717,0.001000000000001613,0.0020000000000016086,0.1174384143247837,0.11473169681929472,0.0020000000000012495,0.0030000000000012447
970,010,010,1,0.0010000000000000028,0.002000000000000003,0.0010000000000000002,0.041533605485815674,0.04169421725393597,0.0010000000000000028,0.002000000000000003,0.04075838232578859,0.040710095727630076,0.002000000000000003,0.003000000000000003
971,001,001,1,0.0010000000000002552,0.002000000000000121,0.0009999999999998658,0.10825569252788213,0.0010000000000002552,0.09587121693942956,0.002000000000000121,0.10862543952302244,0.0020000000000002516,0.09569903746301368,0.003000000000000109
972,010,010,1,0.0010000000000000325,0.0020000000000000304,0.0009999999999999979,0.37128231149426183,0.32231902790748074,0.0010000000000000325,0.0020000000000000317,0.3530145304509095,0.32248748142787625,0.0020000000000000304,0.003000000000000024
973,111,111,1,0.0030000000000001427,0.010547832573345114,0.007547832573344971,0.31599394453109814,0.31029460741108916,0.19397836798229087,0.1776637376702789,0.021453224383821124,0.018029011944067475,0.010547832573345114,0.0030000000000001427
974,100,100,1,0.0010000000000001405,0.0020000000000000378,0.0009999999999998972,0.16966458248347538,0.17066455336604835,0.17053721218784626,0.1715358277043805,0.0010000000000001405,0.0020000000000000378,0.0020000000000001406,0.003000000000000037
975,111,111,1,0.003000000000000257,0.020252773822110264,0.017252773822110008,0.05490381795130458,0.05208414064104957,0.036724640063685796,0.03126339757424985,0.04999742928799155,0.04300244810488964,0.020252773822110264,0.003000000000000257
976,010,010,1,0.0010000000000000926,0.0020000000000000868,0.0009999999999999942,0.029434187933169247,0.029063282186539783,0.0010000000000000926,0.0020000000000000868,0.0263444623831888,0.027329050943645558,0.002000000000000089,0.0030000000000000686
977,110,110,1,0.0020000000000001874,0.0030000000000001614,0.000999999999999974,0.3713199044837856,0.20723006692433196,0.03749098205811821,0.03818714824048231,0.3519200950702946,0.17328042309011926,0.0020000000000001874,0.0030000000000001614
978,010,010,1,0.0010000000000000059,0.0020000000000000035,0.0009999999999999976,0.0852336414516629,0.05966092498649167,0.0010000000000000059,0.002000000000000006,0.08604697091506895,0.06046910855039383,0.0020000000000000035,0.0030000000000000035
979,001,001,1,0.0010000000000000104,0.0020000000000000074,0.000999999999999997,0.01111129571810933,0.0010000000000000104,0.011575046967662744,0.0020000000000000074,0.011751899317857771,0.0020000000000000087,0.012100695730746073,0.003000000000000005
980,010,010,1,0.0010000000000000046,0.0020000000000000026,0.000999999999999998,0.00618186711505402,0.005891706903206418,0.0010000000000000046,0.0020000000000000035,0.00534298328487304,0.005048690215890127,0.0020000000000000026,0.003000000000000033
981,001,001,1,0.0010000000000000362,0.002000000000000036,0.0009999999999999998,0.016621137635498683,0.0010000000000000362,0.016825137007819596,0.002000000000000036,0.017470474778691913,0.0020000000000000794,0.017011301202383373,0.003000000000000035
982,100,100,1,0.001000000000000046,0.0020000000000000347,0.0009999999999999887,0.21705316375815334,0.2039322051866034,0.17754646554864226,0.15764244271241973,0.001000000000000046,0.0020000000000000365,0.0020000000000000347,0.0030000000000000213
983,011,011,1,0.0020000000000000226,0.0030000000000000204,0.0009999999999999979,0.06056228513645478,0.014635518588814057,0.05705404762750238,0.0020000000000000226,0.06065792933216543,0.014958507669436866,0.05775296047674346,0.0030000000000000204
984,110,110,1,0.002000000000000157,0.003000000000000136,0.0009999999999999788,0.316047974518895,0.28219887648983566,0.12250851088789651,0.1187739278267244,0.28668897932267356,0.2598903473452796,0.002000000000000157,0.003000000000000136
985,010,010,1,0.0010000000000000655,0.0020000000000000343,0.0009999999999999688,0.019174528277275543,0.01940181592897333,0.0010000000000000655,0.0020000000000000655,0.02016331084985975,0.020398231188528203,0.0020000000000000343,0.0030000000000000343
986,111,111,1,0.003000000000000048,0.02608804905172274,0.02308804905172269,0.055606580387493526,0.04815683000114975,0.051062717843692894,0.02608804905172274,0.04415712102067021,0.036880512825747974,0.03469351264884279,0.003000000000000048
987,010,010,1,0.001000000000000065,0.0020000000000000495,0.0009999999999999844,0.03912505769349376,0.03545237419259671,0.001000000000000065,0.0020000000000000616,0.039768431897972724,0.03416539560618668,0.0020000000000000495,0.0030000000000000348
988,111,111,1,0.0030000000000004255,0.011503431207078453,0.008503431207078027,0.506186283903625,0.1518436617259107,0.4311588615849161,0.1527489531679918,0.18374914477390256,0.011503431207078453,0.08192014101381107,0.0030000000000004255
989,001,001,1,0.001000000000000061,0.0020000000000000425,0.0009999999999999816,0.03961947808353839,0.001000000000000061,0.039390083539018135,0.0020000000000000425,0.032807371489042676,0.0020000000000000473,0.030977960530439524,0.003000000000000035
990,111,111,1,0.0030000000000001965,0.016724917607071045,0.013724917607070848,0.22261949939239067,0.09009620811173596,0.21733157829013294,0.0458889305251329,0.16321580542323844,0.016724917607071045,0.16417644129554207,0.0030000000000001965
991,010,010,1,0.0010000000000000122,0.002000000000000003,0.000999999999999991,0.013837502367563216,0.014358247872511783,0.0010000000000000122,0.002000000000000003,0.007017541326653654,0.0076311236482564495,0.0020000000000000118,0.0030000000000000035
992,111,111,1,0.0030000000000001558,0.0435425412028174,0.040542541202817244,0.1996044402830374,0.10249415198931072,0.15740893041107176,0.0889102924086863,0.11820585236637814,0.0435425412028174,0.05130271708855778,0.0030000000000001558
993,100,100,1,0.0010000000000000052,0.002000000000000004,0.0009999999999999987,0.02661720711547741,0.021876622388531802,0.026062430269485192,0.021751929436383287,0.0010000000000000052,0.002000000000000004,0.002000000000000005,0.003000000000000007
994,011,011,1,0.0020000000000002407,0.003000000000000206,0.0009999999999999653,0.08138478142072388,0.04019403577128421,0.028785541587202645,0.0020000000000002407,0.05499292641853848,0.04052461827304299,0.015861612979637393,0.003000000000000206
995,011,011,1,0.002000000000000313,0.003000000000000281,0.000999999999999968,0.23690506350451723,0.09116770543064773,0.06522052236798986,0.002000000000000313,0.2208675292051329,0.08028508628810262,0.06584232209903014,0.003000000000000281
996,100,100,1,0.0010000000000000057,0.0020000000000000052,0.0009999999999999996,0.05049904818387571,0.04432907120972448,0.05009781760267543,0.04375404250587143,0.0010000000000000057,0.0020000000000000052,0.0020000000000000057,0.0030000000000000053
997,001,001,1,0.0010000000000000078,0.002000000000000006,0.0009999999999999983,0.004504327342344441,0.0010000000000000078,0.0028679395994397183,0.002000000000000006,0.005394250976899494,0.0020000000000000074,0.003796804616208937,0.0030000000000000014
998,110,110,1,0.0020000000000000937,0.003000000000000047,0.0009999999999999532,0.1271467807405217,0.09959126711239213,0.00767694816464168,0.008676826840697299,0.0827609800157898,0.06607608628529424,0.0020000000000000937,0.003000000000000047
999,111,111,1,0.0030000000000009915,0.0580407269962068,0.05504072699620581,0.6145804366574715,0.14646100480581214,0.4654529986096993,0.0580407269962068,0.31186454538151615,0.10005267427968219,0.16704851864374834,0.0030000000000009915
