sample,gt_pattern,selected_pattern,correct,gt_objective,best_alternative_objective,margin,J_000,J_001,J_010,J_011,J_100,J_101,J_110,J_111
0,011,011,1,0.0020000000000000907,0.008561180878690369,0.006561180878690278,0.08597796649934848,0.03501221306625299,0.06424277954979675,0.0020000000000000907,0.049045404821695414,0.02172427169264369,0.0488171709117061,0.008561180878690369
1,111,111,1,0.0030000000000010647,0.05897356931358028,0.05597356931357922,0.28843314640045364,0.20492022702103405,0.2973361233015329,0.1745172236809964,0.17630889766261226,0.05897356931358028,0.18104857663291982,0.0030000000000010647
2,010,010,1,0.0010000000000001043,0.013002387533426465,0.01200238753342636,0.06530429515245437,0.06954816303865688,0.0010000000000001043,0.013002387533426465,0.08156120734643298,0.07076552415940694,0.029456397708717462,0.025114891470852354
3,001,001,1,0.0010000000000001718,0.007345392000935253,0.006345392000935081,0.05760255104690889,0.0010000000000001718,0.0710526970950167,0.018420956722931647,0.06224423626245684,0.007345392000935253,0.07157580125507171,0.021163897534063364
4,110,110,1,0.0020000000000002897,0.01336308319362699,0.011363083193626701,0.22078553881916815,0.2130596173750853,0.03725745430171765,0.040137023664585304,0.16678718872365553,0.170424439362079,0.0020000000000002897,0.01336308319362699
5,000,000,1,0.0,0.003345574626767566,0.003345574626767566,0.0,0.003345574626767566,0.04439061334303573,0.020287216719437694,0.0035903405732311956,0.006684803235898824,0.031437777496778514,0.008342140346863536
6,110,110,1,0.002000000000000036,0.014267412478288062,0.012267412478288026,0.08749636647913818,0.06472847960835637,0.02111405838451733,0.028439458111949256,0.05037953074715512,0.027391201326656178,0.002000000000000036,0.014267412478288062
7,010,010,1,0.0010000000000000878,0.009941803115295373,0.008941803115295285,0.262650639401855,0.2575199809887448,0.0010000000000000878,0.012775733928408056,0.26192973808875775,0.2426684360299576,0.011071862986817178,0.009941803115295373
8,111,111,1,0.0030000000000000543,0.018014733622194926,0.015014733622194871,0.18570623525081856,0.18497350191810435,0.05216349569069834,0.018014733622194926,0.08108877927242987,0.07662381289326713,0.03182802520133689,0.0030000000000000543
9,001,001,1,0.0010000000000000208,0.013227516715431528,0.012227516715431506,0.035085017608837865,0.0010000000000000208,0.04373985917114213,0.028550876121437287,0.030057414343869566,0.013227516715431528,0.05267075531703704,0.03465174635434529
10,111,111,1,0.003000000000001863,0.02125724531265285,0.018257245312650987,0.3933130919649381,0.2664135260782584,0.09962363774451326,0.02125724531265285,0.3736461232104736,0.26995187723839476,0.04841042542656444,0.003000000000001863
11,110,110,1,0.0020000000000000503,0.009910971692473278,0.007910971692473227,0.21339791857036003,0.1931456413059632,0.029047068520723997,0.026275247352018263,0.1921788525706133,0.1841402561899387,0.0020000000000000503,0.009910971692473278
12,011,011,1,0.0020000000000006124,0.015775602804694956,0.013775602804694344,0.18121147646590552,0.01665215892414766,0.1409525916978269,0.0020000000000006124,0.16181387400981218,0.01778687716253549,0.1410750228092245,0.015775602804694956
13,011,011,1,0.0020000000000009615,0.018586238551029744,0.01658623855102878,0.16536507895484429,0.018586238551029744,0.12316804935499935,0.0020000000000009615,0.15998383369377103,0.030730247426652493,0.1314504457056923,0.02343314611804283
14,100,100,1,0.0010000000000004406,0.01051444030543105,0.00951444030543061,0.07870053774103658,0.0791981065704944,0.08725155146311099,0.08495321631267536,0.0010000000000004406,0.01051444030543105,0.010535744049605784,0.017224417441614716
15,001,001,1,0.0010000000000000644,0.01250973737908,0.011509737379079935,0.03530574564780243,0.0010000000000000644,0.039431741774306465,0.013160687595769903,0.04111511122680654,0.01250973737908,0.03357879494242354,0.012520332304688044
16,001,001,1,0.0010000000000000093,0.005915788368227546,0.004915788368227536,0.014134617725261362,0.0010000000000000093,0.014862498386967835,0.006416719685985001,0.019082853566137137,0.009210947297260918,0.018124939743164266,0.005915788368227546
17,010,010,1,0.0010000000000000998,0.005578333455464213,0.004578333455464113,0.013775154763751631,0.009759581961324159,0.0010000000000000998,0.005578333455464213,0.016477388249285047,0.01354302798546993,0.019679922412808984,0.015619053957608858
18,100,100,1,0.0010000000000000234,0.007733366781589636,0.006733366781589613,0.016003698937350593,0.012772351853841242,0.03640455210576204,0.030705950308641233,0.0010000000000000234,0.007733366781589636,0.028022443662882868,0.02316825748114696
19,110,110,1,0.0020000000000004784,0.009859456521330235,0.007859456521329756,0.11232483510496531,0.09544224459972987,0.11303148625807051,0.08669935274999736,0.03193605796446973,0.03370448343566515,0.0020000000000004784,0.009859456521330235
20,011,011,1,0.0020000000000001275,0.011559978037895262,0.009559978037895135,0.08776717941759486,0.04318338109393513,0.06659635284873287,0.0020000000000001275,0.09534800871643327,0.041684986888886916,0.07105944941702971,0.011559978037895262
21,011,011,1,0.0020000000000000933,0.00590517401504843,0.003905174015048337,0.32526463825013496,0.2313296970820873,0.008209113682239911,0.0020000000000000933,0.26843404129945647,0.15286028532734866,0.008602530281150147,0.00590517401504843
22,100,100,1,0.0010000000000000126,0.019956966411744353,0.018956966411744342,0.019956966411744353,0.023911167016935752,0.048637748924340925,0.05529648469723749,0.0010000000000000126,0.020053259484632026,0.03588126095116486,0.05470097979317357
23,011,011,1,0.0020000000000000807,0.0196502491678889,0.017650249167888817,0.182485294066721,0.1029509611095794,0.08916413554639126,0.0020000000000000807,0.14985545751133847,0.0781397971530406,0.09940093386610206,0.0196502491678889
24,110,110,1,0.0020000000000000846,0.005104564372291882,0.0031045643722917974,0.22206948174018368,0.21938394055482713,0.005104564372291882,0.015451650443079971,0.2119011420062068,0.20259105908723438,0.0020000000000000846,0.01539635666730588
25,111,111,1,0.003000000000000066,0.004085298399285475,0.0010852983992854087,0.2217675477802026,0.13196377539127013,0.06674544952333543,0.004085298399285475,0.20838001904654882,0.1211054724386788,0.06456443623167891,0.003000000000000066
26,111,111,1,0.0030000000000001566,0.01758903526176987,0.014589035261769712,0.11763956666827473,0.0661127631536752,0.09274839417341856,0.04122594755883862,0.09519850628966635,0.01758903526176987,0.07736058055319421,0.0030000000000001566
27,100,100,1,0.001000000000000025,0.014400592652593778,0.013400592652593753,0.09557574159440697,0.10555949294267253,0.07747933281516921,0.08104043523324046,0.001000000000000025,0.025833240956904646,0.014400592652593778,0.03252532930597546
28,111,111,1,0.0030000000000009607,0.07338463318061975,0.07038463318061879,0.66495155736732,0.3523277402380879,0.326778067911813,0.07338463318061975,0.6384696974235766,0.24611764928980703,0.31161304342860674,0.0030000000000009607
29,110,110,1,0.002000000000000182,0.015024088922955637,0.013024088922955455,0.4485900474603901,0.44360479788299817,0.017008166256465663,0.030163005841705642,0.4298162869387628,0.42508634635557874,0.002000000000000182,0.015024088922955637
30,111,111,1,0.0030000000000002637,0.013013211183105456,0.010013211183105192,0.04231805392111177,0.033003805357618446,0.027453581062690333,0.013013211183105456,0.040928625562833776,0.028946220031292796,0.0236757761512984,0.0030000000000002637
31,111,111,1,0.003000000000000389,0.017415884684672204,0.014415884684671814,0.30826543145038937,0.29099788646724756,0.196089806941633,0.179502663470958,0.0692294811435927,0.053596066062603004,0.017415884684672204,0.003000000000000389
32,000,000,1,0.0,0.004992138023241097,0.004992138023241097,0.0,0.016769335107141133,0.023001833265569645,0.038522959643404506,0.004992138023241097,0.019360129476457197,0.015267829421564749,0.02778125208687985
33,011,011,1,0.00200000000000006,0.013992970702335246,0.011992970702335185,0.10177241155487056,0.1031260235600745,0.029091923772257167,0.00200000000000006,0.10143472636533073,0.10965390957988069,0.03239823735497819,0.013992970702335246
34,001,001,1,0.0010000000000000486,0.0048904399091963865,0.003890439909196338,0.07141760238821825,0.0010000000000000486,0.07123613824877884,0.008402927739817717,0.0749591804561559,0.0048904399091963865,0.07271401479347851,0.01074435543261994
35,110,110,1,0.0020000000000001627,0.01773371603603458,0.01573371603603442,0.23907004671482812,0.255295058234192,0.04719122427230588,0.03643225514651662,0.19022434594070536,0.17640168287531563,0.0020000000000001627,0.01773371603603458
36,110,110,1,0.002000000000000131,0.013205363298835301,0.011205363298835171,0.21094136577009426,0.20472273837419067,0.01367140788215044,0.013824381062068456,0.19147903147357945,0.19993958958004396,0.002000000000000131,0.013205363298835301
37,001,001,1,0.0010000000000001084,0.007958837354906366,0.006958837354906258,0.047175897013975364,0.0010000000000001084,0.04393342666425915,0.007958837354906366,0.046091561292549516,0.017879115159553753,0.03786410651395241,0.017748462367279276
38,001,001,1,0.0010000000000004348,0.00361976062814107,0.0026197606281406355,0.23482516339243706,0.0010000000000004348,0.23416673999957824,0.00361976062814107,0.2548529621988029,0.035395376524587796,0.25701398052649005,0.022656942452266578
39,111,111,1,0.0030000000000000734,0.023216300934296705,0.020216300934296633,0.22558538823908328,0.1370455831017345,0.09033455697597269,0.06766397190366935,0.10608470780355772,0.023216300934296705,0.04041547929895728,0.0030000000000000734
40,001,001,1,0.0010000000000000063,0.0034469880533287813,0.002446988053328775,0.030021048559899555,0.0010000000000000063,0.02793880619900338,0.0034469880533287813,0.035765465907309196,0.010472248505981293,0.02344624120233501,0.005991488258327626
41,111,111,1,0.0030000000000001536,0.010971703926866949,0.007971703926866795,0.2626029213280177,0.1706528357044976,0.04247566855449924,0.010971703926866949,0.2047503005760717,0.12242660659592258,0.033298722927504215,0.0030000000000001536
42,111,111,1,0.0030000000000000196,0.04602506029439566,0.043025060294395644,0.14956134597334966,0.13112642080097006,0.08800694727431342,0.053346331895745974,0.07877161227159317,0.05076911833358335,0.04602506029439566,0.0030000000000000196
43,011,011,1,0.0020000000000000083,0.0061145026419480684,0.00411450264194806,0.203317686514454,0.10207759610240365,0.024785785985554958,0.0020000000000000083,0.15833925330182214,0.05297827460758186,0.02552229708709909,0.0061145026419480684
44,110,110,1,0.0020000000000001002,0.012818147267456972,0.010818147267456871,0.16304524496060935,0.12389649968252375,0.02704256202391773,0.0383012934245141,0.11204782346952581,0.07868803470147814,0.0020000000000001002,0.012818147267456972
45,100,100,1,0.0010000000000000187,0.003674466575378273,0.0026744665753782545,0.012734146567676278,0.019593249859401262,0.011267624794401434,0.019171751775893336,0.0010000000000000187,0.01493427817810659,0.003674466575378273,0.017426295144640364
46,110,110,1,0.002000000000000332,0.010848739809686408,0.008848739809686076,0.2705117634586926,0.25900886252060074,0.04431717420463998,0.0484723910440791,0.12130150046518158,0.11577682562461318,0.002000000000000332,0.010848739809686408
47,100,100,1,0.0010000000000000015,0.003922909983885057,0.0029229099838850555,0.04901883844237096,0.05336432373795747,0.031999396739691564,0.020556918967933373,0.0010000000000000015,0.005082277498433426,0.004885679024902409,0.003922909983885057
48,011,011,1,0.0020000000000001002,0.004432663301444262,0.0024326633014441616,0.12576513129114597,0.08380021339849292,0.011372069201586853,0.0020000000000001002,0.11840332144116243,0.08457004147875806,0.012369925687300016,0.004432663301444262
49,001,001,1,0.0010000000000002136,0.004392935455480369,0.003392935455480156,0.12154211071652625,0.0010000000000002136,0.094429208828261,0.004392935455480369,0.12012680960521532,0.00953069950276871,0.09395722754406359,0.007455001805929982
50,111,111,1,0.003000000000000034,0.00609712007793928,0.0030971200779392463,0.08351021181204014,0.024420227340751957,0.09864354127428933,0.00609712007793928,0.059376480169851094,0.015417498804459478,0.06874725506848796,0.003000000000000034
51,111,111,1,0.0030000000000003414,0.0178625213478393,0.014862521347838957,0.42265972092654636,0.32768890628533914,0.0530072068641721,0.03345746770600128,0.3742529963935951,0.29318821207945106,0.0178625213478393,0.0030000000000003414
52,011,011,1,0.0020000000000001393,0.008503198415034746,0.006503198415034607,0.16659246277468917,0.09883424716533264,0.08869265891043782,0.0020000000000001393,0.14809364003863681,0.08282773666740596,0.09087880872409713,0.008503198415034746
53,110,110,1,0.002000000000000927,0.02302076710812418,0.021020767108123253,0.5662424526523172,0.5131234036233481,0.49377923026742204,0.46348706504520587,0.06001806979441407,0.06707630685922572,0.002000000000000927,0.02302076710812418
54,110,110,1,0.002000000000000179,0.010972170855634619,0.00897217085563444,0.14024970330713507,0.14602050485029647,0.13772469142421548,0.14439000093817464,0.057634977225506624,0.06532442112544944,0.002000000000000179,0.010972170855634619
55,100,100,1,0.0010000000000000044,0.008250654907596845,0.00725065490759684,0.03286983021911202,0.04208736616167074,0.03337855021929952,0.04008842224580557,0.0010000000000000044,0.012003177377088468,0.008250654907596845,0.015638035235138563
56,001,001,1,0.0010000000000000282,0.006790460729497592,0.005790460729497564,0.0331953812175128,0.0010000000000000282,0.03881547637413831,0.006790460729497592,0.04106200527872974,0.020511978195023324,0.04440241506191487,0.022442623755656636
57,110,110,1,0.002000000000000032,0.022058137674277303,0.02005813767427727,0.06557362059630456,0.07324537888198779,0.03560024835910955,0.03935762044057739,0.046761212682071916,0.06820496967955873,0.002000000000000032,0.022058137674277303
58,110,110,1,0.002000000000000064,0.006218306305864277,0.004218306305864214,0.3077426406391357,0.269717884487404,0.142892935369234,0.13634345258898656,0.187987943950474,0.16689076451792847,0.002000000000000064,0.006218306305864277
59,100,100,1,0.0010000000000001134,0.008732295269034346,0.0077322952690342325,0.06585085275601288,0.034331211571961194,0.07843469452523992,0.03798453114285164,0.0010000000000001134,0.008732295269034346,0.01700637523679728,0.01686867235925774
60,111,111,1,0.00300000000000061,0.06862600622269378,0.06562600622269317,0.13634605998058755,0.12791692560793402,0.09476434437105404,0.06862600622269378,0.121923531471902,0.09903553328916803,0.06887567550983081,0.00300000000000061
61,011,011,1,0.0020000000000000378,0.004561654143123818,0.0025616541431237806,0.14311967220195343,0.10566684264291759,0.07575565490053575,0.0020000000000000378,0.08175488791605683,0.052533557864396806,0.06526687607178837,0.004561654143123818
62,111,111,1,0.003000000000002055,0.08651486078920555,0.08351486078920349,0.47328540681808445,0.4578220279002552,0.20085489347266286,0.19143399694938726,0.39744944796867687,0.31924935520917286,0.08651486078920555,0.003000000000002055
63,011,011,1,0.002000000000000643,0.005331622594413669,0.0033316225944130255,0.11866838405043223,0.10541734064306095,0.0678410303295951,0.002000000000000643,0.12028605697686019,0.1081587733809381,0.07035235930805288,0.005331622594413669
64,010,010,1,0.0010000000000000317,0.012217401935960388,0.011217401935960356,0.04448295264378998,0.03875613235208138,0.0010000000000000317,0.012217401935960388,0.0642639502129243,0.042395568646002295,0.025189808953659895,0.02042038601041142
65,010,010,1,0.001000000000000005,0.009884529157124814,0.00888452915712481,0.04756785864384683,0.04945562067871107,0.001000000000000005,0.010979377054601024,0.05502448121071112,0.05142321581329675,0.009884529157124814,0.01253538091870883
66,010,010,1,0.0010000000000000562,0.002904431801279792,0.0019044318012797358,0.03982495820504136,0.04246817522560897,0.0010000000000000562,0.012580049380597029,0.029770919292582177,0.028527079000814727,0.002904431801279792,0.011644080745432543
67,100,100,1,0.0010000000000000221,0.009987433262301542,0.00898743326230152,0.010499561997281285,0.01145262066553204,0.047608178072568424,0.04306576825772163,0.0010000000000000221,0.009987433262301542,0.03710287266337676,0.03915667757943546
68,100,100,1,0.0010000000000002915,0.002584760569777281,0.0015847605697769896,0.1832992393739281,0.20168953755687194,0.14405874898873924,0.15510965985587635,0.0010000000000002915,0.024651243808579304,0.002584760569777281,0.02126044691901962
69,110,110,1,0.002000000000000023,0.003607351250365306,0.0016073512503652831,0.04624888053061882,0.04085431242214027,0.03881453831648467,0.040646348132453304,0.01646009423492537,0.005228990227912827,0.002000000000000023,0.003607351250365306
70,110,110,1,0.0020000000000003682,0.013198611787342173,0.011198611787341805,0.29587488369255127,0.2941102418052635,0.12864101425157148,0.125564222215932,0.17184583093994535,0.15280813348567138,0.0020000000000003682,0.013198611787342173
71,000,000,1,0.0,0.012061646636525213,0.012061646636525213,0.0,0.012061646636525213,0.020316733780738647,0.02449025959153186,0.03058911577319431,0.03469951531455761,0.03712780033454972,0.047862173525624024
72,001,001,1,0.0010000000000001234,0.005654918309285517,0.004654918309285394,0.06626240359019553,0.0010000000000001234,0.0630852164565038,0.005654918309285517,0.057424757066567876,0.009053446588338775,0.056391002886517244,0.012716658900328935
73,110,010,0,0.0020000000000000057,0.001340723077007897,-0.0006592769229921086,0.03533172218639851,0.03019662957120042,0.001340723077007897,0.0041127899558459895,0.03665744971660289,0.0313159651061367,0.0020000000000000057,0.0044538690537208854
74,111,111,1,0.003000000000000084,0.025364558683493674,0.022364558683493588,0.2833342341694263,0.27825476072044747,0.08994597497827411,0.03397000667519285,0.20830251318276305,0.21236351164365277,0.025364558683493674,0.003000000000000084
75,001,001,1,0.0010000000000000612,0.004740209239570978,0.003740209239570917,0.0910454163596487,0.0010000000000000612,0.08451850931527559,0.004740209239570978,0.09568430065656164,0.014060439129820168,0.05065262344626661,0.005334307213270665
76,111,111,1,0.003000000000000153,0.01418681057866218,0.011186810578662026,0.10502199463717243,0.05428253352135637,0.06787160105918458,0.01418681057866218,0.06785954835185633,0.024311677965491996,0.054434315838064025,0.003000000000000153
77,100,100,1,0.0010000000000001585,0.007470191328901469,0.00647019132890131,0.0642923500305397,0.051468534872956544,0.07022631931935246,0.05035244843138725,0.0010000000000001585,0.011289877274194783,0.007470191328901469,0.010882533618031463
78,011,011,1,0.0020000000000000673,0.008452570062444199,0.006452570062444131,0.09434284084089058,0.01118568077530405,0.07604467156255088,0.0020000000000000673,0.0835962207119464,0.008452570062444199,0.07766319216167299,0.009964281909015694
79,111,111,1,0.003000000000000103,0.036256675327213835,0.033256675327213735,0.3321255094060116,0.22854209534106695,0.35711718363645495,0.17984833773480888,0.04701733181224015,0.041641083294248316,0.036256675327213835,0.003000000000000103
80,100,100,1,0.0010000000000000698,0.006722628707153298,0.005722628707153229,0.04490726437518067,0.04844199029449447,0.041509077776861955,0.04893171988838343,0.0010000000000000698,0.026273394679375763,0.006722628707153298,0.03156569783974341
81,010,010,1,0.001000000000000033,0.004784562784651121,0.003784562784651088,0.03733301762223853,0.04466956128985609,0.001000000000000033,0.010238828382925443,0.04022886157461697,0.04799502041404702,0.004784562784651121,0.01200650727695421
82,110,110,1,0.0020000000000001176,0.020704753718201747,0.01870475371820163,0.22360076609923185,0.19560523728806908,0.11071544391640996,0.08187123065753055,0.17570431461376368,0.17651047744015727,0.0020000000000001176,0.020704753718201747
83,010,010,1,0.0010000000000000486,0.007325077480262321,0.006325077480262273,0.04411494720403686,0.04715135960276166,0.0010000000000000486,0.014492011675709486,0.036680761260234875,0.039955500607829694,0.007325077480262321,0.019748019335059853
84,011,011,1,0.0020000000000005486,0.012160989717148206,0.010160989717147658,0.2706187096895641,0.05248054390932041,0.27436720289297273,0.0020000000000005486,0.19053990479127034,0.053241253162699696,0.1958230761805423,0.012160989717148206
85,110,110,1,0.0020000000000002355,0.017894580077093963,0.01589458007709373,0.0841040878470165,0.06338754953481135,0.06785486408499809,0.06174721704120165,0.032031000996241184,0.027105166124171284,0.0020000000000002355,0.017894580077093963
86,111,111,1,0.0030000000000002247,0.010837996728026877,0.007837996728026653,0.20938280881222185,0.18413520865603875,0.2085597099611888,0.18698678658362422,0.09171602434153146,0.010837996728026877,0.0971936276978253,0.0030000000000002247
87,011,011,1,0.002000000000000097,0.02795013470157425,0.025950134701574153,0.09160287889614038,0.043868886479411,0.03903454872205174,0.002000000000000097,0.10414760177645042,0.05929146508550418,0.06490608430640545,0.02795013470157425
88,110,110,1,0.002000000000000375,0.004775734496108109,0.0027757344961077336,0.13467981921112948,0.10499003570058747,0.03757193134359329,0.039705072609974766,0.08040200072333391,0.05162198234399193,0.002000000000000375,0.004775734496108109
89,011,011,1,0.002000000000000193,0.004806555293453775,0.002806555293453582,0.16407027527551574,0.05841116264284041,0.08242418738428514,0.002000000000000193,0.14212083702225953,0.050272681534709845,0.08167332665630188,0.004806555293453775
90,011,011,1,0.0020000000000000213,0.012553072591876227,0.010553072591876206,0.015435462907003919,0.012553072591876227,0.014090907316259997,0.0020000000000000213,0.04169660909939447,0.0414166656317955,0.046233883201085436,0.03976139395069402
91,100,100,1,0.0010000000000000083,0.0054574961020511775,0.00445749610205117,0.012094029280850382,0.00770748740290747,0.025008411087005748,0.02619499930189359,0.0010000000000000083,0.0054574961020511775,0.018084763528725095,0.019579998287013692
92,000,000,1,0.0,0.002926922049708138,0.002926922049708138,0.0,0.01714115546920725,0.002926922049708138,0.01586488729213119,0.005646112848205677,0.02264548721353301,0.008661051155274702,0.0212212916477307
93,100,100,1,0.0010000000000000152,0.0024317674801840584,0.0014317674801840432,0.012360111911724059,0.024034156982810778,0.008784033764728468,0.019434298185238674,0.0010000000000000152,0.013920321842458203,0.0024317674801840584,0.012167736286503562
94,001,001,1,0.001000000000000062,0.003741954794444889,0.0027419547944448268,0.1313682711209805,0.001000000000000062,0.12351001394233159,0.003741954794444889,0.1418525097187582,0.023409524620559473,0.11582208192978792,0.017772216707279145
95,001,001,1,0.0010000000000000445,0.0076086415626617524,0.006608641562661708,0.056440122225584706,0.0010000000000000445,0.054091071379540896,0.0076086415626617524,0.06161770240414181,0.019394909727768146,0.06181358705176874,0.02481149077594276
96,100,100,1,0.0010000000000000145,0.00895613810752591,0.007956138107525896,0.03467545451075368,0.043542854825774406,0.03754279143273827,0.046558075741890526,0.0010000000000000145,0.01753569393775277,0.00895613810752591,0.02502054198268909
97,110,110,1,0.0020000000000000356,0.006551699672176128,0.004551699672176093,0.14615609110189468,0.0919488917711624,0.09108419439265818,0.07867514676724652,0.03669637459277263,0.025238858780334238,0.0020000000000000356,0.006551699672176128
98,011,011,1,0.002000000000001006,0.023533688534235195,0.021533688534234187,0.2706563149357348,0.02729868085799002,0.24236141629137567,0.002000000000001006,0.2255480566745519,0.02524360707841207,0.15305809568460213,0.023533688534235195
99,011,011,1,0.002000000000000046,0.004824704094667056,0.0028247040946670103,0.11183085673932737,0.0163351679441597,0.12064445231430682,0.002000000000000046,0.10525825225282515,0.009506011425992165,0.10166844641235674,0.004824704094667056
100,100,100,1,0.0010000000000002641,0.016705856047613758,0.015705856047613494,0.026849505153912007,0.03475486242120444,0.03304150853659797,0.044332171663555325,0.0010000000000002641,0.018595479981667717,0.016705856047613758,0.03197601954066137
101,111,111,1,0.0030000000000001406,0.02013135810347212,0.01713135810347198,0.09240966897090602,0.06697492520419163,0.075605454084359,0.05760217532083913,0.061566066850633545,0.02013135810347212,0.03411351756416616,0.0030000000000001406
102,011,011,1,0.0020000000000002355,0.011296601151925198,0.009296601151924962,0.15655318130874837,0.14988153182434993,0.02690301550679614,0.0020000000000002355,0.12820013481395648,0.1289863017216272,0.029270282722659538,0.011296601151925198
103,011,011,1,0.0020000000000000933,0.004008353617405628,0.0020083536174055343,0.07648212054760352,0.058848547510255755,0.0074346046239653135,0.0020000000000000933,0.07776307722614494,0.05905343663595841,0.008743185037523346,0.004008353617405628
104,110,110,1,0.002000000000000268,0.018694840537000337,0.01669484053700007,0.15834111461966852,0.15887525904405864,0.055499814856948104,0.06893462750779662,0.06439924533971995,0.0696745898658533,0.002000000000000268,0.018694840537000337
105,001,001,1,0.0010000000000000033,0.0035332295688505697,0.002533229568850566,0.017309507435513277,0.0010000000000000033,0.009331502450299595,0.0035332295688505697,0.021193173980166777,0.00510642650711338,0.00893240969878182,0.00518918839319299
106,011,011,1,0.0020000000000000968,0.004907292499221381,0.0029072924992212842,0.7049509438170244,0.4414912251651691,0.03289101291479379,0.0020000000000000968,0.709602195940669,0.4367810046610025,0.020663000867800756,0.004907292499221381
107,001,001,1,0.001000000000000085,0.0034661412428517975,0.0024661412428517125,0.11818562310462033,0.001000000000000085,0.07580820789203052,0.014323020960822903,0.10909969129598758,0.0034661412428517975,0.07562313358717848,0.015519958202522652
108,110,110,1,0.002000000000000871,0.004315314216039914,0.002315314216039043,0.2903967433324877,0.2144563685315907,0.013167734907498369,0.014703738154873268,0.2654579249470796,0.1960407997441389,0.002000000000000871,0.004315314216039914
109,001,001,1,0.0010000000000000636,0.0049255802356210875,0.003925580235621024,0.31103579457347824,0.0010000000000000636,0.2656244475764966,0.0049255802356210875,0.2723795687426996,0.028226770737259398,0.18333033820413544,0.019123438345790545
110,011,011,1,0.0020000000000001267,0.008622414975026629,0.006622414975026502,0.13232227855469733,0.0999300287161317,0.047416618643243647,0.0020000000000001267,0.0956828979826609,0.07934536858931811,0.04303749823093374,0.008622414975026629
111,010,010,1,0.001000000000000305,0.0054896804130977386,0.004489680413097434,0.2186030852977623,0.16074093748560095,0.001000000000000305,0.0054896804130977386,0.21404723113102844,0.12298678027162847,0.006475425177983946,0.005891495751448258
112,100,100,1,0.0010000000000003385,0.00864954795513756,0.0076495479551372215,0.18317770340943143,0.16451446897200453,0.17880658628061327,0.16496991267896216,0.0010000000000003385,0.03040299339456433,0.00864954795513756,0.03450448294196765
113,010,010,1,0.0010000000000000137,0.009858496087089743,0.00885849608708973,0.03307490112719558,0.028071342259961416,0.0010000000000000137,0.009858496087089743,0.03952980900360195,0.03399096211369468,0.017029055330428866,0.022431192855988588
114,001,001,1,0.001000000000000086,0.006337453832955074,0.005337453832954988,0.03463358610122344,0.001000000000000086,0.03006666513142361,0.006337453832955074,0.04952599609999075,0.026655135108013345,0.03147066782284379,0.020049099756077587
115,110,110,1,0.0020000000000002134,0.008669536683025716,0.006669536683025503,0.12377184450432592,0.12993565258398657,0.06602406993277014,0.05900200131343592,0.010861255005403029,0.0101294269355798,0.0020000000000002134,0.008669536683025716
116,010,010,1,0.0010000000000000627,0.0026620497260098743,0.0016620497260098116,0.04987788175548085,0.014947562121931726,0.0010000000000000627,0.0026620497260098743,0.07627182020663385,0.04127648447777976,0.03255073658823424,0.03313030072648417
117,010,010,1,0.0010000000000000735,0.012919290515888866,0.011919290515888793,0.027073628576506636,0.0254430105664299,0.0010000000000000735,0.012919290515888866,0.05608563856050274,0.0513734330693367,0.030826025226027787,0.0372168687110745
118,001,001,1,0.0010000000000006887,0.0049214080735771985,0.00392140807357651,0.08888052930653097,0.0010000000000006887,0.11840040570024225,0.042878942207478114,0.09048060292978122,0.0049214080735771985,0.11335528047496567,0.03742021579026225
119,011,011,1,0.002000000000000067,0.006395964585222645,0.004395964585222578,0.08131586997920154,0.07263758475311892,0.03271535077917138,0.002000000000000067,0.07345565903700713,0.0702058363110654,0.029384538340367285,0.006395964585222645
120,011,011,1,0.0020000000000000144,0.004558570569860193,0.002558570569860179,0.01364828319456147,0.004558570569860193,0.01648151162801434,0.0020000000000000144,0.02349713802800035,0.006911547228155713,0.017787622830323632,0.007926544130701478
121,011,011,1,0.0020000000000000174,0.01142038688429211,0.009420386884292092,0.012620373638645826,0.011742867455048073,0.01142038688429211,0.0020000000000000174,0.02602587462718713,0.032597591051742425,0.023812349405559166,0.02242631565011488
122,001,001,1,0.001000000000000015,0.007348418780927263,0.006348418780927248,0.007348418780927263,0.001000000000000015,0.024021953734012613,0.01814156586976748,0.01564765646575926,0.010528304971236342,0.022508941778964703,0.01780014057579653
123,001,001,1,0.0010000000000000018,0.0024395484253816953,0.0014395484253816935,0.052545186803548666,0.0010000000000000018,0.07302666980671163,0.040742953951617235,0.05317534677245541,0.0024395484253816953,0.06905797504939082,0.02673425511870907
124,011,011,1,0.0020000000000000876,0.017015183126785283,0.015015183126785195,0.19157599341974355,0.05251211048959939,0.14337755737721827,0.0020000000000000876,0.15319309018287444,0.05834697234143191,0.1185796665246666,0.017015183126785283
125,010,010,1,0.0010000000000000842,0.002658683101685907,0.0016586831016858227,0.22550316683857594,0.2181565281967984,0.0010000000000000842,0.015239630649878287,0.22301936774757947,0.2132902305254152,0.002658683101685907,0.015023500357868803
126,111,111,1,0.003000000000000318,0.03647839319568883,0.033478393195688516,0.09684825635794121,0.08361947620370806,0.06268891396405143,0.05325834104653888,0.08668689685292741,0.051207148773931566,0.03647839319568883,0.003000000000000318
127,001,001,1,0.0010000000000000106,0.004719620375233361,0.0037196203752333503,0.006756662953593315,0.0010000000000000106,0.00809078484412191,0.005110164491103741,0.00976174647420569,0.004719620375233361,0.010296526931929645,0.007290418769237113
128,001,001,1,0.0010000000000000544,0.0035729789069389103,0.0025729789069388557,0.044851294356422926,0.0010000000000000544,0.04710526748441432,0.006398630011575338,0.046951273359504136,0.0035729789069389103,0.04709556572755843,0.006841508698062321
129,010,010,1,0.001000000000000043,0.004718722468840792,0.0037187224688407495,0.2525445274945579,0.24535251010058748,0.001000000000000043,0.004718722468840792,0.25277314034219933,0.24602961186432712,0.006805807817851837,0.010751726955007295
130,110,110,1,0.0020000000000002243,0.017618520837861838,0.015618520837861614,0.4451967559431673,0.4341103637778518,0.026567424274978445,0.041169674010606776,0.25874071526886516,0.2511880400777698,0.0020000000000002243,0.017618520837861838
131,110,110,1,0.0020000000000000603,0.004997928219794796,0.0029979282197947353,0.4683513179970742,0.3967680559709745,0.05512287541283128,0.03965200907173972,0.2615492428069293,0.16679140455203326,0.0020000000000000603,0.004997928219794796
132,100,100,1,0.001000000000000003,0.0012435635919011557,0.00024356359190115268,0.0012435635919011557,0.017328884481689732,0.014356307212645539,0.023243762199758246,0.001000000000000003,0.017057525077397606,0.011001237761440286,0.02011454285018457
133,110,110,1,0.0020000000000000282,0.0029286602504955067,0.0009286602504954785,0.09880321761775379,0.08533902965679345,0.0029286602504955067,0.003126345208698948,0.08213632455479204,0.061827317111921555,0.0020000000000000282,0.004276282583933159
134,100,100,1,0.0010000000000016031,0.0066656411500268424,0.0056656411500252395,0.2756148888375504,0.24050700293215155,0.27874794682617676,0.2003234314065153,0.0010000000000016031,0.007241665939282586,0.010297163954167732,0.0066656411500268424
135,110,110,1,0.0020000000000001267,0.01710303284362699,0.015103032843626862,0.10271244960693977,0.09461879268863999,0.023701948162724567,0.03285645259823372,0.09129425762197751,0.0865611730622561,0.0020000000000001267,0.01710303284362699
136,011,011,1,0.0020000000000003305,0.009197933149162847,0.007197933149162517,0.15305548600724697,0.032379440418810766,0.1207883605983708,0.0020000000000003305,0.14617396527354964,0.03256574118847961,0.10602079159553456,0.009197933149162847
137,100,100,1,0.0010000000000000375,0.0024408114875681206,0.001440811487568083,0.19032536906838293,0.1951545830725765,0.17337940912081076,0.1834654359485068,0.0010000000000000375,0.01927193929972742,0.0024408114875681206,0.008719143144959262
138,010,010,1,0.0010000000000000124,0.006088526968624219,0.005088526968624207,0.006088526968624219,0.016096314068465963,0.0010000000000000124,0.012469340140159487,0.049620330635098936,0.058928290753257784,0.04493920166059557,0.054854010104122435
139,111,111,1,0.003000000000000103,0.014077678637132154,0.01107767863713205,0.32057966204434984,0.217510804439997,0.06229847366454696,0.014077678637132154,0.3071977966418485,0.21131650005315994,0.04816149327700197,0.003000000000000103
140,110,110,1,0.0020000000000000165,0.020685410611480142,0.018685410611480126,0.1517775710278982,0.143415908223489,0.07703343005433347,0.07046701969367651,0.044277819012114965,0.061778024189164914,0.0020000000000000165,0.020685410611480142
141,011,011,1,0.002000000000000018,0.0037087726164492523,0.0017087726164492344,0.17312447164346642,0.15539234213982425,0.005594663199624723,0.002000000000000018,0.15209675106002593,0.1371802834881781,0.007150154606296885,0.0037087726164492523
142,111,111,1,0.0030000000000014442,0.11173444775104652,0.10873444775104507,0.452107554872196,0.3194176377249362,0.27754191697436686,0.17793576373418465,0.2772041515108915,0.13613026307130585,0.11173444775104652,0.0030000000000014442
143,100,100,1,0.0010000000000000035,0.007460061791500995,0.006460061791500992,0.0181961448666249,0.024836676899046034,0.027733172432441073,0.022335591786333348,0.0010000000000000035,0.007460061791500995,0.013326177541541867,0.007780703451828021
144,011,011,1,0.002000000000000335,0.015460220396021237,0.013460220396020902,0.1570267380797724,0.11454702127946725,0.03759679989218857,0.002000000000000335,0.14960385521089772,0.12391805188621972,0.029701226681974405,0.015460220396021237
145,010,010,1,0.0010000000000002578,0.004235081123585881,0.0032350811235856234,0.34743174250679654,0.3478780443818091,0.0010000000000002578,0.007043453319445131,0.33716526700250726,0.33914990396372485,0.004235081123585881,0.010510752445184875
146,011,011,1,0.0020000000000000534,0.01095086504911292,0.008950865049112865,0.1356058450845391,0.0404182243118103,0.045253056327314696,0.0020000000000000534,0.14229605282331134,0.03727200664812726,0.03823972430523673,0.01095086504911292
147,010,010,1,0.0010000000000000865,0.004253069322453999,0.0032530693224539125,0.12430761471678292,0.07158920099010506,0.0010000000000000865,0.004253069322453999,0.11845096631833985,0.05309467871651768,0.006682080438266031,0.006896997841846177
148,111,111,1,0.0030000000000000335,0.014965556069547102,0.011965556069547068,0.12794453392407515,0.05191653286974213,0.06643262686275812,0.03188371848035802,0.1339026709512501,0.014965556069547102,0.06953379593730505,0.0030000000000000335
149,110,110,1,0.0020000000000000824,0.013932567253838474,0.011932567253838393,0.06541390810007812,0.06514175171372157,0.017743155948513206,0.027389958880018314,0.01733457770762345,0.020424168040475636,0.0020000000000000824,0.013932567253838474
150,011,011,1,0.002000000000000026,0.00587403001072122,0.0038740300107211936,0.02543583892363463,0.022977163280160477,0.018805584749923655,0.002000000000000026,0.022616303087489815,0.0215965288877945,0.019521045959339456,0.00587403001072122
151,011,011,1,0.0020000000000002217,0.004675209142528143,0.0026752091425279218,0.053748245133834555,0.02914623347359883,0.024975643187403102,0.0020000000000002217,0.04813675271886551,0.029964900627814484,0.022618406633752017,0.004675209142528143
152,011,011,1,0.00200000000000018,0.005360163060286749,0.003360163060286569,0.13716118283191947,0.034937543644874475,0.0568219824176626,0.00200000000000018,0.10828869649712868,0.017707322616988624,0.059983111010631286,0.005360163060286749
153,011,011,1,0.0020000000000000963,0.0050791830044875155,0.003079183004487419,0.12497143058110723,0.05994041416241614,0.030414796542940454,0.0020000000000000963,0.11994296136390027,0.0535760499051609,0.033284695446000594,0.0050791830044875155
154,111,111,1,0.003000000000001061,0.02696987691875396,0.023969876918752898,0.3930149301542493,0.29053363946432326,0.1627339935381761,0.02696987691875396,0.4001505896207732,0.2962684565552444,0.17977055564297917,0.003000000000001061
155,001,001,1,0.001000000000000173,0.008837658225165967,0.007837658225165795,0.0904680369392133,0.001000000000000173,0.09282486990407714,0.01864532899841273,0.09860946656348,0.008837658225165967,0.09969851251873658,0.024360047675388
156,100,100,1,0.0010000000000000393,0.005704550392785283,0.004704550392785244,0.2030333742584339,0.1988310543741849,0.17748690371428613,0.17893949570160628,0.0010000000000000393,0.01911052612589538,0.005704550392785283,0.019602482322089092
157,100,100,1,0.0010000000000000113,0.007803901474159836,0.0068039014741598245,0.007803901474159836,0.025485780128587144,0.01191226243164921,0.023099700842411086,0.0010000000000000113,0.02031039115425025,0.00901203099786567,0.01733856646318534
158,110,110,1,0.002000000000000094,0.024205524122782384,0.02220552412278229,0.23198223984562236,0.20736252934413757,0.15671328100934087,0.1527866254317326,0.02843221847025867,0.04417706819607758,0.002000000000000094,0.024205524122782384
159,001,001,1,0.0010000000000000273,0.0035488085012291663,0.002548808501229139,0.05954383427216662,0.0010000000000000273,0.0641395123523961,0.0035488085012291663,0.07085310437354413,0.02360329478104632,0.06735006061326516,0.01377513426924765
160,001,001,1,0.0010000000000000148,0.0028739381176734282,0.0018739381176734135,0.0028739381176734282,0.0010000000000000148,0.055350730439377945,0.05064227600759644,0.004820886720150021,0.0029456365973719698,0.052650691723272657,0.04548004657991547
161,001,001,1,0.0010000000000000395,0.007781942596474139,0.0067819425964741,0.08686398006799363,0.0010000000000000395,0.09674436096978915,0.019337816907468407,0.08004042284948397,0.007781942596474139,0.0927825902328218,0.024566930558483142
162,000,000,1,0.0,0.00544697654865595,0.00544697654865595,0.0,0.00544697654865595,0.029730200906651405,0.031975921700206064,0.036861546186337246,0.039864950952177,0.06429219888723121,0.06857574475325286
163,010,010,1,0.0010000000000000735,0.005372804016151686,0.004372804016151612,0.2260365958768714,0.2268711184125434,0.0010000000000000735,0.007801496395957278,0.21940062395381454,0.2098657263204929,0.005372804016151686,0.00774897062002106
164,011,011,1,0.0020000000000003357,0.005112014679250416,0.0031120146792500804,0.29424788721831197,0.07355245186464365,0.15247749543137817,0.0020000000000003357,0.2885738756172492,0.06961927724097745,0.15709509009699874,0.005112014679250416
165,001,001,1,0.0010000000000000037,0.01022418997222832,0.009224189972228316,0.014922553469299783,0.0010000000000000037,0.02489670112654146,0.01765168703709915,0.01711438891209038,0.01022418997222832,0.011811048308834688,0.011022581275074925
166,111,111,1,0.003000000000000133,0.009314546577174622,0.0063145465771744895,0.30181487494959025,0.2929230697376937,0.020077006402890105,0.02731550318060244,0.2813047926451491,0.2879213908853985,0.009314546577174622,0.003000000000000133
167,110,110,1,0.0020000000000000174,0.004735414405890261,0.0027354144058902435,0.07021459944969453,0.046536039707148535,0.004735414405890261,0.012363602419017267,0.07213574539577783,0.04721538086905904,0.0020000000000000174,0.012474079806615457
168,011,011,1,0.002000000000000018,0.003100779326434736,0.0011007793264347183,0.06176017538313432,0.003100779326434736,0.03228416259448601,0.002000000000000018,0.06082056172244563,0.011671186978992661,0.035996259011697014,0.011794860785412867
169,000,000,1,0.0,0.0033888762790197703,0.0033888762790197703,0.0,0.0033888762790197703,0.019100219280835516,0.013771601528499015,0.006246451804844082,0.009393613550933867,0.017214116168197346,0.012103786563896698
170,100,100,1,0.0010000000000000026,0.006427793572262881,0.005427793572262879,0.006427793572262881,0.015002513566421537,0.02570266752568567,0.01613573217759156,0.0010000000000000026,0.009896337255889944,0.022121924775087454,0.013073908911928056
171,010,010,1,0.0010000000000000703,0.006737013434902396,0.005737013434902326,0.04698817855592515,0.045731312194108566,0.0010000000000000703,0.010454841007648914,0.049760867123311105,0.04845272690771518,0.006737013434902396,0.00907686158313366
172,110,110,1,0.002000000000000127,0.010823696234721226,0.008823696234721099,0.0620419146866114,0.06795543968990937,0.010823696234721226,0.014749724136316426,0.04328744939057149,0.043527081208544684,0.002000000000000127,0.011395049473606193
173,100,100,1,0.0010000000000001184,0.014429636723013608,0.01342963672301349,0.06756075635794162,0.052928959770737805,0.09827514818794174,0.07512938945349211,0.0010000000000001184,0.014429636723013608,0.03386573060255027,0.03660878345990542
174,010,010,1,0.0010000000000001872,0.006452064790944393,0.0054520647909442055,0.11235419373856932,0.10457393857511983,0.0010000000000001872,0.011175249395966341,0.10204756608160381,0.09507913979225073,0.006452064790944393,0.01562398524508055
175,001,001,1,0.0010000000000000438,0.010905877424989897,0.009905877424989853,0.09847801309010284,0.0010000000000000438,0.09585912769413496,0.028365014166938138,0.057993554200321436,0.010905877424989897,0.07617073599503864,0.032146959099073974
176,010,010,1,0.0010000000000001592,0.004271816054101041,0.0032718160541008816,0.12686247741722745,0.11376604372777192,0.0010000000000001592,0.004271816054101041,0.10613383342672428,0.09313513900644647,0.005057756446243684,0.007542569631801898
177,111,111,1,0.003,0.025581182650474765,0.022581182650474766,0.14927611613978317,0.14363366721425558,0.10274812453282017,0.06670963810352172,0.037277543042804256,0.031815388245866875,0.025581182650474765,0.003
178,001,001,1,0.001000000000000243,0.005552654482529862,0.004552654482529619,0.056580997967862756,0.001000000000000243,0.06487897218202114,0.015820612533040197,0.06162652697096094,0.005552654482529862,0.06549620481575329,0.01602380177984335
179,011,011,1,0.0020000000000000057,0.0020495894750010082,4.9589475001002564e-05,0.24120198660736256,0.09337996346583521,0.0020495894750010082,0.0020000000000000057,0.24653192675018545,0.09300553648137828,0.009323045983979605,0.010430443940145901
180,111,111,1,0.003000000000000441,0.011528936562720579,0.008528936562720137,0.3912103573444729,0.4046293664466286,0.0986525931218012,0.04971962576795713,0.3299552562721551,0.31554678962895527,0.011528936562720579,0.003000000000000441
181,001,001,1,0.0010000000000001154,0.004900766545242189,0.0039007665452420737,0.039893672869467184,0.0010000000000001154,0.052485809637499936,0.014366743432225326,0.04345405929812481,0.004900766545242189,0.055230624578158326,0.01647529357159656
182,100,100,1,0.0010000000000000427,0.00556950281028795,0.0045695028102879075,0.013392855883967186,0.017047103758117955,0.02373920681518421,0.026503256280975426,0.0010000000000000427,0.00556950281028795,0.015690576140386603,0.019171466411945223
183,011,011,1,0.0020000000000001375,0.010813223868948466,0.008813223868948328,0.29653945472513854,0.05177361572251462,0.22232875642351335,0.0020000000000001375,0.2916232170411382,0.055903241719783,0.2255172244833854,0.010813223868948466
184,111,111,1,0.003000000000000321,0.0182094863847641,0.015209486384763778,0.24415166376660505,0.22476214478509968,0.18280806539471417,0.11254260999486304,0.023729639742089786,0.022333556497889283,0.0182094863847641,0.003000000000000321
185,001,001,1,0.0010000000000001544,0.0063827484838400676,0.005382748483839913,0.07778058534551044,0.0010000000000001544,0.055399503181224684,0.022752479068590646,0.07783597654528661,0.0063827484838400676,0.0589614100037501,0.025653224435669628
186,100,100,1,0.001000000000000074,0.0064894510318778,0.005489451031877726,0.022430375669648606,0.026662356769461545,0.05004391014197718,0.052349500159025335,0.001000000000000074,0.0064894510318778,0.02728264820022848,0.032231127500179486
187,111,111,1,0.00300000000000007,0.006399387047755704,0.0033993870477556343,0.1904317049997737,0.16809108140586346,0.16069027161618646,0.15684315369312243,0.02673815106317014,0.006399387047755704,0.013373669044064769,0.00300000000000007
188,010,010,1,0.0010000000000002028,0.005230202350961463,0.00423020235096126,0.08078132960305408,0.08062733904425844,0.0010000000000002028,0.014728357508484533,0.08528913892733536,0.08092018032209616,0.005230202350961463,0.015377994466839531
189,001,001,1,0.001000000000000026,0.003377521649596138,0.0023775216495961118,0.0583146520720662,0.001000000000000026,0.032687951711248636,0.003377521649596138,0.06790712115631613,0.011482547338444109,0.033139605830315916,0.009363627585865857
190,111,111,1,0.003000000000000541,0.025458334017191157,0.022458334017190617,0.12291107709176592,0.12014495497188403,0.1288336699318139,0.12371087827460157,0.05432553322869027,0.025458334017191157,0.0425013104818552,0.003000000000000541
191,010,010,1,0.0010000000000000369,0.006124408508231111,0.005124408508231074,0.007027876025011352,0.016307174337805097,0.0010000000000000369,0.011770841477159925,0.00899695220557772,0.018406741492725462,0.006124408508231111,0.0136866994097169
192,010,010,1,0.0010000000000000126,0.007211118521076782,0.00621111852107677,0.17321290215020557,0.16822931275283246,0.0010000000000000126,0.008101072464465259,0.15176230891404366,0.12994656223234236,0.007211118521076782,0.008801732557945686
193,011,011,1,0.002000000000000283,0.011402895274994513,0.00940289527499423,0.18737931740165772,0.1682740706786312,0.02202926303466604,0.002000000000000283,0.18409351420419864,0.17425457737499306,0.02190088340589253,0.011402895274994513
194,010,010,1,0.0010000000000000074,0.011976294298445295,0.010976294298445287,0.039587262182642906,0.04086393966461378,0.0010000000000000074,0.011976294298445295,0.047136365208005994,0.04812615443730023,0.013363181843439187,0.014765003645515775
195,111,111,1,0.0030000000000000443,0.022400515987599783,0.019400515987599738,0.37145750414205425,0.3242607265257638,0.061431110552154396,0.02898242237843457,0.24613442097540394,0.21509100947390744,0.022400515987599783,0.0030000000000000443
196,111,111,1,0.003000000000000757,0.01815856619122476,0.015158566191224002,0.41062852281193335,0.2757807219119517,0.22635965540406497,0.13445246689379467,0.19182520877028408,0.01815856619122476,0.12213090198312919,0.003000000000000757
197,110,110,1,0.0020000000000000833,0.01327829092180952,0.011278290921809436,0.24194194988022966,0.23822681266212656,0.21763188090791818,0.19676596743928684,0.0555007636277671,0.04966945201709346,0.0020000000000000833,0.01327829092180952
198,100,100,1,0.0010000000000000141,0.014796022161204061,0.013796022161204046,0.05168741945985933,0.06526739161531243,0.05310907311623913,0.05830077743831863,0.0010000000000000141,0.015244870799506254,0.014796022161204061,0.01994971498150559
199,001,001,1,0.0010000000000000787,0.0034269202925750596,0.0024269202925749807,0.040218575232026654,0.0010000000000000787,0.027528245420699538,0.011258961046327854,0.03906182532695109,0.0034269202925750596,0.01878179426891887,0.009372168233559821
200,110,110,1,0.0020000000000000404,0.005156163339655675,0.003156163339655635,0.028116679560745133,0.020740309597628792,0.03025149197170367,0.02167513397279689,0.01799223493470101,0.010407161924496896,0.0020000000000000404,0.005156163339655675
201,110,110,1,0.002000000000000024,0.0059585097883076785,0.003958509788307654,0.18987602958024277,0.18027983119405078,0.18719817460286944,0.1692773183872681,0.006394370586707789,0.0059585097883076785,0.002000000000000024,0.007311525717563145
202,011,011,1,0.002000000000000274,0.0429471829358728,0.04094718293587253,0.16705486946600323,0.08367364363085683,0.0429471829358728,0.002000000000000274,0.19082146649830525,0.11788872309138992,0.07981443280585698,0.04346839765486441
203,111,111,1,0.0030000000000002694,0.006871917266693411,0.003871917266693142,0.14781547887908555,0.02949971127204024,0.12386376366676105,0.026294315267706266,0.15012688204501326,0.006871917266693411,0.12924770521818787,0.0030000000000002694
204,111,111,1,0.003000000000000054,0.009698788165997289,0.006698788165997235,0.08811977672245146,0.08856438070181337,0.03933192642787162,0.034037916246,0.08353751844018754,0.08455621401208675,0.009698788165997289,0.003000000000000054
205,110,110,1,0.0020000000000000464,0.005881879759720664,0.003881879759720618,0.1505084238103469,0.14477473267633145,0.13020724937808795,0.13135500653559964,0.06096093040469383,0.05161157229550822,0.0020000000000000464,0.005881879759720664
206,011,011,1,0.002000000000000019,0.009183060439162791,0.007183060439162772,0.025894955575631744,0.010592731132873817,0.015245870091203761,0.002000000000000019,0.030878819663570783,0.013651773780495825,0.01977092328994734,0.009183060439162791
207,000,000,1,0.0,0.006065055560525867,0.006065055560525867,0.0,0.006065055560525867,0.006729502003926132,0.00921843559992709,0.03497660158211099,0.04011300441960693,0.04149058864189641,0.04391176078648985
208,011,011,1,0.002000000000000736,0.013949470560609602,0.011949470560608867,0.20094863384792064,0.09242643409385513,0.0753846627192823,0.002000000000000736,0.16064908377328424,0.08987531973061519,0.06324434613523211,0.013949470560609602
209,010,010,1,0.0010000000000000638,0.0030501934341946417,0.002050193434194578,0.20660232620506638,0.1976640921453349,0.0010000000000000638,0.006680389047131466,0.198722186300782,0.19718734466370638,0.0030501934341946417,0.00580743183443219
210,010,010,1,0.0010000000000000943,0.0063635387780048664,0.005363538778004772,0.21510303296041852,0.2068594502432666,0.0010000000000000943,0.0063635387780048664,0.21833437404301814,0.19563575279027065,0.0064098115262674485,0.006589931932023457
211,111,111,1,0.0030000000000000157,0.008054024022367025,0.005054024022367009,0.09181903523192118,0.04883745373887027,0.089439879079159,0.0337291988281707,0.05126365162780177,0.008054024022367025,0.05474872565442074,0.0030000000000000157
212,011,011,1,0.00200000000000003,0.014898351089196491,0.012898351089196462,0.10920874856347002,0.03796361093898012,0.1269925177555369,0.00200000000000003,0.10054077423383538,0.039607241558534394,0.11697276456758852,0.014898351089196491
213,010,010,1,0.0010000000000000417,0.00865542113068811,0.007655421130688068,0.04699430645097211,0.03684711733672159,0.0010000000000000417,0.00865542113068811,0.05148731494692756,0.04111446097419482,0.011318649681813578,0.010357827726402714
214,000,000,1,0.0,0.015109606719973766,0.015109606719973766,0.0,0.018079429833056916,0.02265530907075532,0.03773531630740045,0.015109606719973766,0.030747356338849466,0.026403784704633115,0.03781854813380612
215,000,000,1,0.0,0.0019531226870290728,0.0019531226870290728,0.0,0.0034642141891915576,0.015908848256563062,0.011480625142599031,0.0019531226870290728,0.005097864535802117,0.015449255226113212,0.011207308195804448
216,111,111,1,0.003000000000000072,0.014495707635445483,0.01149570763544541,0.12111553237810709,0.1203802965024907,0.031031171122641945,0.026037223093988267,0.12227622732497719,0.12269320764408485,0.014495707635445483,0.003000000000000072
217,011,011,1,0.002000000000000062,0.011740514830494594,0.009740514830494531,0.08082176493475864,0.013245112326306915,0.02953874619851037,0.002000000000000062,0.07895088816470655,0.013495904110471189,0.04110849202408481,0.011740514830494594
218,001,001,1,0.0010000000000000913,0.02109550618487781,0.02009550618487772,0.02109550618487781,0.0010000000000000913,0.030408079249373717,0.031119759025290128,0.04208614590722858,0.024645401659189943,0.04118671528942669,0.04204430023831953
219,010,010,1,0.0010000000000000514,0.02318019000664926,0.022180190006649208,0.08187476168209037,0.07215370341901657,0.0010000000000000514,0.03044992645243641,0.07672405306934221,0.051029072605201564,0.02318019000664926,0.029062638334396634
220,011,011,1,0.0020000000000001805,0.010534112350770525,0.008534112350770345,0.16752017120166354,0.07706985121688871,0.05149500790957339,0.0020000000000001805,0.1603220682811557,0.0677704098117288,0.05001461283687061,0.010534112350770525
221,011,011,1,0.00200000000000012,0.003256220866696506,0.0012562208666963858,0.08001510473244076,0.08201842424449197,0.017102990531749688,0.00200000000000012,0.07341108441223555,0.07606347255320184,0.016208782657635493,0.003256220866696506
222,010,010,1,0.001000000000000063,0.020135555762807712,0.01913555576280765,0.027740107902407413,0.0364301194544552,0.001000000000000063,0.020135555762807712,0.032375850589014106,0.04772512777474459,0.02033294756504859,0.026891333845200895
223,111,111,1,0.0030000000000001206,0.008228876340779057,0.005228876340778937,0.19937574055418508,0.07603616891655865,0.09676452114939584,0.008228876340779057,0.1799821995566848,0.045472732128103495,0.09893395531980688,0.0030000000000001206
224,111,111,1,0.003000000000000167,0.012611898597462527,0.00961189859746236,0.13610376914269404,0.06975898149843485,0.08031703556216023,0.012611898597462527,0.0655129877937236,0.04833683187783642,0.028812002256547592,0.003000000000000167
225,010,010,1,0.0010000000000000323,0.007458237488878752,0.00645823748887872,0.15442667389459463,0.15969112158865487,0.0010000000000000323,0.010153610917141736,0.14460690435116474,0.149309814707523,0.007458237488878752,0.011054046958770759
226,100,100,1,0.001000000000000116,0.00791471452056466,0.006914714520564544,0.09492575293899208,0.09499371254509,0.09355218976748188,0.09716853661884922,0.001000000000000116,0.01961180281776593,0.00791471452056466,0.023235919671196436
227,110,110,1,0.0020000000000001497,0.017448486393386316,0.015448486393386167,0.07965057820941991,0.0995687028775794,0.024263188669710972,0.025526257783312606,0.0584804914593807,0.05786430467851746,0.0020000000000001497,0.017448486393386316
228,011,011,1,0.002000000000000046,0.007529691123479929,0.005529691123479883,0.10096428006116331,0.07678101200062834,0.05674276533377364,0.002000000000000046,0.10672000103461492,0.07619527614323561,0.05440651011495646,0.007529691123479929
229,011,011,1,0.0020000000000002013,0.004531794707064952,0.002531794707064751,0.17118153913800493,0.17212127962066195,0.022698841580251355,0.0020000000000002013,0.1240327469204439,0.13393232148321083,0.021021817736555398,0.004531794707064952
230,010,010,1,0.0010000000000000267,0.005745980271060269,0.004745980271060242,0.005745980271060269,0.011506381653916278,0.0010000000000000267,0.008637421732267562,0.023724243756789175,0.029528905114977883,0.021144314599940636,0.024567582916397282
231,111,111,1,0.0030000000000000174,0.00649335238433254,0.0034933523843325223,0.3018744397576643,0.20493333650803422,0.07049837837476639,0.03470539766433124,0.19307980049360426,0.15538105153009307,0.00649335238433254,0.0030000000000000174
232,001,001,1,0.001000000000000058,0.016665649492194505,0.01566564949219445,0.11834762231007734,0.001000000000000058,0.1373740786006476,0.03957346323946269,0.0898748821065003,0.016665649492194505,0.11683387525811419,0.05283964570992435
233,001,001,1,0.0010000000000000694,0.008203115618591461,0.007203115618591392,0.1869215564976565,0.0010000000000000694,0.11604813858095991,0.012915574569244696,0.19302573556389394,0.008203115618591461,0.1125124557693753,0.015278531555616436
234,100,100,1,0.0010000000000000393,0.014885551585733351,0.013885551585733312,0.0445635323396891,0.042142666431955425,0.05880987008372108,0.052235441110481735,0.0010000000000000393,0.01651204654539016,0.014885551585733351,0.0264646377638366
235,110,110,1,0.002000000000000157,0.014849579142616625,0.012849579142616467,0.05030709050929538,0.07025994448524804,0.014849579142616625,0.030597213266911803,0.04317459707462018,0.05283434380104305,0.002000000000000157,0.026130489714979385
236,110,110,1,0.0020000000000006636,0.005693030893591907,0.0036930308935912435,0.42116271759763224,0.3475843573988818,0.31269302505462326,0.3018660175670487,0.13279461741043855,0.08887569974190868,0.0020000000000006636,0.005693030893591907
237,001,001,1,0.0010000000000000104,0.006987005241642557,0.005987005241642546,0.045432537780097336,0.0010000000000000104,0.05823246992977441,0.029204798366780388,0.04905610787322165,0.006987005241642557,0.05637247213146237,0.02607203114024693
238,111,111,1,0.0030000000000008084,0.018593279284772328,0.01559327928477152,0.34354655433005593,0.19298702801601078,0.3322360062282238,0.1986959995000084,0.10469682764826586,0.018593279284772328,0.10620586900159673,0.0030000000000008084
239,001,001,1,0.0010000000000000302,0.005848907639959313,0.004848907639959283,0.09980735348318041,0.0010000000000000302,0.09366382709808896,0.005848907639959313,0.07822445371597546,0.014307967270505869,0.04265373938004024,0.00705645211505964
240,110,110,1,0.0020000000000000595,0.0027057938339155934,0.000705793833915534,0.07151766142426541,0.06964457177511532,0.0027057938339155934,0.006793923752210701,0.058443170593659534,0.05968746796253551,0.0020000000000000595,0.0064360747224099495
241,100,100,1,0.0010000000000000716,0.010241457793032245,0.009241457793032173,0.0589294016842381,0.07915869209324837,0.06227803615084946,0.08431643171197382,0.0010000000000000716,0.021993234987283117,0.010241457793032245,0.03072543945104428
242,011,011,1,0.002000000000000069,0.006323805245211167,0.004323805245211098,0.0836463038096908,0.006323805245211167,0.04526264854636041,0.002000000000000069,0.10714893433362138,0.04476493276030711,0.08753242974271935,0.04555602308523812
243,100,100,1,0.0010000000000001587,0.006220127039759978,0.005220127039759819,0.05429642877167743,0.05769964961384622,0.051666649897294255,0.053453629333381325,0.0010000000000001587,0.006220127039759978,0.021477542114876118,0.02412506823341681
244,110,110,1,0.0020000000000000556,0.01801899652376656,0.016018996523766503,0.13587569666444585,0.14425367698043887,0.05062044281944988,0.0586644643182967,0.021619505586246434,0.025927292979172664,0.0020000000000000556,0.01801899652376656
245,011,011,1,0.002000000000000055,0.004325268649360273,0.002325268649360218,0.08851071746304622,0.03604972022211895,0.019391947825235727,0.002000000000000055,0.08725495435798998,0.03650672816646908,0.018689391898555938,0.004325268649360273
246,111,111,1,0.0030000000000001033,0.01124709997289577,0.008247099972895666,0.1173222973551642,0.025464731888485373,0.0644404119968095,0.02161093144944544,0.07714128288366047,0.01124709997289577,0.026087961430137058,0.0030000000000001033
247,011,011,1,0.0020000000000000412,0.04097337725903925,0.0389733772590392,0.07357813118457562,0.04895750045787021,0.04647341951224959,0.0020000000000000412,0.10372479826589441,0.08640403928645174,0.07561993654168324,0.04097337725903925
248,100,100,1,0.0010000000000001212,0.010520566488610064,0.009520566488609944,0.10444617831862302,0.09468741347869479,0.08418866769384811,0.07372717645523172,0.0010000000000001212,0.010520566488610064,0.01163019235000133,0.018100395514989816
249,110,110,1,0.002000000000000057,0.011837316685300015,0.009837316685299958,0.073673677350374,0.07723786791847055,0.039177711554593125,0.030257593952944674,0.02281833812211693,0.024355343316416478,0.002000000000000057,0.011837316685300015
250,011,011,1,0.002000000000000176,0.006186059933299072,0.004186059933298896,0.21990904420495253,0.07958114083980951,0.008675131086350747,0.002000000000000176,0.21429941244258177,0.08142321475602567,0.00898027417065058,0.006186059933299072
251,010,010,1,0.0010000000000000627,0.006946109021932639,0.005946109021932576,0.01661402385042631,0.01851099197057723,0.0010000000000000627,0.010545222276335635,0.01727931361097146,0.018801865578886384,0.006946109021932639,0.014549702870381803
252,100,100,1,0.001000000000000022,0.004776897125876676,0.003776897125876654,0.14249470680820073,0.14555488873006178,0.14395667683683427,0.135295052806005,0.001000000000000022,0.004776897125876676,0.025030740939463475,0.018293329433811813
253,100,100,1,0.001000000000000068,0.010851792240179518,0.009851792240179449,0.04754997680290348,0.04907621344708829,0.03701220813617553,0.03586523619357094,0.001000000000000068,0.010851792240179518,0.012817458527650758,0.01754185731037303
254,111,111,1,0.003000000000000091,0.05671732695235726,0.05371732695235717,0.3254410297832684,0.2917635037543255,0.2543223239922468,0.21420053843446155,0.16603944514919303,0.05671732695235726,0.11606065873695807,0.003000000000000091
255,100,100,1,0.0010000000000000163,0.005794637256594353,0.004794637256594336,0.005794637256594353,0.016672975597904864,0.022576889284687523,0.03168208482632843,0.0010000000000000163,0.012956592960471497,0.026387825979624593,0.034579543907356874
256,100,100,1,0.0010000000000000074,0.009623473069599892,0.008623473069599884,0.011344266311968531,0.022241249652385612,0.009623473069599892,0.01668865871908984,0.0010000000000000074,0.013289158121393231,0.013504212528300561,0.020452995341408327
257,111,111,1,0.0030000000000000955,0.010087112943730315,0.007087112943730219,0.1238476663940979,0.12222305505239744,0.06439983059177065,0.0715833119765758,0.040472353942029145,0.022682188531549283,0.010087112943730315,0.0030000000000000955
258,000,000,1,0.0,0.0010624359642931497,0.0010624359642931497,0.0,0.011583718099925155,0.04044872580738948,0.04475779444085443,0.0010624359642931497,0.012617172270542737,0.032361921352417,0.037439424319903596
259,011,011,1,0.0020000000000001557,0.004814088082777688,0.002814088082777532,0.0920152129469894,0.05723940865979888,0.04425445698232591,0.0020000000000001557,0.09164074273013112,0.05855692846844613,0.03900805978275829,0.004814088082777688
260,110,110,1,0.002000000000000045,0.024156790096798896,0.02215679009679885,0.2185839921711926,0.19376662164935557,0.14818377304392596,0.13238522078938506,0.024156790096798896,0.04645694148823984,0.002000000000000045,0.025983430467221104
261,011,011,1,0.0020000000000001536,0.011561815552546421,0.009561815552546267,0.15857814440073706,0.08555340295644435,0.07716100614632194,0.0020000000000001536,0.12783657646285881,0.07875540988549944,0.06939479420546497,0.011561815552546421
262,111,111,1,0.0030000000000003327,0.015973393309185187,0.012973393309184855,0.21697347211559434,0.06616803593443213,0.15644112132736965,0.03485083078996742,0.13553293168238323,0.015973393309185187,0.10225822609365533,0.0030000000000003327
263,010,010,1,0.0010000000000000338,0.00940980089506189,0.008409800895061856,0.011156412626590848,0.014230864541961315,0.0010000000000000338,0.00940980089506189,0.009422959918250786,0.013417592863856388,0.010373605371381073,0.009498821467243545
264,011,011,1,0.0020000000000007477,0.013032762307655158,0.01103276230765441,0.3002030552837684,0.27994887580787337,0.03477104961837959,0.0020000000000007477,0.305701600074695,0.2847905435458869,0.04645947010589963,0.013032762307655158
265,110,110,1,0.002000000000000661,0.024972392902378654,0.022972392902377993,0.2809290612605005,0.2360640356362602,0.19447191088606475,0.18606684441408305,0.036930269714495575,0.040443815335028055,0.002000000000000661,0.024972392902378654
266,110,110,1,0.0020000000000001744,0.005476390937840891,0.0034763909378407168,0.14721132440819937,0.153615778365589,0.005476390937840891,0.00907264649699871,0.1404356392386167,0.14005283855188816,0.0020000000000001744,0.008441139391529833
267,110,110,1,0.002000000000000221,0.005051336313566366,0.003051336313566145,0.07501499204323493,0.024800484463237904,0.0389509288290898,0.026781654295190943,0.06337722736882417,0.019894503306363012,0.002000000000000221,0.005051336313566366
268,100,100,1,0.0010000000000000427,0.016643560457805393,0.01564356045780535,0.13054530783620355,0.1423438168829868,0.1391510061806173,0.13406734426289277,0.0010000000000000427,0.016643560457805393,0.021837175348646924,0.02126566682226835
269,011,011,1,0.002000000000000174,0.019655225423100647,0.01765522542310047,0.3106009336220647,0.19735430472835547,0.07487464046866987,0.002000000000000174,0.3062196895426686,0.2060687461384512,0.06604704118107815,0.019655225423100647
270,000,000,1,0.0,0.005327640279495421,0.005327640279495421,0.0,0.005327640279495421,0.013894476050306193,0.012458708478816083,0.014178666315132128,0.016652460531137232,0.02362653409741082,0.02505387670102248
271,111,111,1,0.003000000000000057,0.00455257115434301,0.001552571154342953,0.25149952401460823,0.129304147623907,0.016494432243617196,0.016368558758174917,0.21418432220992842,0.05086954930438636,0.00455257115434301,0.003000000000000057
272,111,111,1,0.003000000000000065,0.01993148121572484,0.016931481215724777,0.18989129032876584,0.07736554085571241,0.1216626324566323,0.029125560158319373,0.07498000993307904,0.05053292678345992,0.01993148121572484,0.003000000000000065
273,110,110,1,0.0020000000000000816,0.003371223198743626,0.0013712231987435446,0.07145218787791131,0.05499286033484216,0.003371223198743626,0.019005775241499927,0.07334266784632697,0.05729322258631007,0.0020000000000000816,0.018829785930407898
274,110,110,1,0.002000000000000033,0.011772694452970127,0.009772694452970094,0.05992875490900249,0.05544234489917205,0.03293513164119701,0.036509285480124214,0.011772694452970127,0.026860403203988227,0.002000000000000033,0.019248185558007506
275,111,111,1,0.003000000000000107,0.017915712396018565,0.014915712396018459,0.15869523294644036,0.17139900794408458,0.13330780293036637,0.13812714038657245,0.08825588349980086,0.08875099342874578,0.017915712396018565,0.003000000000000107
276,011,011,1,0.002000000000000036,0.005532294559169208,0.0035322945591691724,0.06577499996475485,0.04575317252591176,0.008560222597823585,0.002000000000000036,0.044747206541683175,0.030872176881114446,0.011367153626083523,0.005532294559169208
277,010,010,1,0.0010000000000001332,0.0036873124620535264,0.0026873124620533932,0.10389521133902535,0.08395227316144972,0.0010000000000001332,0.0036873124620535264,0.10052932440422363,0.08152215174209708,0.0038733840889116798,0.00556826270457848
278,011,011,1,0.002000000000000185,0.011333950056991941,0.009333950056991756,0.047890008111299176,0.032391852306428374,0.03627746074206276,0.002000000000000185,0.032609434106492544,0.024058851749171897,0.030218602185579563,0.011333950056991941
279,100,100,1,0.0010000000000000098,0.0013674666751048448,0.000367466675104835,0.0013674666751048448,0.0033262204795773353,0.059105304417347126,0.06008401511499912,0.0010000000000000098,0.004487223060584737,0.0576032973203699,0.05986837211514721
280,110,110,1,0.002000000000000072,0.006572294721836393,0.004572294721836321,0.12174879940258738,0.0944559163293721,0.04585802711495105,0.05026502157835902,0.08186133104874754,0.05034028879671552,0.002000000000000072,0.006572294721836393
281,111,111,1,0.0030000000000006736,0.009583394829188185,0.006583394829187511,0.24824833439516994,0.2573889845960783,0.06442936970712997,0.03916483170392901,0.15789388763918785,0.15609800754087788,0.009583394829188185,0.0030000000000006736
282,100,100,1,0.0010000000000000304,0.006589161792026278,0.005589161792026248,0.06713996216030173,0.04174320734637535,0.07638263959837978,0.05366527371870459,0.0010000000000000304,0.006589161792026278,0.026321275648623785,0.028296907188082504
283,100,100,1,0.0010000000000000018,0.006824547245124893,0.005824547245124891,0.027675819168170357,0.05470728349806886,0.026609258868471212,0.035583862873360496,0.0010000000000000018,0.028206187459982303,0.006824547245124893,0.018685447444124335
284,001,001,1,0.0010000000000000018,0.004159948607017313,0.0031599486070173115,0.00661892880457898,0.0010000000000000018,0.04559599797442407,0.0404447003880558,0.009811127227046489,0.004159948607017313,0.04388932071288778,0.03909305142637966
285,111,111,1,0.00300000000000023,0.02087176345805468,0.017871763458054447,0.2888136830872656,0.27122084113402983,0.07868692017732222,0.02087176345805468,0.19648625301863779,0.19559702060693154,0.028148003656810104,0.00300000000000023
286,010,010,1,0.0010000000000000484,0.0024471471730719402,0.0014471471730718919,0.038775904885665326,0.03387777416159016,0.0010000000000000484,0.010899152927751801,0.03535101717905199,0.030178196127009477,0.0024471471730719402,0.011416405355407055
287,010,010,1,0.0010000000000000063,0.0030470629197365865,0.00204706291973658,0.0030470629197365865,0.01788902821132201,0.0010000000000000063,0.014193479248550243,0.0035240172363245896,0.019322332916596505,0.004078590942190097,0.015204854086027363
288,111,111,1,0.003000000000000012,0.025081249831427045,0.022081249831427032,0.1543644965376825,0.15735780522704865,0.11814483812945843,0.10654088570839472,0.040730097853488294,0.025081249831427045,0.03144454161323096,0.003000000000000012
289,110,110,1,0.0020000000000004255,0.010194111435970023,0.008194111435969598,0.14145890171594336,0.1354849834276355,0.010194111435970023,0.027930691076445607,0.13643150879736854,0.13053879746534278,0.0020000000000004255,0.019808982999708766
290,110,110,1,0.002000000000000026,0.0052342058590092244,0.0032342058590091984,0.14392141517359752,0.07194296034437932,0.0052342058590092244,0.007970171455481656,0.1375444238924237,0.07315120149082587,0.002000000000000026,0.005283060356248853
291,010,010,1,0.0010000000000000165,0.002670088563075811,0.0016700885630757945,0.052352501006674636,0.06473276482926583,0.0010000000000000165,0.01377452880991881,0.016711069274647442,0.02673845679603737,0.002670088563075811,0.012710682275374901
292,000,000,1,0.0,0.02129666074555191,0.02129666074555191,0.0,0.02552327690100149,0.03134548968673705,0.03958915785708878,0.02129666074555191,0.02880020083601051,0.03741132038186076,0.02712599909738383
293,000,000,1,0.0,0.002283926571566728,0.002283926571566728,0.0,0.013864458860061234,0.013972655765337804,0.028192695368286017,0.002283926571566728,0.013609492694417226,0.013329829162845145,0.021764626945897647
294,011,011,1,0.002000000000000709,0.008863060823469337,0.006863060823468627,0.1809141643464842,0.04978745441166755,0.08752555942412465,0.002000000000000709,0.18412250530271546,0.049413828730400046,0.08741362259791403,0.008863060823469337
295,100,100,1,0.0010000000000002578,0.012149467386171415,0.011149467386171157,0.030340832418157476,0.026339374169270773,0.036263219131725616,0.041197507049583214,0.0010000000000002578,0.012149467386171415,0.015499512346087863,0.024425368010009108
296,000,000,1,0.0,0.011422802005060281,0.011422802005060281,0.0,0.012247583039525688,0.05219576585044423,0.04623499398158729,0.011422802005060281,0.01848427082169085,0.0497070085618349,0.037325369942438624
297,111,111,1,0.0030000000000002217,0.051235164277536445,0.04823516427753622,0.16800876011854413,0.0895907806841173,0.12278851674339836,0.051235164277536445,0.15267655356582976,0.08219379785833252,0.060721416980576294,0.0030000000000002217
298,011,011,1,0.0020000000000001293,0.017628375367474584,0.015628375367474454,0.04456289846883125,0.027792627131962285,0.03927305239840404,0.0020000000000001293,0.050256003101212345,0.03547968039281099,0.05177881257370962,0.017628375367474584
299,011,011,1,0.002000000000000279,0.006887836390524892,0.004887836390524614,0.2963536327344512,0.24005351187888932,0.08163106910114694,0.002000000000000279,0.3007966801715033,0.2411294816563325,0.08208582117768017,0.006887836390524892
300,111,111,1,0.003000000000000047,0.016032633290027406,0.013032633290027358,0.14240462775407978,0.13848976078794695,0.04326205653805396,0.021166936943669,0.0785906275258871,0.0766342182113006,0.016032633290027406,0.003000000000000047
301,010,010,1,0.0010000000000000217,0.012161033269882562,0.01116103326988254,0.03797254582956849,0.04669156859644901,0.0010000000000000217,0.012161033269882562,0.05763463846060218,0.06721289365848877,0.028266502151192086,0.037614956825903496
302,110,110,1,0.002000000000000027,0.006472438928396639,0.004472438928396612,0.011993448819247089,0.01520339983776247,0.012586844649607493,0.014093018111974545,0.01302002761210402,0.016999255447850865,0.002000000000000027,0.006472438928396639
303,110,110,1,0.002000000000000057,0.019677300120991597,0.01767730012099154,0.0581904186038139,0.08756217524661919,0.019677300120991597,0.026236107136179923,0.034194120587088116,0.038136232530565084,0.002000000000000057,0.025783529530706097
304,010,010,1,0.001000000000000198,0.0071958131219122924,0.006195813121912095,0.041302210935044464,0.03827339988910134,0.001000000000000198,0.007483424456855137,0.024680991746356632,0.02459363241641597,0.0071958131219122924,0.013015016944312369
305,111,111,1,0.0030000000000006575,0.01090298572636672,0.007902985726366062,0.1416312696857305,0.0609220214832947,0.12992588570578448,0.01090298572636672,0.13524779078632573,0.05939627260324973,0.13233580915024104,0.0030000000000006575
306,111,111,1,0.00300000000000002,0.02282867719078576,0.01982867719078574,0.26548472682408447,0.2708674740106907,0.16260294151387486,0.10303213845624153,0.19202193227416975,0.18991650385342482,0.02282867719078576,0.00300000000000002
307,000,000,1,0.0,0.0018432802914129728,0.0018432802914129728,0.0,0.007978276751983149,0.017969424231166015,0.022701765705655116,0.0018432802914129728,0.00946353883925316,0.018733601762441918,0.02373488891457743
308,010,010,1,0.0010000000000000807,0.009679398040063198,0.008679398040063117,0.13994425241670427,0.12023050087833435,0.0010000000000000807,0.02419226228973803,0.12823100167744797,0.096141179599238,0.009679398040063198,0.022362206901437198
309,100,100,1,0.0010000000000000451,0.006117778141492821,0.005117778141492776,0.03607200785769705,0.03798426076795138,0.02618563845079702,0.02921954514885363,0.0010000000000000451,0.006117778141492821,0.008293816776099302,0.013436268469754886
310,111,111,1,0.0030000000000002043,0.054782844052496206,0.051782844052496,0.5513438146360113,0.13832702130049557,0.47721574761825714,0.0963088000286868,0.21847702428111052,0.054782844052496206,0.1318975776979232,0.0030000000000002043
311,110,110,1,0.0020000000000002507,0.007679408957015889,0.005679408957015638,0.20806509922622343,0.1747552839992521,0.1956886426462903,0.17733217558123113,0.048369615604325226,0.0340951866206061,0.0020000000000002507,0.007679408957015889
312,111,111,1,0.0030000000000000955,0.006854985262914162,0.0038549852629140664,0.06045100101281891,0.06050779929422895,0.017714529107316825,0.006854985262914162,0.05284674643537485,0.05314021667101998,0.01291768999069693,0.0030000000000000955
313,100,100,1,0.0010000000000002021,0.013943327869950414,0.012943327869950212,0.053714711238397515,0.07153102867824972,0.05216365672864135,0.06759986230909136,0.0010000000000002021,0.024597600401699574,0.013943327869950414,0.03450697784983265
314,110,110,1,0.0020000000000000417,0.004736587066474145,0.0027365870664741035,0.08896460374253516,0.05281984686898583,0.06941360226282452,0.05260814383305087,0.03633405369997813,0.013329938269022339,0.0020000000000000417,0.004736587066474145
315,001,001,1,0.0010000000000000865,0.010002978682455586,0.0090029786824555,0.0770030473426283,0.0010000000000000865,0.08395886215794453,0.010002978682455586,0.08200857581508131,0.013141574749744983,0.08435640927148412,0.017245897153692957
316,100,100,1,0.001000000000000321,0.0214522071096011,0.02045220710960078,0.14491560799849793,0.15315937622443035,0.13784024127085479,0.14770640350836237,0.001000000000000321,0.0214522071096011,0.030023812838185435,0.05094380126726483
317,011,011,1,0.002000000000000043,0.02332764347241181,0.021327643472411766,0.16197169030827338,0.0777054236124253,0.1229415078409949,0.002000000000000043,0.13423511286821987,0.07667332177729233,0.10914978159064435,0.02332764347241181
318,111,111,1,0.0030000000000001384,0.024268710092921066,0.021268710092920928,0.08776275068762747,0.06420536550032262,0.03351830778928558,0.02860649844823302,0.0738334542435848,0.025373643002810947,0.024268710092921066,0.0030000000000001384
319,110,110,1,0.0020000000000000144,0.005108564226982871,0.003108564226982857,0.053090593716673774,0.0600075591769737,0.005108564226982871,0.014271378438030821,0.05562537799314935,0.06409963497040502,0.0020000000000000144,0.012408239962661532
320,111,111,1,0.0030000000000001414,0.03526812190923579,0.03226812190923565,0.25360569567002494,0.25526906285300893,0.06355725140961839,0.03526812190923579,0.15466355797556333,0.1519174459554907,0.03973151839470523,0.0030000000000001414
321,001,001,1,0.001000000000000077,0.004473370485957943,0.003473370485957866,0.051051402435746684,0.001000000000000077,0.04849119834766751,0.013778917615181586,0.041354966693458756,0.004473370485957943,0.034145006650114156,0.013206987355074123
322,001,001,1,0.001000000000000053,0.00949316941028801,0.008493169410287956,0.02180916674116995,0.001000000000000053,0.023384591249569573,0.016713431437532667,0.01774918247898839,0.00949316941028801,0.02641811412779968,0.023320096910706294
323,111,111,1,0.0030000000000000235,0.013099941261105042,0.010099941261105019,0.1398609763041246,0.09504446225519059,0.07302715774006314,0.013099941261105042,0.10516630646666543,0.05604942046507317,0.06345834861742639,0.0030000000000000235
324,011,011,1,0.0020000000000000595,0.00919261774183966,0.0071926177418396,0.15809724918936732,0.1561789284106934,0.03181669981217966,0.0020000000000000595,0.15117730069973528,0.1522331233490719,0.03670027653900564,0.00919261774183966
325,111,111,1,0.0030000000000012235,0.018899894253905404,0.01589989425390418,0.24004618788774548,0.18738985195706118,0.05600951982207591,0.02511692142400558,0.2380621983228928,0.18605859879581932,0.018899894253905404,0.0030000000000012235
326,110,110,1,0.0020000000000001982,0.008824973358641602,0.006824973358641405,0.06250029476062992,0.0644095397033948,0.011340275581034079,0.016971983663582893,0.028941213089100453,0.028766572302841402,0.0020000000000001982,0.008824973358641602
327,011,011,1,0.0020000000000002997,0.004713477694755192,0.0027134776947548927,0.38110158784419906,0.31434199126363377,0.1311143799711759,0.0020000000000002997,0.3245479148502964,0.27375477482996735,0.12537832266632132,0.004713477694755192
328,001,001,1,0.0010000000000000982,0.010545160242067487,0.00954516024206739,0.09084754752257977,0.0010000000000000982,0.0991169314337871,0.010545160242067487,0.0958726586608516,0.024134415281040766,0.09495174896118791,0.019775588540111706
329,010,010,1,0.001000000000000252,0.02567782750627374,0.024677827506273488,0.08552253196290227,0.1032436633742679,0.001000000000000252,0.02567782750627374,0.07573719379784734,0.08433776675852518,0.028130278757358955,0.03226011343334797
330,001,001,1,0.0010000000000008878,0.008148169775694478,0.00714816977569359,0.1932454361444683,0.0010000000000008878,0.1846897028149916,0.008148169775694478,0.20911304746790535,0.03641406571012918,0.20002759803593825,0.0431222496572465
331,111,111,1,0.0030000000000008193,0.0072478937369401504,0.004247893736939332,0.3456111506625583,0.35024187465871254,0.3319517107649561,0.34207195520706657,0.04382163439638975,0.0072478937369401504,0.04619248068248218,0.0030000000000008193
332,100,100,1,0.001000000000000004,0.0014466264180378375,0.0004466264180378336,0.0014466264180378375,0.01235436896654387,0.02886978191801363,0.03924948806677966,0.001000000000000004,0.011604619720184416,0.029038503726756683,0.038962367335626705
333,100,100,1,0.0010000000000000156,0.0069914997412044546,0.005991499741204439,0.01597566039427122,0.014482422988962497,0.017906482831873714,0.020927413490210482,0.0010000000000000156,0.0069914997412044546,0.007454023309296605,0.010918676574551495
334,011,011,1,0.0020000000000010448,0.008940107865804833,0.006940107865803789,0.22199706788448278,0.008940107865804833,0.2123846284709879,0.0020000000000010448,0.19418296769740165,0.027839332408104475,0.18282719912179643,0.026958636459805924
335,010,010,1,0.0010000000000002162,0.006034277018855561,0.005034277018855345,0.05121967075303446,0.0521460965991374,0.0010000000000002162,0.02422403884837434,0.05591118397881332,0.0557436120016598,0.006034277018855561,0.026995018196294115
336,110,110,1,0.0020000000000000282,0.012438385041110708,0.01043838504111068,0.1064349441890126,0.1075377895509117,0.06154135807305017,0.05953909503438013,0.06693493573389266,0.07440120273927697,0.0020000000000000282,0.012438385041110708
337,100,100,1,0.0010000000000000737,0.005020584901963767,0.004020584901963694,0.026862575818154582,0.031041262696786743,0.02672281093428043,0.026157734593817185,0.0010000000000000737,0.005020584901963767,0.012828185334584248,0.012170804825782682
338,001,001,1,0.0010000000000000599,0.010425814714120322,0.009425814714120262,0.04781256114395904,0.0010000000000000599,0.060428549587458795,0.019812841595016638,0.03774165637808235,0.010425814714120322,0.04739819386813645,0.02538978442343299
339,001,001,1,0.0010000000000000666,0.0035109497152759827,0.002510949715275916,0.1477897056204063,0.0010000000000000666,0.12951764475396554,0.034541648444404625,0.14779311406181014,0.0035109497152759827,0.13114576049786011,0.0339829361321233
340,001,001,1,0.0010000000000000618,0.007201336416695938,0.006201336416695877,0.028087918590441435,0.0010000000000000618,0.016121193522357205,0.007590090136166203,0.026293636973782526,0.007201336416695938,0.015305427141273342,0.01115522442694095
341,000,000,1,0.0,0.004368131849186662,0.004368131849186662,0.0,0.01815424783392156,0.004368131849186662,0.01854648724278605,0.020729101055764598,0.030130250932221457,0.01879778790656031,0.03151538255585071
342,100,100,1,0.0010000000000000649,0.013470655575223402,0.012470655575223337,0.020600556888302254,0.0259076416520217,0.0250188972316492,0.037189395120298965,0.0010000000000000649,0.013470655575223402,0.01754785903789468,0.025075406386529882
343,011,011,1,0.0020000000000003045,0.01289287365044273,0.010892873650442426,0.21099156928975873,0.1466126054224083,0.017276219702747966,0.0020000000000003045,0.18115649099954478,0.11966557376847353,0.02887839797257788,0.01289287365044273
344,010,010,1,0.0010000000000006154,0.004569923833439064,0.003569923833438449,0.4547797453158105,0.3500567777840248,0.0010000000000006154,0.004569923833439064,0.44411993755780854,0.3448972318106531,0.005965719557008455,0.009284288705042141
345,100,100,1,0.0010000000000000538,0.005510372168207338,0.004510372168207284,0.064336667661655,0.06704246981616067,0.07047720178064563,0.07021149896772778,0.0010000000000000538,0.005510372168207338,0.01651636686854509,0.016020637221941577
346,011,011,1,0.0020000000000000894,0.0041297276910627675,0.002129727691062678,0.05492375101560915,0.05321813322394253,0.010316594835751435,0.0020000000000000894,0.055060645467628365,0.05224103473666197,0.010274474392489043,0.0041297276910627675
347,111,111,1,0.0030000000000016845,0.031541213079581985,0.0285412130795803,0.5099399337109325,0.25272877188346216,0.42014306172642957,0.14169644199989737,0.06716489135794419,0.031541213079581985,0.051536232772974123,0.0030000000000016845
348,111,111,1,0.003000000000000063,0.014420557078229958,0.011420557078229894,0.2736957262190207,0.16012936590655763,0.08879955844533376,0.06275624345349146,0.15182403709531864,0.014420557078229958,0.05149847004968172,0.003000000000000063
349,111,111,1,0.003000000000000057,0.03701034010202387,0.03401034010202381,0.14303043363421983,0.08140994689040246,0.06401130012105356,0.03701034010202387,0.12683134375257296,0.0506755427368667,0.042192928294988705,0.003000000000000057
350,010,010,1,0.001000000000000009,0.0031031146503177273,0.0021031146503177186,0.0031031146503177273,0.006928253821728259,0.001000000000000009,0.008898188883290617,0.01012262341516823,0.01604510568235836,0.011834197149431566,0.011514544061218539
351,100,100,1,0.0010000000000000232,0.01068868024206544,0.009688680242065416,0.05214474468829383,0.03938691691041658,0.06923250256179429,0.06001047383661847,0.0010000000000000232,0.01068868024206544,0.022940103792373726,0.03007843413630598
352,000,000,1,0.0,0.00610865168326224,0.00610865168326224,0.0,0.00660716895194269,0.018069935405164963,0.01674735996160421,0.00610865168326224,0.011260407165581743,0.02199051116974174,0.019543546097973055
353,100,100,1,0.00100000000000002,0.018427187190095347,0.017427187190095325,0.02641615248422033,0.049683860613992714,0.04211778772950766,0.037775855742063595,0.00100000000000002,0.02773602155397685,0.018427187190095347,0.01903229419509987
354,100,100,1,0.001000000000000111,0.009189162118042483,0.00818916211804237,0.02217652746630176,0.030350835502549644,0.05916334265423553,0.04708782127279181,0.001000000000000111,0.009189162118042483,0.04343119402148729,0.03297764295277429
355,000,000,1,0.0,0.0035282674925154254,0.0035282674925154254,0.0,0.0035282674925154254,0.009391870123603478,0.007875835104392583,0.0047069267732656175,0.007579949416688691,0.006375760406699812,0.004084132873945269
356,100,100,1,0.0010000000000000386,0.007504121692964944,0.006504121692964906,0.02074963523583606,0.02575012778209346,0.05505929966584142,0.04382548358553987,0.0010000000000000386,0.007504121692964944,0.048117442504994744,0.03471906895278395
357,100,100,1,0.0010000000000000202,0.0068222124255953925,0.0058222124255953725,0.014236540731194597,0.020166191083119234,0.027919563909508588,0.029176730918167082,0.0010000000000000202,0.0068222124255953925,0.027346026039066135,0.029496236681359984
358,100,100,1,0.0010000000000000037,0.005181181277196637,0.004181181277196634,0.04263294951589386,0.05553305957945807,0.04624765996195668,0.0539890180631712,0.0010000000000000037,0.014069558448184478,0.005181181277196637,0.011204921692211843
359,011,011,1,0.0020000000000001367,0.008672290885224207,0.00667229088522407,0.05138835748760553,0.04702760840249087,0.033437566015708235,0.0020000000000001367,0.04739253161374616,0.052227939342917695,0.02295998061536774,0.008672290885224207
360,011,011,1,0.0020000000000006913,0.022533961371089848,0.020533961371089156,0.4868513217948784,0.07728338242149022,0.27782872774398937,0.0020000000000006913,0.4638559209599612,0.09286763520739931,0.25076049509812126,0.022533961371089848
361,110,110,1,0.00200000000000009,0.0077034659675525325,0.005703465967552442,0.3145643254842821,0.21424759073840616,0.021046992563744787,0.017548507427394118,0.3165128690996656,0.19980557174499147,0.00200000000000009,0.0077034659675525325
362,010,010,1,0.0010000000000002327,0.010627436433407394,0.00962743643340716,0.058922631251476974,0.04990351912992743,0.0010000000000002327,0.0269011266208082,0.061720842449531216,0.05201871303934027,0.010627436433407394,0.03473017543430435
363,000,000,1,0.0,0.010012862577693127,0.010012862577693127,0.0,0.02056138161884685,0.010012862577693127,0.022731250327386793,0.01738034202816462,0.014590577484089446,0.02523415766883548,0.018884158301679492
364,001,001,1,0.0010000000000005105,0.02508685417868068,0.02408685417868017,0.0750911863842139,0.0010000000000005105,0.10732919629557132,0.035183918912841235,0.0734690992731546,0.02508685417868068,0.09585431826617004,0.043178077206190005
365,011,011,1,0.002000000000000435,0.006451765382762327,0.0044517653827618915,0.1682158313412825,0.09781192990568986,0.02158942071873929,0.002000000000000435,0.15737694770954416,0.09474857636476676,0.02357243827413867,0.006451765382762327
366,100,100,1,0.0010000000000000302,0.0033730356893977437,0.0023730356893977133,0.030889610201423997,0.03262408494352067,0.05640381458775895,0.049465285887591644,0.0010000000000000302,0.0033730356893977437,0.03221691126259753,0.023692441367844
367,001,001,1,0.0010000000000000054,0.007545569364353694,0.006545569364353689,0.1358903777604236,0.0010000000000000054,0.14257392958684095,0.01594112369086193,0.1388771394030175,0.007545569364353694,0.14965923932373418,0.018248293826474634
368,111,111,1,0.003000000000000012,0.04655808662254509,0.04355808662254508,0.2773125273649777,0.18064185944234845,0.17364039045566929,0.09324592944243537,0.10280144311790222,0.04655808662254509,0.05310027634578492,0.003000000000000012
369,001,001,1,0.0010000000000000865,0.015649422117722904,0.014649422117722818,0.06308140435956622,0.0010000000000000865,0.027985802821930958,0.019480807173968558,0.06804172611910193,0.015649422117722904,0.04104536542226221,0.034243485368849934
370,011,011,1,0.0020000000000002143,0.013054669754327352,0.011054669754327139,0.18910067150739587,0.02627233282635652,0.06408695210362635,0.0020000000000002143,0.1981572384032686,0.03132542932845812,0.06551452379871421,0.013054669754327352
371,001,001,1,0.0010000000000000473,0.004809601317801159,0.0038096013178011115,0.03706346058042742,0.0010000000000000473,0.0371304770059603,0.03110211209506207,0.038389779295727476,0.004809601317801159,0.039861602078568335,0.03259245769984543
372,001,001,1,0.0010000000000000982,0.0044169741776560745,0.0034169741776559764,0.0044169741776560745,0.0010000000000000982,0.02279425673949294,0.021531869482232013,0.029218370963600842,0.027383322659923708,0.04602475200347314,0.04825126867708635
373,110,110,1,0.0020000000000002876,0.004881025846163723,0.0028810258461634355,0.07374436619165152,0.07947139921353792,0.004881025846163723,0.009503491139574079,0.07033378628343617,0.07587162850021605,0.0020000000000002876,0.008071043411793459
374,001,001,1,0.0010000000000000933,0.002930211346514518,0.0019302113465144246,0.09847380929332443,0.0010000000000000933,0.08547323091414523,0.002930211346514518,0.09959394682401092,0.006398220167358526,0.07972677710689624,0.0045404755639220085
375,110,110,1,0.002000000000000069,0.0073267414469876495,0.00532674144698758,0.1757949667853701,0.17601867711732275,0.16555237876144444,0.15095614301078591,0.010770706688427407,0.01209111652074726,0.002000000000000069,0.0073267414469876495
376,100,100,1,0.0010000000000000015,0.002742844503847114,0.0017428445038471126,0.002742844503847114,0.005067687802296793,0.027981071321780706,0.02975058769750833,0.0010000000000000015,0.005709133756423951,0.02931463931719383,0.030776498645935207
377,001,001,1,0.0010000000000003118,0.005466113407119366,0.0044661134071190545,0.046061874927484044,0.0010000000000003118,0.03229075234504428,0.005466113407119366,0.040018834263160184,0.006772337928788517,0.031228173079280025,0.010516843617113674
378,100,100,1,0.0010000000000000525,0.013851646778888355,0.012851646778888302,0.030484845447681524,0.034406539403454145,0.040833983691110014,0.039427370796414,0.0010000000000000525,0.013851646778888355,0.01781877170647015,0.025554317436722193
379,001,001,1,0.001000000000000008,0.004788159260315861,0.0037881592603158532,0.040323488728026914,0.001000000000000008,0.036396014050066046,0.02220062090262269,0.04252046853275367,0.004788159260315861,0.03339164419890072,0.020614176808349927
380,000,000,1,0.0,0.0060189359431691725,0.0060189359431691725,0.0,0.0060189359431691725,0.01917093375979332,0.019426608453143007,0.01928804956508914,0.024662415989744092,0.024463906848981795,0.02604679365909368
381,110,110,1,0.002000000000000549,0.02253337152906182,0.02053337152906127,0.42740772161041224,0.40709027341173,0.10237694612926662,0.11686169657990188,0.3781261461475388,0.3453857096872763,0.002000000000000549,0.02253337152906182
382,010,010,1,0.0010000000000000048,0.008568883182230124,0.00756888318223012,0.02251864025768065,0.021861083896094674,0.0010000000000000048,0.008568883182230124,0.01408234354007578,0.012384337106911683,0.01006772921149138,0.012330797390399571
383,010,010,1,0.0010000000000000063,0.015400263272944179,0.014400263272944172,0.016045695285172256,0.01886930497410411,0.0010000000000000063,0.015400263272944179,0.04260415298966321,0.04532307115809844,0.03384280010780031,0.04610220261513503
384,001,001,1,0.0010000000000001449,0.004487658946225765,0.00348765894622562,0.0461402815971777,0.0010000000000001449,0.04300417411479852,0.004487658946225765,0.0712058053490045,0.03515072109363714,0.07530896344669778,0.03266839188134378
385,111,111,1,0.003000000000000155,0.010841558215692933,0.007841558215692778,0.07809797992212515,0.04409360232094122,0.03988661853151614,0.010841558215692933,0.07087506862736588,0.04188935399496636,0.03867730028476482,0.003000000000000155
386,011,011,1,0.002000000000000061,0.008350179957270921,0.006350179957270861,0.0391941405075289,0.019778208736773415,0.008350179957270921,0.002000000000000061,0.037438773487110166,0.014546727079667539,0.013874720179531914,0.009776945181338715
387,010,010,1,0.0010000000000001193,0.01230381344122766,0.011303813441227542,0.031226876947987203,0.028172255972354687,0.0010000000000001193,0.02252225353303048,0.031039834296174296,0.028284566670900596,0.01230381344122766,0.029000579693856506
388,100,100,1,0.0010000000000001616,0.010625320497496041,0.00962532049749588,0.23089091485673588,0.135373570475262,0.24662392802700428,0.12492821140264188,0.0010000000000001616,0.010625320497496041,0.02143305232880116,0.022676230879992917
389,111,111,1,0.0030000000000003713,0.012906721564889312,0.009906721564888941,0.21696379328449025,0.21084891514273432,0.12523010228239517,0.09910438678230399,0.15127901261677804,0.15417431771087706,0.012906721564889312,0.0030000000000003713
390,100,100,1,0.001000000000000147,0.010998798955224702,0.009998798955224555,0.018866220474718913,0.026635332544631875,0.03244645933506205,0.03332738022747908,0.001000000000000147,0.010998798955224702,0.022774562857175572,0.026075906917793927
391,001,001,1,0.001000000000000329,0.009391469752205898,0.008391469752205569,0.216232884017152,0.001000000000000329,0.22046681526994527,0.009391469752205898,0.22525551302226043,0.015545016110912042,0.23145355538733944,0.0221057641003721
392,100,100,1,0.0010000000000003008,0.008764720698181069,0.007764720698180768,0.209294935341658,0.21522174397494784,0.22317425482407602,0.21726734444230345,0.0010000000000003008,0.008764720698181069,0.017197415942918928,0.01274729477308079
393,010,010,1,0.0010000000000000054,0.003872865195196418,0.0028728651951964125,0.003872865195196418,0.029612018860333062,0.0010000000000000054,0.027324371111362898,0.01554587337263106,0.030002331064736598,0.01284627178051019,0.028962495256733493
394,111,111,1,0.0030000000000006168,0.007478705157204754,0.004478705157204137,0.25962539450678546,0.16320122632797526,0.1258178932564587,0.007478705157204754,0.22141981090783355,0.12401742377131954,0.12080583198833506,0.0030000000000006168
395,100,100,1,0.0010000000000001904,0.010023733148211257,0.009023733148211067,0.0803962006355219,0.07010958244375891,0.08841419918147793,0.07397786282207425,0.0010000000000001904,0.010023733148211257,0.031795362537863414,0.03509902913673848
396,001,001,1,0.0010000000000002364,0.020587589556852998,0.01958758955685276,0.05559225484990483,0.0010000000000002364,0.06915226624759764,0.020587589556852998,0.062034569787840436,0.026800054531134244,0.06881138683302983,0.03763214572296675
397,010,010,1,0.0010000000000002112,0.004563207928109079,0.0035632079281088676,0.12057170994293114,0.10562572332740348,0.0010000000000002112,0.004979255206580269,0.11864635183512807,0.10760665038390031,0.004563207928109079,0.00764117082363111
398,100,100,1,0.0010000000000000527,0.009517841587443924,0.008517841587443871,0.11302204368944241,0.11803632124862462,0.10972661350533962,0.10822937320791061,0.0010000000000000527,0.02476540549097052,0.009517841587443924,0.024656213477700632
399,100,100,1,0.0010000000000000573,0.006496349474113139,0.0054963494741130815,0.01179194157245548,0.013162810130676557,0.023990329860869866,0.022959559125607168,0.0010000000000000573,0.006496349474113139,0.019767899612967613,0.01459040439993305
400,011,011,1,0.002000000000000953,0.008618886698465153,0.006618886698464201,0.16485174421464743,0.16752642471946816,0.019148645592089328,0.002000000000000953,0.16091030414679178,0.16339634453333993,0.025473197005106835,0.008618886698465153
401,000,000,1,0.0,0.0036111242686370426,0.0036111242686370426,0.0,0.012150840506383827,0.0036111242686370426,0.011359821515347153,0.015914454353125662,0.011155851876185794,0.018211096095659893,0.007823098642296154
402,001,001,1,0.0010000000000001295,0.009663583398581577,0.008663583398581448,0.025121691162244025,0.0010000000000001295,0.029134452960391955,0.009663583398581577,0.03642401899187126,0.015228450720234772,0.03826329217312015,0.022250231697630574
403,110,110,1,0.0020000000000009433,0.007967464992563303,0.005967464992562359,0.1356747578004457,0.10243758014588955,0.03472878796700173,0.04018983941524944,0.0860889316527107,0.062354628649347106,0.0020000000000009433,0.007967464992563303
404,010,010,1,0.0010000000000000143,0.0050622714017093794,0.004062271401709365,0.01903207580943908,0.01823671442812354,0.0010000000000000143,0.006966295519086826,0.021113525409895823,0.022592779280097355,0.0050622714017093794,0.009775943710475325
405,111,111,1,0.0030000000000000265,0.008096024727547842,0.005096024727547815,0.043384610997343365,0.03801612957525045,0.01703388438511395,0.008096024727547842,0.041472087191028385,0.042778224044008155,0.024469272102536563,0.0030000000000000265
406,001,001,1,0.0010000000000000282,0.013803965928441218,0.012803965928441189,0.15112762660983625,0.0010000000000000282,0.14475061235703474,0.013803965928441218,0.14471498752419767,0.028128160029012306,0.12343678582047006,0.02624292014925142
407,110,110,1,0.0020000000000000516,0.013341050094715697,0.011341050094715645,0.1036282596641354,0.11278139172442736,0.031629664988148495,0.03677132245885057,0.09057889193874308,0.09411889253350747,0.0020000000000000516,0.013341050094715697
408,110,110,1,0.002000000000000039,0.005853999198118472,0.0038539991981184326,0.06278874649244509,0.05534563333440118,0.008879388377496172,0.0123183915458889,0.04592537120152947,0.03976763052537608,0.002000000000000039,0.005853999198118472
409,100,100,1,0.0010000000000001071,0.017408614765912475,0.016408614765912367,0.060609803632944326,0.05880718094007526,0.08192959994258335,0.08688810042207622,0.0010000000000001071,0.017408614765912475,0.03452091090356571,0.04458763368872693
410,011,011,1,0.0020000000000000725,0.007766612584090728,0.005766612584090655,0.2977257224737759,0.12913206805794578,0.1316536251452788,0.0020000000000000725,0.27077315256886153,0.1305107381282732,0.11622260405384267,0.007766612584090728
411,011,011,1,0.0020000000000002386,0.008086033025416635,0.006086033025416397,0.36246557601002943,0.34888684280107846,0.014332290177821838,0.0020000000000002386,0.31954520107191464,0.3194070630489099,0.013497846969371775,0.008086033025416635
412,011,011,1,0.002000000000000334,0.012105559451506046,0.010105559451505711,0.6866509072680588,0.4985646188188359,0.04293478883406516,0.002000000000000334,0.6809340440252303,0.49616434776625823,0.037755378723807916,0.012105559451506046
413,010,010,1,0.0010000000000001585,0.014994666679240782,0.013994666679240623,0.13854736402014045,0.10817126147644669,0.0010000000000001585,0.014994666679240782,0.16196903696105494,0.10754303360982688,0.03574956046295691,0.03221840173710818
414,111,111,1,0.0030000000000000595,0.01414215923596016,0.0111421592359601,0.10985116640542776,0.044111251673837996,0.09890035165810285,0.031057421070179524,0.12262826234413139,0.01414215923596016,0.11381115146628983,0.0030000000000000595
415,000,000,1,0.0,0.00673439639691101,0.00673439639691101,0.0,0.008941119907318426,0.040408590214912915,0.04774017929991468,0.009448639035147612,0.00673439639691101,0.04992304855129311,0.0448806495878184
416,110,110,1,0.0020000000000001557,0.01300418181281248,0.011004181812812324,0.09101744938430605,0.10871375990287285,0.07393215750817594,0.07501118427638985,0.01300418181281248,0.021280461180087487,0.0020000000000001557,0.016801146885351063
417,000,000,1,0.0,0.0016678729018384138,0.0016678729018384138,0.0,0.016130037161533637,0.003156948290643428,0.01857156731069786,0.0016678729018384138,0.017567383575314705,0.0024270004505146164,0.015044108818798675
418,110,110,1,0.0020000000000000144,0.008916964870496966,0.006916964870496952,0.2976526917254368,0.26161564961561096,0.04125374361810968,0.04758096620737388,0.30507314953853504,0.2634322669036942,0.0020000000000000144,0.008916964870496966
419,110,110,1,0.0020000000000000595,0.016910002471991346,0.014910002471991287,0.16815670354767645,0.16212236925281,0.0262255543154271,0.026193159895942272,0.1581377757919855,0.1316343150508682,0.0020000000000000595,0.016910002471991346
420,001,001,1,0.001000000000000043,0.010062749553291478,0.009062749553291435,0.023341854319731615,0.001000000000000043,0.02803575852424685,0.010339374002737751,0.025041932702610084,0.010062749553291478,0.028746030299711685,0.01716030943359014
421,000,000,1,0.0,0.008315238418273087,0.008315238418273087,0.0,0.009920503288038472,0.00873793247541401,0.015755040774546238,0.008315238418273087,0.016880103601638153,0.009387273034269896,0.01715026553693735
422,001,001,1,0.0010000000000000267,0.016952605331383912,0.015952605331383887,0.0330399393591729,0.0010000000000000267,0.06797093642430248,0.03590795247946067,0.029729756686525277,0.016952605331383912,0.05500476361907286,0.036129891966555853
423,010,010,1,0.0010000000000000495,0.008547252006715146,0.007547252006715096,0.052294017850409914,0.055768719441806607,0.0010000000000000495,0.015872610942237998,0.05224108081082368,0.058811943784112454,0.008547252006715146,0.01263091224989258
424,100,100,1,0.0010000000000002028,0.02754347274613001,0.02654347274612981,0.09478486073323318,0.11229966459378553,0.10658099949370474,0.13108165100130373,0.0010000000000002028,0.02754347274613001,0.04356204784767098,0.05846740926181911
425,110,110,1,0.002000000000000047,0.00270827023715011,0.000708270237150063,0.20635133240704728,0.06011280800802749,0.00270827023715011,0.0030940177908285295,0.20502839495625502,0.05910602950782797,0.002000000000000047,0.0032379718529232013
426,001,001,1,0.00100000000000001,0.009114483066944117,0.008114483066944107,0.025116217470216196,0.00100000000000001,0.02928646223423907,0.009114483066944117,0.020048161804944536,0.017844037821175232,0.02807419836793386,0.0223462156689213
427,001,001,1,0.0010000000000000104,0.013011257702887752,0.012011257702887742,0.018328140591247804,0.0010000000000000104,0.06247062159857775,0.04788857672876063,0.03014882473183283,0.013011257702887752,0.056516788779014095,0.04166230148314149
428,011,011,1,0.0020000000000001844,0.0058570010409520635,0.003857001040951879,0.08095243834672126,0.054133393782898546,0.03984558227869357,0.0020000000000001844,0.044121212443000914,0.02158205922398338,0.03806188575434003,0.0058570010409520635
429,110,110,1,0.002000000000000124,0.01700368501927519,0.015003685019275067,0.10749581791313538,0.07893596718264102,0.07337948942597843,0.058340196614967504,0.04267123219538107,0.042659807308548285,0.002000000000000124,0.01700368501927519
430,010,010,1,0.0010000000000001505,0.005146680982504115,0.004146680982503965,0.08669578058561304,0.09311393455264838,0.0010000000000001505,0.008652080214273671,0.08343410326544592,0.08812240814365364,0.005146680982504115,0.011518566984631422
431,001,001,1,0.0010000000000000367,0.01638683308308113,0.015386833083081091,0.07523444786954951,0.0010000000000000367,0.09950078705465831,0.036553866428398564,0.07609342668223074,0.01638683308308113,0.1132627766779221,0.035898361388427114
432,001,001,1,0.001000000000000009,0.005706090277591272,0.004706090277591263,0.005767960191433056,0.001000000000000009,0.02440934541346325,0.019025229819059693,0.008221711011470224,0.005706090277591272,0.02770525865041154,0.022754546809664027
433,001,001,1,0.0010000000000000438,0.005334004783120993,0.004334004783120949,0.04206844828141426,0.0010000000000000438,0.04647146292012538,0.012527286960702167,0.03002165231272931,0.005334004783120993,0.034309470467901663,0.014356788105830683
434,111,111,1,0.0030000000000006467,0.06074948923003906,0.05774948923003841,0.4835961162548907,0.18027264007092436,0.3320036008318526,0.06074948923003906,0.27086644404494914,0.13789853818400535,0.10312295827908925,0.0030000000000006467
435,011,011,1,0.002000000000000044,0.005483892285172666,0.0034838922851726218,0.08630375720490086,0.005483892285172666,0.04262572943772155,0.002000000000000044,0.10205620039335861,0.021873047414999028,0.04311644053719205,0.024490873664781983
436,001,001,1,0.0010000000000000464,0.0036075668140950895,0.002607566814095043,0.058538631171941614,0.0010000000000000464,0.052465570708537364,0.0036075668140950895,0.08269516950946341,0.033257968992953864,0.05441596986314206,0.022815698796584613
437,010,010,1,0.0010000000000001455,0.012724727207978265,0.01172472720797812,0.0648006002601601,0.0603785700446498,0.0010000000000001455,0.012724727207978265,0.07584678563831494,0.07140390615795993,0.014473770294507096,0.025662877232287863
438,100,100,1,0.0010000000000000382,0.0030956916394358778,0.0020956916394358396,0.1020845170641328,0.10571016945708907,0.0996938911770236,0.08879935918086258,0.0010000000000000382,0.011076093943695403,0.0030956916394358778,0.006968306448855443
439,110,110,1,0.002000000000000114,0.008493491657434392,0.006493491657434278,0.2939657880649866,0.28787583794749266,0.008854318184397213,0.012700984826125339,0.275151509854715,0.2654521185831689,0.002000000000000114,0.008493491657434392
440,011,011,1,0.0020000000000001397,0.010787140699261732,0.008787140699261592,0.030208345087873206,0.0342537524561555,0.01650849820754656,0.0020000000000001397,0.024985571362957103,0.0271392892732698,0.012030105880034373,0.010787140699261732
441,001,001,1,0.0010000000000000113,0.002481990750645734,0.0014819907506457225,0.04058359954983861,0.0010000000000000113,0.019200076237425163,0.014691817942755276,0.041745032699830875,0.002481990750645734,0.017884821159653716,0.013683834570523131
442,011,011,1,0.002000000000000268,0.005971012697031779,0.003971012697031511,0.2591417703804644,0.2140388956226612,0.15683013938313536,0.002000000000000268,0.24819759275750955,0.19660541272583318,0.15997968493227607,0.005971012697031779
443,000,000,1,0.0,0.008293701793130112,0.008293701793130112,0.0,0.013414235579182025,0.0464589741594796,0.05885678547321339,0.008293701793130112,0.011748782462642979,0.05382541490489457,0.056985338721530394
444,100,100,1,0.0010000000000000904,0.03137079573550341,0.030370795735503317,0.0932834959577783,0.09647748347142167,0.10309031716854848,0.10128391338411769,0.0010000000000000904,0.03137079573550341,0.03482454588018725,0.05485694194082689
445,110,110,1,0.002000000000000035,0.006665174040037704,0.004665174040037669,0.04905110861200038,0.05357329112782638,0.03506264753654708,0.0373488380981558,0.03383364353161863,0.0354952727388363,0.002000000000000035,0.006665174040037704
446,010,010,1,0.001000000000000286,0.006079876962322257,0.005079876962321971,0.03191394486160234,0.03699192009915079,0.001000000000000286,0.010609117467586898,0.03504803897464214,0.03924300327784452,0.006079876962322257,0.009690098972483364
447,100,100,1,0.0010000000000000325,0.011293236682409048,0.010293236682409015,0.021326048440193108,0.03946303765007696,0.02565957830608102,0.03232231383174054,0.0010000000000000325,0.020092005039839815,0.011293236682409048,0.01945237296141184
448,011,011,1,0.0020000000000009906,0.014929940090245623,0.012929940090244632,0.4522444927974938,0.38289330858034215,0.04630798051837395,0.0020000000000009906,0.38044969454558103,0.3371462937019149,0.04953542491515569,0.014929940090245623
449,100,100,1,0.00100000000000001,0.006969369206602155,0.0059693692066021455,0.006969369206602155,0.02075099375076671,0.033966499287206964,0.039274647705589534,0.00100000000000001,0.015510850835963975,0.028809580965299855,0.03513095714605358
450,011,011,1,0.00200000000000002,0.007926093648670765,0.005926093648670745,0.19636147431744078,0.1086360829981002,0.010856635586777335,0.00200000000000002,0.1992922999815406,0.1092046850286205,0.015638750371519773,0.007926093648670765
451,001,001,1,0.001000000000000161,0.007620970121029768,0.006620970121029607,0.06703940645719426,0.001000000000000161,0.05763412527967221,0.007620970121029768,0.08489525508391899,0.0446870775373211,0.07344156630556826,0.046366841559550946
452,001,001,1,0.0010000000000001976,0.006100670260038348,0.005100670260038151,0.04425259794660102,0.0010000000000001976,0.05407018227491822,0.022647160389420974,0.04370986147781893,0.006100670260038348,0.057663514360125546,0.024318617901987232
453,010,010,1,0.0010000000000000132,0.006862528031044791,0.005862528031044778,0.07881479827115549,0.08491087573211319,0.0010000000000000132,0.007009779682445803,0.06582297024424767,0.06602171127148831,0.006862528031044791,0.008987202848852894
454,011,011,1,0.0020000000000000065,0.015773663427189066,0.013773663427189059,0.054180687346045885,0.04345304800169336,0.03919471924003034,0.0020000000000000065,0.05783308172802002,0.04863932428610258,0.04732283444427791,0.015773663427189066
455,100,100,1,0.0010000000000001186,0.002966100983062258,0.0019661009830621396,0.09699691474411655,0.11081992929780961,0.05193309170199827,0.05800571714615999,0.0010000000000001186,0.018181181024039525,0.002966100983062258,0.018253756147323844
456,010,010,1,0.0010000000000000956,0.0052472874898415005,0.004247287489841405,0.05520362621434697,0.05326049353218543,0.0010000000000000956,0.021248805249860996,0.04622179347848912,0.04555035464587165,0.0052472874898415005,0.023837421522487835
457,010,010,1,0.001000000000000069,0.0025062236279243385,0.0015062236279242695,0.0576702867524509,0.0389317584074923,0.001000000000000069,0.004044253655572212,0.05389686861476717,0.03948321307137856,0.0025062236279243385,0.005181211222147946
458,001,001,1,0.001000000000000005,0.002463051265377428,0.0014630512653774229,0.011197572501334204,0.001000000000000005,0.030409489519273785,0.023321028029970457,0.011354621258149945,0.002463051265377428,0.023958164206571056,0.02008753313141124
459,111,111,1,0.00300000000000009,0.02722985924214974,0.02422985924214965,0.23915693297830687,0.18070345840615018,0.11945220451834594,0.0783455262955248,0.0854107266384958,0.05198307974483826,0.02722985924214974,0.00300000000000009
460,001,001,1,0.001000000000000204,0.014379640670455229,0.013379640670455025,0.04896973513986352,0.001000000000000204,0.07226704501717042,0.03419442994796074,0.058457408023838704,0.014379640670455229,0.07181571940810512,0.028632788366213753
461,001,001,1,0.001000000000000162,0.013540359176938552,0.01254035917693839,0.09302360274956845,0.001000000000000162,0.09896553518822045,0.013540359176938552,0.0991986227344932,0.015007429801815197,0.10402574866255053,0.02559174585617017
462,011,011,1,0.0020000000000001345,0.003775275916613986,0.0017752759166138514,0.08643528922502279,0.08485986506993219,0.017034719149582173,0.0020000000000001345,0.0719230058744672,0.06508702125520605,0.018193419837346785,0.003775275916613986
463,111,111,1,0.003000000000000115,0.012994990302834212,0.009994990302834097,0.16900753858787343,0.14133338266460677,0.03081443223665914,0.037958764530279784,0.17096394641204152,0.11957003296545643,0.012994990302834212,0.003000000000000115
464,010,010,1,0.0010000000000002325,0.00848139740089228,0.007481397400892047,0.1655478094678748,0.1488730767716396,0.0010000000000002325,0.013823008566248334,0.14718596665006234,0.13688352807716672,0.00848139740089228,0.020137404757284302
465,010,010,1,0.0010000000000000204,0.015867189764615097,0.014867189764615077,0.06302871379614101,0.061789261416036724,0.0010000000000000204,0.016822430328752434,0.07490037255478199,0.06559899964385367,0.01790201425839788,0.015867189764615097
466,010,010,1,0.0010000000000000145,0.008827125999775157,0.007827125999775142,0.02127248468408997,0.02972097963491532,0.0010000000000000145,0.010961669586557731,0.022161162154415548,0.031639709256404816,0.008827125999775157,0.01651812529283508
467,110,110,1,0.002000000000000212,0.025303376977898594,0.02330337697789838,0.1504448865523876,0.1253251362923679,0.026814080164199477,0.04540379498621546,0.14505387912218057,0.12077514925578042,0.002000000000000212,0.025303376977898594
468,111,111,1,0.003000000000000177,0.04736180763613981,0.04436180763613964,0.2787925890320623,0.18172279898609,0.2622794231430894,0.17046958166185688,0.12136328204330464,0.04736180763613981,0.06894390952630665,0.003000000000000177
469,110,110,1,0.0020000000000002047,0.004302616349503649,0.002302616349503444,0.10218836709242761,0.044587178275713624,0.005382933041107361,0.00562589416688938,0.10276018965766572,0.04481044199956844,0.0020000000000002047,0.004302616349503649
470,011,011,1,0.002000000000000018,0.0033513572921182798,0.001351357292118262,0.01163913410922818,0.0033513572921182798,0.013775825231623951,0.002000000000000018,0.020910863146818916,0.010589729639529043,0.012147210999524675,0.009450112372442365
471,110,110,1,0.00200000000000009,0.01150665906992596,0.00950665906992587,0.22650716869670828,0.2357934527051805,0.0557113308705695,0.05208579739373873,0.0967595709984705,0.09398015146814637,0.00200000000000009,0.01150665906992596
472,110,110,1,0.0020000000000001904,0.020558823993491647,0.018558823993491458,0.09818415506629252,0.11611785381297368,0.055106835685450606,0.07359309481037378,0.04819506613890832,0.06633478382313647,0.0020000000000001904,0.020558823993491647
473,110,110,1,0.0020000000000000057,0.015982102073604117,0.013982102073604112,0.03567399724134513,0.02832645924854829,0.020106324580543376,0.015982102073604117,0.04179234312365841,0.03805323532575789,0.0020000000000000057,0.018509104422464274
474,100,100,1,0.0010000000000000874,0.006073268290848788,0.005073268290848701,0.18473002569493976,0.15663656855047856,0.19006397230715857,0.1570298493388094,0.0010000000000000874,0.026137200934544358,0.006073268290848788,0.026644775925573093
475,010,010,1,0.0010000000000000132,0.011921604556326485,0.010921604556326472,0.04157842229167096,0.06630566457035535,0.0010000000000000132,0.029951085167769252,0.053271289267300674,0.06413642189109633,0.011921604556326485,0.028018465984942505
476,111,111,1,0.0030000000000001007,0.03137146632908942,0.028371466329089323,0.2297149628258215,0.21583930535150853,0.21504467308361938,0.1581762065822346,0.044914410719804725,0.0434397106417515,0.03137146632908942,0.0030000000000001007
477,010,010,1,0.0010000000000002065,0.0071087528563837715,0.006108752856383565,0.18141532854007178,0.19072883150288847,0.0010000000000002065,0.010090884322413184,0.1829264192119432,0.18441590465054292,0.0071087528563837715,0.008213495218053878
478,011,011,1,0.0020000000000007516,0.011875566487248072,0.009875566487247321,0.11536978723493856,0.02618486266223127,0.08458255337689354,0.0020000000000007516,0.12293486872704494,0.0323419777133664,0.08848046426281635,0.011875566487248072
479,010,010,1,0.0010000000000000254,0.014414980530661247,0.013414980530661222,0.014414980530661247,0.02392713786779843,0.0010000000000000254,0.017790282842269793,0.034136464177063654,0.03627924896803653,0.020804685794525594,0.02922221869170968
480,010,010,1,0.0010000000000002817,0.009447430615399849,0.008447430615399567,0.203208759745477,0.16578254139384632,0.0010000000000002817,0.011378040317420016,0.19389691709317758,0.16526710023311383,0.009447430615399849,0.01704009977346551
481,111,111,1,0.0030000000000002178,0.04899371613408502,0.0459937161340848,0.11308795525633841,0.10620248697380318,0.09934511747868345,0.056661827990489105,0.07507187238469709,0.04899371613408502,0.06757613902362376,0.0030000000000002178
482,010,010,1,0.0010000000000000876,0.023070802779387375,0.022070802779387288,0.05175643626143822,0.07093815214974908,0.0010000000000000876,0.029819996448417325,0.06857596793824751,0.07723880700380754,0.023070802779387375,0.027417837131874928
483,011,011,1,0.0020000000000003197,0.01069656173060813,0.00869656173060781,0.3511940975738657,0.24002397569860265,0.08216999609840568,0.0020000000000003197,0.35768298111058494,0.21523941666143012,0.0654316850886572,0.01069656173060813
484,110,110,1,0.002000000000000164,0.011409422581087594,0.009409422581087429,0.08636651031314335,0.08916900109594801,0.09040024555002261,0.09324819051748236,0.025303272720168107,0.034128612585738245,0.002000000000000164,0.011409422581087594
485,111,111,1,0.0030000000000000434,0.014864633389697693,0.011864633389697649,0.10624322210853916,0.10612556524023324,0.09656609156020156,0.10232100936990048,0.01785174935745855,0.014864633389697693,0.01565413541085609,0.0030000000000000434
486,111,111,1,0.003000000000000425,0.018656356250659582,0.015656356250659156,0.3580798288922799,0.2911940012685043,0.04772777334962262,0.03347038071420342,0.2412352682952514,0.17912605384246297,0.018656356250659582,0.003000000000000425
487,010,010,1,0.0010000000000000844,0.013677614993154319,0.012677614993154234,0.21672738233053948,0.19791309203131344,0.0010000000000000844,0.020511775876439188,0.21068909374124525,0.19638389816213384,0.013677614993154319,0.03159826338264844
488,111,111,1,0.0030000000000007963,0.05174066884038839,0.048740668840387594,0.5089688604792281,0.46486724879273206,0.3513050422157399,0.3347463965332933,0.1986407058572978,0.05174066884038839,0.09455174379136126,0.0030000000000007963
489,111,111,1,0.0030000000000002156,0.03893731617842993,0.03593731617842971,0.2097717256592275,0.13020967581242818,0.09537102998904766,0.03893731617842993,0.19593368839408654,0.10532507477652019,0.06977654344736602,0.0030000000000002156
490,011,011,1,0.0020000000000007677,0.004862268691407901,0.002862268691407133,0.11031179085066241,0.060278401397566815,0.08234331403828171,0.0020000000000007677,0.09895643432192042,0.06079464405703063,0.05893037346249464,0.004862268691407901
491,100,100,1,0.001000000000000005,0.013464027169564713,0.012464027169564709,0.013464027169564713,0.02826772487733807,0.03063371858374223,0.03852272697888307,0.001000000000000005,0.01682394717756005,0.02473148712473433,0.03188129566075662
492,001,001,1,0.0010000000000000022,0.004554261372116532,0.0035542613721165294,0.004554261372116532,0.0010000000000000022,0.012638622011653004,0.008952171462435824,0.023896363686947853,0.021877447852972735,0.02455743616342726,0.021808951166130196
493,010,010,1,0.0010000000000060006,0.0030190328959202,0.002019032895914199,0.4411592651001391,0.3388225198608318,0.0010000000000060006,0.0030190328959202,0.4308561394725498,0.33369929869493503,0.003934724233284609,0.0056720417051465254
494,001,001,1,0.0010000000000000172,0.004176103028865575,0.003176103028865558,0.07994668839810268,0.0010000000000000172,0.09535650341954123,0.03682505708176804,0.0757911164592099,0.004176103028865575,0.09210163236702695,0.039250685785373114
495,100,100,1,0.0010000000000001984,0.01111406513859163,0.010114065138591432,0.1540080684788613,0.15374231993158635,0.15797018699741713,0.1423342424791852,0.0010000000000001984,0.030987507263528828,0.01111406513859163,0.027788226870245195
496,010,010,1,0.0010000000000000232,0.024044749817277368,0.023044749817277346,0.06697168732866687,0.0675005688966912,0.0010000000000000232,0.024044749817277368,0.08294989925295691,0.08096260130610282,0.02713037964216073,0.025284523112187658
497,111,111,1,0.0030000000000000794,0.010765533259498855,0.0077655332594987764,0.35112536354139473,0.07561553423496212,0.3356875555482105,0.06944825121659533,0.14830280293926154,0.010765533259498855,0.13222594605048102,0.0030000000000000794
498,110,110,1,0.002000000000000179,0.0033986134339241787,0.0013986134339239995,0.4574344892130171,0.28130780129980165,0.07048057241157027,0.047390350246528046,0.45172100009760413,0.2789054036667305,0.002000000000000179,0.0033986134339241787
499,010,010,1,0.001000000000000462,0.0071790728858475645,0.006179072885847102,0.2671817124043559,0.26182459024824806,0.001000000000000462,0.008302336327992653,0.2657795315145799,0.25208754475487954,0.0071790728858475645,0.009660849218751051
500,110,110,1,0.00200000000000039,0.0160668274342957,0.014066827434295309,0.33866760741656626,0.27077305615879366,0.14081060779442542,0.08375542315637478,0.23789141949779782,0.2331985377195046,0.00200000000000039,0.0160668274342957
501,100,100,1,0.00100000000000013,0.004581117229608552,0.0035811172296084217,0.03869408080311624,0.036381515358650585,0.05577081802337051,0.03690190520243165,0.00100000000000013,0.004581117229608552,0.027866756574310918,0.020270333609211544
502,100,100,1,0.0010000000000000748,0.009000316252988843,0.008000316252988767,0.07741460097806438,0.07369412318142464,0.09961473901763988,0.09671907267421152,0.0010000000000000748,0.009000316252988843,0.030226647845966848,0.035529464775146714
503,011,011,1,0.00200000000000003,0.010637581855439575,0.008637581855439546,0.12061827291936382,0.04585765383850065,0.09820961919008973,0.00200000000000003,0.1179024154539784,0.05124754101861129,0.0918789452666965,0.010637581855439575
504,111,111,1,0.0030000000000000204,0.007256863709419569,0.004256863709419549,0.16372614229164803,0.05825723288355117,0.07581740874967381,0.007256863709419569,0.14244541443600184,0.04109208593063056,0.06880762533837541,0.0030000000000000204
505,100,100,1,0.001000000000000013,0.0076998681361865025,0.0066998681361864895,0.021891735686053227,0.02230344773284984,0.027006829951419172,0.030855459357347452,0.001000000000000013,0.010684414988681237,0.0076998681361865025,0.01622267267829097
506,100,100,1,0.0010000000000001381,0.009864399587891674,0.008864399587891536,0.10099485993175635,0.10868480224905326,0.11530962532350941,0.11391235494973706,0.0010000000000001381,0.009864399587891674,0.02566727772199487,0.02540493152605558
507,011,011,1,0.0020000000000001076,0.01520791688734861,0.013207916887348502,0.228379993869504,0.05895735696358275,0.05680627065338068,0.0020000000000001076,0.2389225098642748,0.07178240111700719,0.06836497718524275,0.01520791688734861
508,111,111,1,0.0030000000000000486,0.012323494953080077,0.00932349495308003,0.27348891585699425,0.18401779670734872,0.12086085725755637,0.012323494953080077,0.13317565885056085,0.04593358218153409,0.09748931477915036,0.0030000000000000486
509,110,110,1,0.002000000000000045,0.011196834618770524,0.009196834618770479,0.3313507167800896,0.25758941556175685,0.188942939875635,0.12812487085322577,0.22524862334836715,0.21242554316425868,0.002000000000000045,0.011196834618770524
510,111,111,1,0.003000000000000369,0.023796381378052886,0.020796381378052516,0.45935366548542705,0.4018218814541508,0.3470393302038605,0.2723259380467368,0.048301212400219624,0.023796381378052886,0.03767096629954322,0.003000000000000369
511,010,010,1,0.0010000000000000221,0.015638883698805513,0.014638883698805491,0.036668329081326154,0.0378649581510496,0.0010000000000000221,0.015638883698805513,0.048901616375729456,0.03768192556454923,0.024581222798723518,0.023180875010103658
512,010,010,1,0.0010000000000001655,0.02510115380226062,0.024101153802260456,0.08578069885731299,0.09093187773570675,0.0010000000000001655,0.02510115380226062,0.12894401334553632,0.1385813861541976,0.051813530156761996,0.06282825808695082
513,011,011,1,0.002000000000000149,0.005960148682685966,0.003960148682685818,0.26671510401664317,0.14912641157900622,0.1113722488878096,0.002000000000000149,0.18572278769052528,0.08774535368254967,0.10978369555117817,0.005960148682685966
514,000,000,1,0.0,0.009839484919275651,0.009839484919275651,0.0,0.009839484919275651,0.013826625267433959,0.01906672865326081,0.01877730471867865,0.027004345407934678,0.018772318256698575,0.022399977412505802
515,011,011,1,0.0020000000000000378,0.00802428584666799,0.006024285846667952,0.12952149071929175,0.07093072528515026,0.02446491706153452,0.0020000000000000378,0.11403133067885123,0.049748856409061716,0.026258575081246092,0.00802428584666799
516,011,011,1,0.002000000000000033,0.005227389810693719,0.0032273898106936856,0.11219338542929402,0.04992970048297842,0.020976525195361768,0.002000000000000033,0.08501663766877983,0.0502591409016784,0.015679342833294096,0.005227389810693719
517,010,010,1,0.0010000000000000917,0.007360151757538998,0.006360151757538906,0.09024944743810526,0.10119254116367525,0.0010000000000000917,0.011544620626180137,0.09219597125473082,0.0955238266369285,0.007360151757538998,0.01091987729706096
518,011,011,1,0.0020000000000002316,0.03299223415295943,0.0309922341529592,0.15533004801896047,0.1169244953671118,0.03611155890482053,0.0020000000000002316,0.17250094043483863,0.10894316238530254,0.0523954429506775,0.03299223415295943
519,111,111,1,0.003000000000000319,0.07568213922610183,0.0726821392261015,0.3813544567492757,0.24267923179445228,0.20099761327342122,0.07568213922610183,0.36127255514792395,0.1519142060867246,0.18886528283438472,0.003000000000000319
520,111,111,1,0.0030000000000004827,0.056179004229368334,0.05317900422936785,0.4588402961187345,0.167119065712518,0.3740021732737547,0.07806996270101126,0.15962141652768477,0.056179004229368334,0.12259298368664205,0.0030000000000004827
521,011,011,1,0.002000000000000087,0.0070855165928220285,0.005085516592821941,0.054726397526444974,0.02808091163755932,0.030227300315538736,0.002000000000000087,0.05496728659942659,0.026505549132153743,0.03378657770843659,0.0070855165928220285
522,011,011,1,0.0020000000000001844,0.005151216500627374,0.0031512165006271895,0.1945488606588169,0.18589577689149028,0.00800696279108886,0.0020000000000001844,0.1953783044232792,0.1895490382203936,0.009945118298081753,0.005151216500627374
523,011,011,1,0.0020000000000001644,0.010941534453814239,0.008941534453814074,0.12849619015304523,0.06862063693070287,0.09882220142662679,0.0020000000000001644,0.11758336713387803,0.0665264519977014,0.09451709063806202,0.010941534453814239
524,001,001,1,0.0010000000000000015,0.0034391549132569608,0.0024391549132569594,0.0034391549132569608,0.0010000000000000015,0.04114643644222855,0.042387463656030765,0.01631882988796674,0.015038929730658457,0.03518465981184777,0.03415408596335237
525,011,011,1,0.0020000000000001917,0.022886892198045336,0.020886892198045143,0.1314117186863947,0.031144049207226094,0.07454878500821739,0.0020000000000001917,0.1328786453523992,0.046624092116652104,0.07423648814904882,0.022886892198045336
526,011,011,1,0.0020000000000005083,0.02533476872301754,0.02333476872301703,0.20996563262335588,0.1445606777487529,0.17465806112941962,0.0020000000000005083,0.21147446320393815,0.15798642768019952,0.17610661420646054,0.02533476872301754
527,011,011,1,0.0020000000000000282,0.0059139314214137675,0.00391393142141374,0.07839034552005707,0.0300707515229922,0.0059139314214137675,0.0020000000000000282,0.07569667577389372,0.02706060948558263,0.010100488893693124,0.007622685255045941
528,110,110,1,0.0020000000000000243,0.0030149804181306447,0.0010149804181306204,0.024710499000621028,0.022099447024475444,0.0030149804181306447,0.019048924854086234,0.02775751202416696,0.02327730055356702,0.0020000000000000243,0.017297855200991998
529,001,001,1,0.0010000000000000425,0.012546066587992203,0.01154606658799216,0.03381306454226777,0.0010000000000000425,0.028527157923566762,0.02149882654186963,0.03460545188747185,0.012546066587992203,0.03081758261287526,0.030131653633845148
530,110,110,1,0.0020000000000000317,0.005620416862865877,0.0036204168628658456,0.08595382851726602,0.08121379545042338,0.06493897254639995,0.06588994938825328,0.05959550000950845,0.054910719166477766,0.0020000000000000317,0.005620416862865877
531,111,111,1,0.0030000000000003544,0.024783883346010394,0.02178388334601004,0.3645590858289925,0.09982055291564555,0.2384577198720957,0.05618611272757853,0.14701966628907195,0.06261882099565982,0.024783883346010394,0.0030000000000003544
532,111,111,1,0.003000000000000446,0.010074662483457812,0.007074662483457366,0.33521763710936003,0.25602157537791687,0.030619158059605345,0.03403537857214822,0.20229162234897538,0.09853283791454388,0.010074662483457812,0.003000000000000446
533,111,111,1,0.0030000000000000274,0.01884890132085855,0.015848901320858522,0.12123718877959926,0.12419226426923007,0.09328689926853456,0.08343532195597746,0.02358531873290821,0.01884890132085855,0.019324737260207565,0.0030000000000000274
534,110,110,1,0.0020000000000000295,0.013351886637995553,0.011351886637995523,0.20141468674278853,0.20391038776632373,0.03682913971582517,0.03625085977462708,0.13523237707398486,0.1366703977346562,0.0020000000000000295,0.013351886637995553
535,100,100,1,0.0010000000000001184,0.019171487930121987,0.01817148793012187,0.05332983078209764,0.0585334248168973,0.08532157691687957,0.08269643495424196,0.0010000000000001184,0.019171487930121987,0.043292483276100836,0.054262476032569514
536,001,001,1,0.0010000000000000414,0.012543537090657737,0.011543537090657696,0.07207201473838354,0.0010000000000000414,0.07977425904644977,0.012543537090657737,0.058408500165680534,0.015589414212933254,0.052800706335033705,0.014513039237663866
537,110,110,1,0.0020000000000000694,0.012243381486477072,0.010243381486477002,0.19781235167676747,0.1622087939897205,0.17712270079431433,0.14961970984974854,0.012243381486477072,0.03417604505764866,0.0020000000000000694,0.028583296800121782
538,111,111,1,0.0030000000000008306,0.06616237987304786,0.06316237987304703,0.5303772472470477,0.3981016869533146,0.40920052426417064,0.22640094498609517,0.10561968274147532,0.06616237987304786,0.06738942822475814,0.0030000000000008306
539,111,111,1,0.0030000000000001744,0.011397306496215232,0.008397306496215057,0.04904923905776045,0.05356166221224623,0.01498789899437862,0.013878204476674726,0.026982052098988435,0.018649076828555468,0.011397306496215232,0.0030000000000001744
540,110,110,1,0.002000000000000017,0.009072203051278148,0.00707220305127813,0.16168337079972547,0.14499992573254963,0.0856125994347896,0.07019954668233346,0.011065465507748937,0.019979319971851407,0.002000000000000017,0.009072203051278148
541,000,000,1,0.0,0.0023864070888071163,0.0023864070888071163,0.0,0.015153810562555957,0.0023864070888071163,0.013479257637271497,0.008067201158744637,0.022825258835193665,0.004596478664025811,0.015913617001138428
542,110,110,1,0.002000000000000268,0.010537717246133707,0.00853771724613344,0.17597396802901677,0.15590947497378996,0.1365152416410738,0.13626318316620653,0.08068384894343657,0.06282934007004512,0.002000000000000268,0.010537717246133707
543,100,100,1,0.0010000000000000037,0.004065101749699682,0.003065101749699679,0.04083605990480774,0.041722993448666514,0.044270956496093916,0.03679050279253089,0.0010000000000000037,0.004065101749699682,0.03676618760231324,0.026870526428085427
544,001,001,1,0.0010000000000000204,0.006205620827082193,0.005205620827082173,0.02972356780912137,0.0010000000000000204,0.03263506694771607,0.006205620827082193,0.05043191049734045,0.026560718411343845,0.053393224266474915,0.0319455511431013
545,110,110,1,0.0020000000000001354,0.023068647614656025,0.02106864761465589,0.2209617134955465,0.24624892645349417,0.1384951570610648,0.11730981223024127,0.0926594478279524,0.07628911889521198,0.0020000000000001354,0.023068647614656025
546,010,010,1,0.0010000000000002735,0.018106889952773035,0.01710688995277276,0.0848818587595449,0.09290531155247721,0.0010000000000002735,0.018106889952773035,0.08751628899030776,0.10512724016137738,0.018661540141668577,0.02310900737098734
547,010,010,1,0.001000000000000046,0.004242848321297931,0.0032428483212978854,0.08836522627008832,0.08703160153259444,0.001000000000000046,0.007942699265257643,0.07911804347481546,0.0747336604616309,0.004242848321297931,0.008802421198401442
548,010,010,1,0.0010000000000000547,0.016402253421305274,0.01540225342130522,0.036336675841434525,0.05014521774503783,0.0010000000000000547,0.016402253421305274,0.04405834507665501,0.05961280125186611,0.018210121499609898,0.032299132612625146
549,100,100,1,0.001000000000000057,0.011500424722991204,0.010500424722991147,0.03890105205944166,0.04503505443343925,0.04267148098453629,0.0481405705510724,0.001000000000000057,0.02317917085237641,0.011500424722991204,0.03178467038079663
550,011,011,1,0.0020000000000006094,0.012944488067555583,0.010944488067554974,0.039883974534139645,0.034318676392705916,0.021654128041937275,0.0020000000000006094,0.015817538647288507,0.021999486459072834,0.012944488067555583,0.013632580005512991
551,100,100,1,0.0010000000000000675,0.009567941614883424,0.008567941614883357,0.20039550746978332,0.2115082075086309,0.15886725538585753,0.15606698778665115,0.0010000000000000675,0.01356037957574338,0.009567941614883424,0.01626652743198261
552,001,001,1,0.0010000000000002893,0.005503585764137637,0.004503585764137348,0.06045347948498103,0.0010000000000002893,0.07123812755163843,0.018449768242520224,0.052453500526732734,0.005503585764137637,0.06745682644173713,0.019211211250791595
553,100,100,1,0.0010000000000001084,0.0075827198370565525,0.006582719837056444,0.2324838117014024,0.21847112754563394,0.20132440440568486,0.18776865858376068,0.0010000000000001084,0.019032869515410833,0.0075827198370565525,0.023459445671377768
554,100,100,1,0.001000000000000015,0.014896854085702377,0.013896854085702362,0.030861826395433615,0.02850300030906418,0.05966672945777954,0.04988840974133688,0.001000000000000015,0.014896854085702377,0.030221004774668422,0.03385064479547002
555,100,100,1,0.0010000000000000885,0.006725914850018757,0.005725914850018669,0.025074184738518458,0.018099526065666022,0.02938186035452971,0.022086192881019456,0.0010000000000000885,0.006725914850018757,0.008934950527281592,0.013082797812885984
556,001,001,1,0.001000000000000016,0.007120289521900229,0.006120289521900213,0.0076281023030596055,0.001000000000000016,0.020683940801532432,0.01844548758737978,0.008881857455600859,0.007120289521900229,0.021250534860361048,0.014798063879244382
557,001,001,1,0.0010000000000001642,0.0052606795066525,0.004260679506652336,0.1606275537993258,0.0010000000000001642,0.09834376181651834,0.0052606795066525,0.15815952210545517,0.009498447487852663,0.09403614585239768,0.012886727124971312
558,111,111,1,0.003000000000000033,0.022394078756333917,0.019394078756333883,0.12973409043928755,0.052688345764653276,0.06049602812498614,0.02906658993570549,0.11369535147613795,0.041893771062316724,0.022394078756333917,0.003000000000000033
559,011,011,1,0.0020000000000000963,0.022411780286065677,0.020411780286065582,0.05261324689992605,0.02580651388845776,0.04579175741411804,0.0020000000000000963,0.04402186308647038,0.04464748877193634,0.03993572951823466,0.022411780286065677
560,111,111,1,0.003000000000000369,0.009854985146541163,0.006854985146540794,0.3135569552594784,0.3066440427968504,0.17361222663069512,0.17713961790411833,0.05402624974495363,0.05966506975525041,0.009854985146541163,0.003000000000000369
561,110,110,1,0.0020000000000000655,0.00884361170493748,0.0068436117049374134,0.1789924383701006,0.1829809331564878,0.12014944949276564,0.12709885898080678,0.028524382029347938,0.033437812855644476,0.0020000000000000655,0.00884361170493748
562,011,011,1,0.002000000000001853,0.017018628601930954,0.015018628601929101,0.2571833998348875,0.07593449831065775,0.14913150982951812,0.002000000000001853,0.247461506259122,0.08024202969954426,0.12989362958284278,0.017018628601930954
563,001,001,1,0.0010000000000000891,0.007570895349072912,0.006570895349072823,0.07452528279201946,0.0010000000000000891,0.1168683034767019,0.05698096147002549,0.05555681355513405,0.007570895349072912,0.10522990030042538,0.061029122766559696
564,011,011,1,0.0020000000000004146,0.0039037805806439426,0.001903780580643528,0.0934013723576816,0.047331050208873314,0.008403972544177716,0.0020000000000004146,0.07860962467536542,0.04534616610455586,0.009020231393296461,0.0039037805806439426
565,111,111,1,0.0030000000000036386,0.014735304561644123,0.011735304561640484,0.5519634070555238,0.4169494451366644,0.1353842657715965,0.014735304561644123,0.4307892177013966,0.29567109907069306,0.12395826453796087,0.0030000000000036386
566,010,010,1,0.001000000000000049,0.002515667244076223,0.0015156672440761738,0.04132431742417618,0.04880378930614091,0.001000000000000049,0.00798621398558928,0.030919211804245932,0.037368649221073684,0.002515667244076223,0.00906311518932934
567,001,001,1,0.001000000000000173,0.012308303932891344,0.011308303932891171,0.2045045403425898,0.001000000000000173,0.14912468441921697,0.012308303932891344,0.18140556308009834,0.014819451181058643,0.13417334995951816,0.02470534177449378
568,001,001,1,0.0010000000000000503,0.017017390839902172,0.016017390839902123,0.15212786778763107,0.0010000000000000503,0.14037106644437608,0.017017390839902172,0.17267071643818674,0.04812331680032602,0.1555391435845411,0.05566015106434811
569,110,110,1,0.002000000000000093,0.02464120160658962,0.02264120160658953,0.16822771805942424,0.143209378245478,0.059834445861044507,0.08263032711416508,0.12962497366890888,0.09985792677600126,0.002000000000000093,0.02464120160658962
570,110,110,1,0.002000000000000064,0.015318087814684671,0.013318087814684607,0.09021089090313934,0.09582240403319757,0.0594147154320377,0.0696109420773964,0.04857615311381616,0.056836546676168574,0.002000000000000064,0.015318087814684671
571,110,110,1,0.002000000000000011,0.01036071170461977,0.00836071170461976,0.01996200383449222,0.021189002738940536,0.01036071170461977,0.028707102517654237,0.017230641176601846,0.01833418642678647,0.002000000000000011,0.016314080968698047
572,000,000,1,0.0,0.02065384310363666,0.02065384310363666,0.0,0.02065384310363666,0.021183815462249126,0.02975887793928339,0.025444025382639335,0.029535342272578993,0.03303464799157191,0.04894958452172482
573,110,110,1,0.0020000000000000525,0.020758740462567888,0.018758740462567834,0.3970640432816781,0.3305677631875364,0.1680603452485171,0.1375936361822221,0.10694080384430547,0.1130070252807488,0.0020000000000000525,0.020758740462567888
574,100,100,1,0.0010000000000000653,0.003653107193964622,0.002653107193964557,0.2587290242828028,0.22697274833564038,0.21955251955136387,0.1792007031893131,0.0010000000000000653,0.027360113988675952,0.003653107193964622,0.021793611411261505
575,011,011,1,0.0020000000000000243,0.01685206906520848,0.014852069065208454,0.1549041952321506,0.03669155482505821,0.17405208634920122,0.0020000000000000243,0.1688081953913522,0.04552812700637288,0.17980948231197424,0.01685206906520848
576,001,001,1,0.0010000000000000334,0.0031104857647509254,0.002110485764750892,0.014915579023001566,0.0010000000000000334,0.02296125478501196,0.018410211037714563,0.013058498022463373,0.0031104857647509254,0.023807229161435566,0.02023235425559838
577,011,011,1,0.0020000000000002065,0.017307715646230327,0.015307715646230121,0.13720381938924,0.03872817697678151,0.037991165129737305,0.0020000000000002065,0.13724211929819427,0.04751272521666957,0.036549872859818366,0.017307715646230327
578,001,001,1,0.0010000000000000451,0.0076643093217961065,0.006664309321796061,0.154676948702735,0.0010000000000000451,0.1145648955156961,0.025456701779305035,0.15726781600949055,0.0076643093217961065,0.10742400980432763,0.023992164086546027
579,111,111,1,0.003000000000001666,0.02488066228769867,0.021880662287697004,0.288871221950117,0.23396372530187734,0.035146817991508095,0.02488066228769867,0.2837458723818531,0.20456399836847353,0.027015957085166173,0.003000000000001666
580,100,100,1,0.0010000000000000041,0.002712789205589698,0.001712789205589694,0.002712789205589698,0.004947804712341148,0.03456632275857094,0.029740401861671262,0.0010000000000000041,0.004467015165732174,0.03168131754198266,0.02622291750085927
581,111,111,1,0.003000000000000082,0.004083454964837455,0.001083454964837373,0.10096718926453836,0.021726122428065934,0.06115685568684792,0.017665845442606805,0.08338090747184781,0.004083454964837455,0.03801392828526235,0.003000000000000082
582,010,010,1,0.0010000000000002106,0.01231884456528319,0.01131884456528298,0.14132806598348832,0.12331282505039069,0.0010000000000002106,0.01231884456528319,0.12138106144540628,0.10138434077673701,0.017928324558163587,0.025979938577949724
583,111,111,1,0.0030000000000000443,0.006641217459792234,0.00364121745979219,0.06438408230012427,0.03553203592085126,0.01909903636984339,0.006641217459792234,0.03892200437314224,0.021117295257637385,0.012952335730873805,0.0030000000000000443
584,010,010,1,0.0010000000000000065,0.015025968193908577,0.014025968193908571,0.036932310943938416,0.05192011928161105,0.0010000000000000065,0.020200744508821714,0.03931970048095867,0.04284499650327544,0.015025968193908577,0.023185293977021397
585,110,110,1,0.0020000000000001193,0.010745408927259108,0.008745408927258988,0.2569869074248838,0.25787376694208114,0.05544035127442839,0.048865735389107295,0.1019219598078414,0.09235780058952371,0.0020000000000001193,0.010745408927259108
586,100,100,1,0.0010000000000000106,0.0053229227280676816,0.004322922728067671,0.03051536705866617,0.03203668233653502,0.05377662604275951,0.03579359686716003,0.0010000000000000106,0.0053229227280676816,0.04353946746400128,0.032223830522936314
587,100,100,1,0.0010000000000000323,0.003415450647220236,0.002415450647220204,0.020065081578251823,0.024221042661609377,0.009906925823145021,0.006172846943145146,0.0010000000000000323,0.005899778349187763,0.003415450647220236,0.004191862155918111
588,100,100,1,0.001000000000000033,0.00965014851767619,0.008650148517676159,0.07190877775718092,0.08465498991381404,0.05924112174384505,0.07459633069516033,0.001000000000000033,0.020338374832708478,0.00965014851767619,0.026004481286490102
589,111,111,1,0.0030000000000000946,0.005857002893938789,0.0028570028939386947,0.12778865574854145,0.09178611486200915,0.0575242164294034,0.05886413082758107,0.07378352432539229,0.05724902965002327,0.005857002893938789,0.0030000000000000946
590,111,111,1,0.003000000000000361,0.0126082424927881,0.00960824249278774,0.3741799856802775,0.23077452109756935,0.3594809809148874,0.22953371081214743,0.1824230475947429,0.0126082424927881,0.18286079116078316,0.003000000000000361
591,001,001,1,0.0010000000000000137,0.007622403902994832,0.0066224039029948185,0.023577951353157923,0.0010000000000000137,0.04098773751137436,0.025413964987012996,0.029237081214263952,0.007622403902994832,0.0414571994839076,0.026708209033992146
592,011,011,1,0.0020000000000001987,0.014235236124979497,0.012235236124979298,0.10323445517744441,0.021996857682324646,0.050348831034184534,0.0020000000000001987,0.09507747638200258,0.018591302355146097,0.06350650760223112,0.014235236124979497
593,001,001,1,0.0010000000000000258,0.004195761926332073,0.0031957619263320467,0.04677398744881953,0.0010000000000000258,0.05378143406478041,0.017954488310422574,0.04891228893470478,0.004195761926332073,0.05277165281361642,0.01748094120471744
594,110,110,1,0.0020000000000001184,0.005849429464868047,0.003849429464867928,0.03222856240121871,0.0282058136086178,0.03857095895616971,0.02715309886479631,0.01367831551571658,0.010476029907166715,0.0020000000000001184,0.005849429464868047
595,001,001,1,0.0010000000000000256,0.010329417400026922,0.009329417400026897,0.2080789744581009,0.0010000000000000256,0.2138813743926138,0.010329417400026922,0.1909736417785114,0.047508077196308125,0.20020871047142574,0.05359917830531169
596,111,111,1,0.003000000000000093,0.026496108169088102,0.02349610816908801,0.13188291711854264,0.08335217234825058,0.09842181179279873,0.026496108169088102,0.12420336790808062,0.07839730854711487,0.0744511828188228,0.003000000000000093
597,010,010,1,0.0010000000000004007,0.016184856282360997,0.015184856282360597,0.06588958831513429,0.07377108735440195,0.0010000000000004007,0.016184856282360997,0.0645542282099658,0.06818736281272215,0.02713656708809542,0.02426827473436185
598,110,110,1,0.0020000000000001505,0.009123509979126795,0.0071235099791266444,0.06930557116025367,0.07545905497595734,0.02499815336986602,0.030317095162634096,0.047880248911228586,0.051714285369240054,0.0020000000000001505,0.009123509979126795
599,011,011,1,0.0020000000000001163,0.004838730083765778,0.0028387300837656613,0.13212507279716076,0.08914334813488863,0.08387599417189334,0.0020000000000001163,0.100260246296771,0.06293988194102926,0.07865171936487295,0.004838730083765778
600,010,010,1,0.001000000000000146,0.012745007404633982,0.011745007404633835,0.035152053048719455,0.04485718195988012,0.001000000000000146,0.014762159490028619,0.03788758088777557,0.04449193202047638,0.012745007404633982,0.02337730342689467
601,011,011,1,0.0020000000000000104,0.01824918183560334,0.01624918183560333,0.053122257382238414,0.02558155212380406,0.030838306723525676,0.0020000000000000104,0.043272181265978434,0.03811869891565366,0.027427343271143545,0.01824918183560334
602,111,111,1,0.003000000000000604,0.011218634382492619,0.008218634382492014,0.09278610992999019,0.0443473246459743,0.044589081039495264,0.02228528106476233,0.08207505874447418,0.011218634382492619,0.03790297470417384,0.003000000000000604
603,100,100,1,0.0010000000000000438,0.01146157730697029,0.010461577306970246,0.25399194229303185,0.22595811920896217,0.23824037228617945,0.2117465368096627,0.0010000000000000438,0.02066531136143107,0.01146157730697029,0.027981877286383097
604,001,001,1,0.0010000000000007874,0.009508330268825901,0.008508330268825115,0.23785198942038535,0.0010000000000007874,0.22903547799595778,0.009508330268825901,0.23896618084979973,0.015130315047431994,0.21849583663920014,0.012601301522321428
605,011,011,1,0.002000000000000067,0.0034194349762736637,0.001419434976273597,0.3333172516192588,0.2873742766982555,0.009718844863003579,0.002000000000000067,0.316781971484068,0.27160588087580306,0.010846303987505485,0.0034194349762736637
606,100,100,1,0.0010000000000000447,0.01425570727019857,0.013255707270198525,0.08049987176471692,0.09415756763184968,0.08726362126356844,0.09747168569105032,0.0010000000000000447,0.020822796493268743,0.01425570727019857,0.018730068340086038
607,001,001,1,0.001000000000000179,0.008767779102517897,0.007767779102517718,0.05665621472189653,0.001000000000000179,0.06185639280369178,0.008767779102517897,0.07282213376763404,0.026358423939631233,0.07833286833283279,0.02619205270594071
608,100,100,1,0.001000000000000062,0.0060892058897685595,0.005089205889768498,0.21046696499825437,0.2149711973017239,0.21566900220685248,0.2147274997970382,0.001000000000000062,0.008615706016292258,0.0060892058897685595,0.008785108722395796
609,100,100,1,0.0010000000000001707,0.008279652809963824,0.007279652809963653,0.03789252285206044,0.029158952410517983,0.04672945442586598,0.03558229884124986,0.0010000000000001707,0.008279652809963824,0.025081198418334165,0.023212896913521533
610,010,010,1,0.0010000000000000286,0.005383422587947601,0.004383422587947572,0.02384218575474491,0.02002478575784901,0.0010000000000000286,0.006777860338237504,0.027170174490703716,0.02087435210987488,0.005383422587947601,0.00906270122239605
611,111,111,1,0.003000000000000471,0.03318746692727183,0.030187466927271357,0.20824180354690505,0.09333676140459157,0.15440158838784987,0.0947786159796904,0.16746352321964147,0.03318746692727183,0.0480772720238876,0.003000000000000471
612,001,001,1,0.0010000000000000664,0.006308416289481852,0.005308416289481786,0.03350111556013043,0.0010000000000000664,0.043934549975139466,0.024747317077943705,0.03173573285509612,0.006308416289481852,0.03398584870437522,0.022536658875983766
613,111,111,1,0.0030000000000000413,0.014072939564234927,0.011072939564234887,0.06816851725595029,0.07347479925212858,0.06412407892098594,0.056416070941198465,0.01886032566865439,0.014072939564234927,0.025674794636023866,0.0030000000000000413
614,011,011,1,0.002000000000000144,0.017733035156636167,0.015733035156636023,0.10737641330570284,0.017733035156636167,0.0857902763369603,0.002000000000000144,0.10901417069144705,0.024114611148893232,0.06920208980875933,0.01796301188878052
615,001,001,1,0.0010000000000000913,0.008874986351172795,0.007874986351172704,0.11348114686789801,0.0010000000000000913,0.09876598876411823,0.008874986351172795,0.1259135040030759,0.02699888200540615,0.10800360187831208,0.03183658722613687
616,110,110,1,0.00200000000000019,0.0055872592911459015,0.0035872592911457115,0.057770907020904816,0.05570852450023409,0.01921736040613913,0.020387134475673654,0.024607240212988917,0.020450357073513045,0.00200000000000019,0.0055872592911459015
617,001,001,1,0.0010000000000000466,0.006954291928013624,0.005954291928013577,0.04186713577153615,0.0010000000000000466,0.05545174396759958,0.020355037687848306,0.04547152647740704,0.006954291928013624,0.05760939710523233,0.02465806013528422
618,110,110,1,0.002000000000000287,0.02530308856603556,0.023303088566035274,0.3536934820423365,0.31498460201276596,0.20642987936083512,0.1478902220751437,0.11520857866120049,0.12751074465110793,0.002000000000000287,0.02530308856603556
619,111,111,1,0.003000000000000437,0.02314006815204693,0.020140068152046494,0.6366461809327985,0.10912973384498632,0.19975017372717263,0.02314006815204693,0.6359708046327528,0.07754384633857432,0.19279779906968164,0.003000000000000437
620,111,111,1,0.0030000000000004793,0.009747809952779997,0.006747809952779517,0.3728915439377101,0.15474331351309956,0.2589476102432396,0.07538993575497577,0.30229414170015284,0.009747809952779997,0.23594407508300774,0.0030000000000004793
621,010,010,1,0.0010000000000000779,0.029811489386660145,0.028811489386660068,0.05341604351762775,0.055059797275685045,0.0010000000000000779,0.029811489386660145,0.07422915677588388,0.07528851698587395,0.03115998157949401,0.04291897777029104
622,100,100,1,0.0010000000000000059,0.008470350003690456,0.00747035000369045,0.0827518235299483,0.07077697661881872,0.08081176838922943,0.07889352419187969,0.0010000000000000059,0.008470350003690456,0.011297253487435505,0.01060286206123701
623,011,011,1,0.0020000000000001926,0.012109296170147468,0.010109296170147275,0.19500944266482279,0.14988476140378038,0.039450275627227645,0.0020000000000001926,0.164936468427989,0.14852359608089163,0.02601234472197149,0.012109296170147468
624,100,100,1,0.0010000000000001316,0.007227264522937663,0.0062272645229375315,0.09664617811585341,0.09524432006422939,0.08391241847172479,0.08120304712416403,0.0010000000000001316,0.007227264522937663,0.010071028490792399,0.014991869516503775
625,000,000,1,0.0,0.012052116784751495,0.012052116784751495,0.0,0.017651377734407697,0.012052116784751495,0.025323261963640077,0.016343411942003075,0.01920533770933968,0.023585917494000956,0.03117524369330618
626,100,100,1,0.0010000000000000282,0.010682910811264094,0.009682910811264066,0.03622612501867306,0.03494158006573763,0.06202441964600195,0.05960579360196092,0.0010000000000000282,0.010682910811264094,0.03421621988292789,0.02680151221904537
627,100,100,1,0.0010000000000000074,0.006271595109565051,0.005271595109565043,0.017542041773246746,0.018895717247251444,0.026752841697670785,0.031924897256044436,0.0010000000000000074,0.006271595109565051,0.022278228076328663,0.023204708326943393
628,100,100,1,0.001000000000000013,0.01603841459303607,0.015038414593036056,0.04772745334245789,0.04793852171723481,0.05861273994193945,0.0454692094705673,0.001000000000000013,0.01923406087382698,0.01603841459303607,0.02071490070791612
629,010,010,1,0.0010000000000000584,0.008607878809722254,0.007607878809722196,0.31722022603397776,0.33960868045080767,0.0010000000000000584,0.026483345880084587,0.29315152133577616,0.31539402937521355,0.008607878809722254,0.0292683952473827
630,100,100,1,0.0010000000000000902,0.010792250481453521,0.009792250481453432,0.032149128371597606,0.04774456356157301,0.018132658112222484,0.02766401110913104,0.0010000000000000902,0.01757923785185599,0.010792250481453521,0.02151753505627076
631,001,001,1,0.0010000000000000072,0.005932969136469493,0.004932969136469486,0.04712454911595318,0.0010000000000000072,0.036015941629550165,0.005932969136469493,0.0748490844954094,0.03396476497251314,0.048907582643832805,0.03203004048914019
632,111,111,1,0.0030000000000001996,0.03488328808311633,0.031883288083116135,0.32128522870721427,0.17156442038520944,0.19022464938175276,0.03488328808311633,0.2709189885450748,0.10429843831379815,0.16681027781992352,0.0030000000000001996
633,110,110,1,0.0020000000000001367,0.00744185896873613,0.005441858968735993,0.0954004117466692,0.09473810625563768,0.00744185896873613,0.013808650030809761,0.05983414630972167,0.05933903497257764,0.0020000000000001367,0.007983758209370728
634,001,001,1,0.0010000000000026073,0.004140792481891366,0.003140792481888759,0.009299720596049955,0.0010000000000026073,0.0081391301059484,0.004140792481891366,0.029676758596249336,0.021556376346113605,0.01622204007478211,0.011943627174304524
635,001,001,1,0.0010000000000003446,0.0032523280371539822,0.0022523280371536374,0.13962796848948042,0.0010000000000003446,0.12777472684669508,0.023943204920785013,0.14034042196582494,0.0032523280371539822,0.12661961015433115,0.02346075753892251
636,001,001,1,0.0010000000000000195,0.007817052354061705,0.006817052354061685,0.019920830581612287,0.0010000000000000195,0.027259242551475837,0.007817052354061705,0.03928125005796115,0.02022639438661778,0.03790685069828927,0.018693520971170458
637,011,011,1,0.0020000000000001683,0.007224944951469039,0.00522494495146887,0.060285093277600614,0.05562236237317352,0.03671201652245973,0.0020000000000001683,0.015266679398298365,0.014810238320213782,0.01897943199321822,0.007224944951469039
638,000,000,1,0.0,0.004318945907343535,0.004318945907343535,0.0,0.00840571527885082,0.02013563431508236,0.02759802820675135,0.004318945907343535,0.008560777135534586,0.020599963147377574,0.023767432801235753
639,001,001,1,0.001000000000000417,0.004703353156673248,0.0037033531566728305,0.14057100882278076,0.001000000000000417,0.10203556308542194,0.004703353156673248,0.13921466780046218,0.010227712049474398,0.09663947581731323,0.011450946530331994
640,100,100,1,0.0010000000000000642,0.008956521811409364,0.007956521811409299,0.060416234526828434,0.06695293230007339,0.06099771013461074,0.062174996160044155,0.0010000000000000642,0.010783559374035977,0.008956521811409364,0.01397997914423903
641,000,000,1,0.0,0.0037031629575023377,0.0037031629575023377,0.0,0.0037031629575023377,0.03641001866947515,0.03211367843668715,0.004440427562563717,0.004759123620181632,0.038978689794529946,0.03258149792715879
642,111,111,1,0.0030000000000002685,0.031646150657174396,0.028646150657174126,0.24538490912626068,0.2448222889880717,0.0718530478124495,0.03717380120374076,0.21797333479148803,0.22065457843449923,0.031646150657174396,0.0030000000000002685
643,100,100,1,0.0010000000000001093,0.0068690255433810936,0.005869025543380984,0.030512766210384956,0.027560327442698193,0.03274275436472844,0.02593735588724378,0.0010000000000001093,0.0068690255433810936,0.007062012653170595,0.00872203938228878
644,011,011,1,0.0020000000000003097,0.009867011872172798,0.007867011872172487,0.1891340211988233,0.04522264327020293,0.11374922411009669,0.0020000000000003097,0.1835290404427142,0.052623230727151034,0.11083239962051604,0.009867011872172798
645,011,011,1,0.0020000000000000443,0.004484443941899089,0.002484443941899045,0.24561901686782792,0.07932373779056971,0.1306097317258899,0.0020000000000000443,0.24454375954293506,0.07317593914523053,0.1138980262578852,0.004484443941899089
646,111,111,1,0.003000000000000207,0.01845525003066125,0.015455250030661043,0.3076735091822029,0.24654658910409544,0.16510703483804257,0.01845525003066125,0.25596488974119974,0.22797290142495666,0.09549807619900186,0.003000000000000207
647,001,001,1,0.001000000000000062,0.003175191845677935,0.002175191845677873,0.04077950236660785,0.001000000000000062,0.018776868396481437,0.003175191845677935,0.047865107370290864,0.00981754874444008,0.015860354171442517,0.006463214526068158
648,001,001,1,0.0010000000000000308,0.008171006710460515,0.0071710067104604844,0.01192470590471329,0.0010000000000000308,0.014827686416861663,0.008171006710460515,0.040614595573125044,0.03127827165334673,0.03952292860304247,0.03424040007660713
649,100,100,1,0.0010000000000000093,0.0024434720896085475,0.0014434720896085382,0.014619197419046286,0.028917865997792072,0.009857543094419288,0.01730834189910592,0.0010000000000000093,0.016129755267487653,0.0024434720896085475,0.013671883619275897
650,010,010,1,0.0010000000000000538,0.023429144395989143,0.02242914439598909,0.045982072232208106,0.06506974393790628,0.0010000000000000538,0.02421199719215139,0.05368076194539682,0.0540470966137498,0.023429144395989143,0.027981428886847112
651,011,011,1,0.002000000000000045,0.014132469989559557,0.012132469989559512,0.3103307550370986,0.10027781607607422,0.1899310736122871,0.002000000000000045,0.2792916820668715,0.08816302592664528,0.1887369414442579,0.014132469989559557
652,111,111,1,0.0030000000000004862,0.0030013820559989133,1.3820559984271084e-06,0.283245227800529,0.2863658986815576,0.25431717996314335,0.23871076415087664,0.050324343972702995,0.0030013820559989133,0.05108690424254031,0.0030000000000004862
653,001,001,1,0.001000000000000103,0.005301156991776745,0.004301156991776642,0.0387454843711858,0.001000000000000103,0.03611358546745038,0.005301156991776745,0.04826087478665759,0.016167700664222514,0.04451401668413593,0.009319137942846941
654,100,100,1,0.00100000000000009,0.0035620338179577823,0.002562033817957692,0.16619256109442926,0.15502019754367932,0.16564383673111646,0.1474173796085396,0.00100000000000009,0.03976901821736747,0.0035620338179577823,0.036378626563079934
655,001,001,1,0.0010000000000000453,0.007927949868754117,0.006927949868754072,0.01362019648512284,0.0010000000000000453,0.04562866640215741,0.047225323021969225,0.018108128331077628,0.007927949868754117,0.04689866997675248,0.04772987710682854
656,011,011,1,0.002000000000000007,0.004251331422309286,0.002251331422309279,0.1275241090594564,0.004251331422309286,0.06413668330415337,0.002000000000000007,0.13203190984319432,0.008890498228164082,0.07265421534838035,0.008198540581300227
657,011,011,1,0.0020000000000000885,0.007903327184122403,0.0059033271841223145,0.12460638934803725,0.100252315723964,0.028291369305787847,0.0020000000000000885,0.09069581461036018,0.06362069224877437,0.03355536649595129,0.007903327184122403
658,001,001,1,0.001000000000000421,0.009005537482147481,0.00800553748214706,0.0710601121043707,0.001000000000000421,0.026351938352411088,0.009005537482147481,0.07288193933801247,0.011163401310959272,0.03142373977390714,0.018264828155565887
659,100,100,1,0.0010000000000000206,0.0032779983416570584,0.0022779983416570376,0.036007522483322944,0.04887342943353123,0.037857849104313654,0.045574301004815986,0.0010000000000000206,0.029480581362096997,0.0032779983416570584,0.0229410351737935
660,001,001,1,0.0010000000000000124,0.00815128528570144,0.007151285285701427,0.030947271716805853,0.0010000000000000124,0.044284090695501536,0.019616374169418402,0.03195125704686574,0.00815128528570144,0.04645631326993719,0.026137381075771262
661,000,000,1,0.0,0.012166976277150156,0.012166976277150156,0.0,0.013332963814901132,0.012166976277150156,0.024701989777038705,0.03606466611187752,0.04625996348181846,0.0373119188620884,0.04778978376106871
662,001,001,1,0.0010000000000001009,0.005073167412726447,0.004073167412726346,0.049019513486933196,0.0010000000000001009,0.05607059634679795,0.016874840079362803,0.050167899679996304,0.005073167412726447,0.05324998931847286,0.008659913069635157
663,001,001,1,0.0010000000000000336,0.004945821646845195,0.003945821646845161,0.014043480752901944,0.0010000000000000336,0.015881100066399177,0.017852034303285448,0.016421618370729085,0.004945821646845195,0.011183827914249508,0.014726913642102556
664,111,111,1,0.00300000000000024,0.017688923042976708,0.014688923042976467,0.2977558329808605,0.2534466944194785,0.06217903884943773,0.017688923042976708,0.22615860155816933,0.20021158346443788,0.029592030104229464,0.00300000000000024
665,110,110,1,0.002000000000000164,0.0035896621529315055,0.0015896621529313416,0.13329284895874347,0.1401607512341725,0.0035896621529315055,0.018521882660859204,0.12825494293672293,0.13428951171695566,0.002000000000000164,0.016952369518884687
666,110,110,1,0.0020000000000002668,0.012169029109382862,0.010169029109382595,0.3612208906850895,0.34965128377371985,0.07964592586698903,0.06091635809683257,0.16754308306133545,0.15816643481126572,0.0020000000000002668,0.012169029109382862
667,010,010,1,0.0010000000000000267,0.01851056294290178,0.017510562942901754,0.1789425972319282,0.18884196223021674,0.0010000000000000267,0.02013139630411661,0.1904095893630249,0.1989465588881043,0.01851056294290178,0.022688798337473986
668,111,111,1,0.003000000000000483,0.010461277480816237,0.007461277480815754,0.09233265934592909,0.059148318340644684,0.09674411921961089,0.06695541824740908,0.041295106292730484,0.010461277480816237,0.021899176367919146,0.003000000000000483
669,001,001,1,0.0010000000000000178,0.007756857838907334,0.006756857838907317,0.019773376785562014,0.0010000000000000178,0.010226368435013171,0.007756857838907334,0.03741667028916817,0.017934699565119082,0.02788857144261342,0.02370557844412398
670,100,100,1,0.0010000000000000117,0.017889810800764495,0.016889810800764484,0.0367718642038602,0.05034408107397458,0.050073911730100944,0.060619243004225803,0.0010000000000000117,0.017889810800764495,0.02045411461536204,0.035159834311531614
671,001,001,1,0.0010000000000000588,0.0060340477840131355,0.0050340477840130765,0.014683609979242639,0.0010000000000000588,0.043855340400279635,0.03470695252576766,0.01835328847957435,0.0060340477840131355,0.04715896588742796,0.03466301180284371
672,111,111,1,0.00300000000000027,0.012553587684550428,0.009553587684550158,0.3312483881282435,0.21833111364758742,0.20426690039138154,0.11604687697209694,0.11948361043603857,0.012553587684550428,0.08911781066915553,0.00300000000000027
673,111,111,1,0.0030000000000002065,0.02679242014751307,0.02379242014751286,0.38659602965036594,0.26842695027006824,0.13907368119014668,0.02679242014751307,0.33649501832812867,0.26151615974115644,0.0658656962731603,0.0030000000000002065
674,100,100,1,0.00100000000000001,0.008666911088544978,0.0076669110885449684,0.04138503494044093,0.03727322994865256,0.04700705070467465,0.04407532890868235,0.00100000000000001,0.021950371532790378,0.008666911088544978,0.027954502398722086
675,001,001,1,0.0010000000000000688,0.01620991610852042,0.015209916108520351,0.04378780083208409,0.0010000000000000688,0.06445882947216562,0.029075408707124953,0.04514305702397533,0.01620991610852042,0.052134645523932314,0.030142607163843094
676,110,110,1,0.0020000000000000803,0.006945860434763246,0.004945860434763166,0.19079064258091116,0.19327874832043565,0.033571886341664005,0.036618290536410775,0.03164272134168956,0.03647468456927416,0.0020000000000000803,0.006945860434763246
677,100,100,1,0.0010000000000000343,0.015413778067276705,0.01441377806727667,0.01962467418771072,0.022581019199292646,0.025426220703312297,0.033261386934347215,0.0010000000000000343,0.018508364096475292,0.015413778067276705,0.03130154710950245
678,100,100,1,0.0010000000000000093,0.009517434328061004,0.008517434328060994,0.06767883182349575,0.08103885079589447,0.06078212205883094,0.06577034834445418,0.0010000000000000093,0.015024865384152323,0.009517434328061004,0.016368000214797177
679,110,110,1,0.0020000000000001275,0.016776189025694093,0.014776189025693966,0.0666741400126049,0.0697661907338205,0.021524305726115914,0.03231272065226903,0.04900682956112832,0.05591447882931883,0.0020000000000001275,0.016776189025694093
680,110,110,1,0.002000000000000087,0.008451605916990183,0.006451605916990096,0.0899695718117323,0.09173114050542404,0.016700254363343894,0.020018830569565778,0.031830271838645126,0.03369707406997869,0.002000000000000087,0.008451605916990183
681,111,111,1,0.0030000000000000833,0.032930986477272536,0.029930986477272454,0.35602861974827915,0.1784532987171131,0.2346102740173558,0.17127129225560409,0.19979143277188163,0.032930986477272536,0.03862858832195821,0.0030000000000000833
682,111,111,1,0.003000000000000041,0.00709158582537409,0.0040915858253740495,0.19133466774530694,0.08639958810486192,0.09255866514617588,0.00709158582537409,0.17740514024545825,0.07921139738036348,0.08413901790845867,0.003000000000000041
683,111,111,1,0.0030000000000041716,0.02931642302418875,0.026316423024184576,1.0362952454182393,0.34538201149803965,0.3114806250586238,0.02931642302418875,1.0416650807819967,0.34864125211814606,0.2849364264135931,0.0030000000000041716
684,110,110,1,0.0020000000000001046,0.0042420180925983346,0.00224201809259823,0.0814949435444678,0.05702226168396937,0.014879353992782077,0.014536932236721527,0.06810945535841224,0.04363834149647818,0.0020000000000001046,0.0042420180925983346
685,011,011,1,0.0020000000000001132,0.018718554047703756,0.016718554047703643,0.3146779439797285,0.24069233980296303,0.0226619806801165,0.0020000000000001132,0.3212698861014492,0.2100457261693269,0.023484378113328826,0.018718554047703756
686,001,001,1,0.00100000000000001,0.004890966421086497,0.0038909664210864873,0.007201191571154152,0.00100000000000001,0.016660602774898364,0.016318653965314227,0.005908892981524727,0.004890966421086497,0.02217568278294299,0.018448123668000572
687,011,011,1,0.002000000000000058,0.004872544511503543,0.002872544511503485,0.027017994347130536,0.004872544511503543,0.0321140148270106,0.002000000000000058,0.056472127386698316,0.023509777037494378,0.05207802374694079,0.02512043707262728
688,011,011,1,0.002000000000000381,0.006740185035889958,0.004740185035889577,0.11670042953028759,0.08479831177730092,0.009377647617952567,0.002000000000000381,0.11146738299115298,0.08900549954318178,0.009474123241568284,0.006740185035889958
689,011,011,1,0.0020000000000000456,0.009718690983384935,0.007718690983384889,0.019813629617892334,0.014350626541831807,0.009718690983384935,0.0020000000000000456,0.039430505567467945,0.02973451673455202,0.029242720483833008,0.0253931228598588
690,011,011,1,0.0020000000000002225,0.014368232652713416,0.012368232652713194,0.2122719089418541,0.158798010325973,0.030000277931661438,0.0020000000000002225,0.14543326062084097,0.13441485412349674,0.024566369801416944,0.014368232652713416
691,110,110,1,0.0020000000000000347,0.01985042608157689,0.017850426081576852,0.031134288498494228,0.03230457151933725,0.025039156110810878,0.036824250707327685,0.02792775089746304,0.02932974672607623,0.0020000000000000347,0.01985042608157689
692,110,110,1,0.0020000000000000634,0.02657165341177993,0.024571653411779866,0.08566187915138446,0.08167201425829547,0.08255130608494322,0.07981847922800549,0.027574491184001914,0.046161347411446306,0.0020000000000000634,0.02657165341177993
693,011,011,1,0.0020000000000002954,0.016867210069179447,0.014867210069179152,0.23051969181668155,0.11072231745079608,0.17204403271905758,0.0020000000000002954,0.20266409796004195,0.11953754081401825,0.12810541875546314,0.016867210069179447
694,010,010,1,0.0010000000000000525,0.01725001210927387,0.016250012109273817,0.04036538270830636,0.03952161621037735,0.0010000000000000525,0.017564750242430816,0.036673029752734586,0.028827919700405776,0.01725001210927387,0.020881298113485817
695,011,011,1,0.002000000000000136,0.004066477453798564,0.002066477453798428,0.12814379490933991,0.12803373317756395,0.009604566384629504,0.002000000000000136,0.12635236609021216,0.11800145420101833,0.00827383288408094,0.004066477453798564
696,110,110,1,0.0020000000000000187,0.008237924593382073,0.006237924593382054,0.05935337419702149,0.06549263624508009,0.03275297848926288,0.03812294922833348,0.008237924593382073,0.0140075611856872,0.0020000000000000187,0.008743685266085703
697,001,001,1,0.001000000000000009,0.005503300227221652,0.004503300227221643,0.0478305683216409,0.001000000000000009,0.049079017633999716,0.014958913844686296,0.033084873016713943,0.005503300227221652,0.03448752683402874,0.01695463527737594
698,110,110,1,0.002000000000000009,0.010718951534646862,0.008718951534646854,0.057172333000466834,0.05958877585973699,0.03344809697970996,0.036765431414860356,0.019670559959960605,0.019814049225741884,0.002000000000000009,0.010718951534646862
699,100,100,1,0.0010000000000000198,0.006219792080389209,0.005219792080389189,0.07991772387186272,0.08503212830771294,0.05877005283165135,0.06134132457476384,0.0010000000000000198,0.006219792080389209,0.008819716053988073,0.012302749101799067
700,001,001,1,0.0010000000000000885,0.006007199590319572,0.005007199590319484,0.08384418483984508,0.0010000000000000885,0.08136417334334872,0.014403268156975934,0.0830652808045674,0.006007199590319572,0.06757872133057523,0.009879588653297865
701,010,010,1,0.0010000000000001145,0.008795468581769151,0.007795468581769036,0.0874241874492987,0.09175938783194733,0.0010000000000001145,0.009559026654528594,0.08389825789886213,0.09155831424023887,0.008795468581769151,0.010802593323459989
702,001,001,1,0.0010000000000000356,0.009993184934115865,0.00899318493411583,0.021735615893369892,0.0010000000000000356,0.024761463483380496,0.019395294870063258,0.02425855923216232,0.009993184934115865,0.028482569997835563,0.027475282092912987
703,001,001,1,0.0010000000000000688,0.016597100717369837,0.015597100717369769,0.04510026284673441,0.0010000000000000688,0.05038815841540864,0.016597100717369837,0.05759877298841959,0.025258442283315488,0.07145865524273065,0.03068573223224269
704,110,110,1,0.002000000000001005,0.026433145238216153,0.02443314523821515,0.1892567675824326,0.12309997672560284,0.045497658915768215,0.043165579191575494,0.1977419760846808,0.1260738202568297,0.002000000000001005,0.026433145238216153
705,111,111,1,0.003000000000000054,0.005424936221125713,0.0024249362211256594,0.046049300456562116,0.026514381307546738,0.034495879311741584,0.023153551033454345,0.017602388488885918,0.005424936221125713,0.01962480568029558,0.003000000000000054
706,111,111,1,0.00300000000000001,0.01036051961293644,0.00736051961293643,0.07453087555763888,0.03327385866049981,0.052617024395165524,0.01036051961293644,0.053375318746325486,0.012633565538178765,0.04475761732578735,0.00300000000000001
707,000,000,1,0.0,0.013037376287313183,0.013037376287313183,0.0,0.013037376287313183,0.018315795069728618,0.03047486880646398,0.014419240880343638,0.025905809194283022,0.017698571019829364,0.02823219627407434
708,100,100,1,0.0010000000000000202,0.0068885364652626025,0.005888536465262583,0.04778250582612503,0.046357255225129075,0.029191462324637905,0.027537799414973987,0.0010000000000000202,0.0068885364652626025,0.01023981928214297,0.013092052864228005
709,000,000,1,0.0,0.008129792021119407,0.008129792021119407,0.0,0.008129792021119407,0.03370343092252121,0.03709886754953024,0.011377038891249233,0.019468281803499438,0.02570279399882161,0.02878434636249265
710,110,110,1,0.002000000000000172,0.021224672440930095,0.019224672440929923,0.1592484132566532,0.1730152719977828,0.053338824923795325,0.052370980359454485,0.08260812212422214,0.07286942368707182,0.002000000000000172,0.021224672440930095
711,100,100,1,0.0010000000000000375,0.03978756790837546,0.038787567908375425,0.03978756790837546,0.07319688660984337,0.07141439841667556,0.10734491299416488,0.0010000000000000375,0.05184751877118973,0.04695173550586862,0.06886858712246278
712,010,010,1,0.0010000000000000076,0.007087542271473119,0.006087542271473111,0.015228947326817982,0.01861599548098741,0.0010000000000000076,0.014473494750856316,0.013998681787840618,0.015102354425714427,0.007087542271473119,0.015019355445777878
713,010,010,1,0.0010000000000001293,0.010630109391001008,0.009630109391000879,0.022700523971221697,0.027683905362089454,0.0010000000000001293,0.010630109391001008,0.031543947590977284,0.03879974426831581,0.011688269856999702,0.01853049218877874
714,110,110,1,0.0020000000000000065,0.020440910508404173,0.018440910508404167,0.08564753389866242,0.0895965088318804,0.09637364963777856,0.08864213985195483,0.020525021547145205,0.020440910508404173,0.0020000000000000065,0.022143845607225154
715,110,110,1,0.002000000000000386,0.012968895354155283,0.010968895354154896,0.5847435753849282,0.5158789282076072,0.5533662778029559,0.4967303639936607,0.012968895354155283,0.04494759763260033,0.002000000000000386,0.042835398728929185
716,100,100,1,0.0010000000000000748,0.01490471905176356,0.013904719051763485,0.07180256080361991,0.06676534937145882,0.09346162936017093,0.08082939419465775,0.0010000000000000748,0.01490471905176356,0.02962517777001151,0.024584877113437965
717,111,111,1,0.003000000000000098,0.0141007958672852,0.011100795867285101,0.0812693009420715,0.039358201333302666,0.05332935115625709,0.02837067026337732,0.051987901672894875,0.0141007958672852,0.02469565062858728,0.003000000000000098
718,000,000,1,0.0,0.00791716132284006,0.00791716132284006,0.0,0.00791716132284006,0.02848409747147607,0.030945187783900048,0.012749592985153872,0.009682492949596867,0.02652187475800713,0.028094873214171916
719,010,010,1,0.001000000000000042,0.011937400468748952,0.01093740046874891,0.03959486724350492,0.04529971984758018,0.001000000000000042,0.014846629926135104,0.03820498171982343,0.03582179332476183,0.011937400468748952,0.017446916282660395
720,110,110,1,0.00200000000000027,0.016223111282142072,0.014223111282141803,0.05118814012444764,0.03586111040762978,0.045225169610435635,0.04671025360645026,0.016223111282142072,0.016481547277582605,0.00200000000000027,0.016566544677687083
721,100,100,1,0.0010000000000000538,0.007069804755760996,0.006069804755760942,0.0425097210602704,0.040716837729582823,0.04194546255045485,0.03598879378023628,0.0010000000000000538,0.007069804755760996,0.02845010302840334,0.026942008626455023
722,111,111,1,0.003000000000000056,0.004038606510435155,0.0010386065104350992,0.14507732307898938,0.13702035240789626,0.016021061379017904,0.004038606510435155,0.1291002838432619,0.12196933382305547,0.01315411081969891,0.003000000000000056
723,110,110,1,0.002000000000000072,0.009189364368317576,0.007189364368317504,0.09655568622996946,0.10115458334427735,0.09828435653484711,0.10266046408446468,0.03637307444598762,0.042437029203231176,0.002000000000000072,0.009189364368317576
724,111,111,1,0.0030000000000001137,0.0290369021296012,0.026036902129601087,0.1545001437876061,0.1640797792585567,0.15110097581362117,0.15603555562507507,0.07939954449906525,0.0290369021296012,0.0710630952029639,0.0030000000000001137
725,111,111,1,0.003000000000000082,0.025892900312952973,0.02289290031295289,0.2600224125086132,0.19646325241247412,0.2463340421920188,0.1530127705078138,0.042526969064050395,0.03558918627039358,0.025892900312952973,0.003000000000000082
726,110,110,1,0.0020000000000000074,0.007462341166790522,0.0054623411667905145,0.09856535353087999,0.09926608971241167,0.03480055154372864,0.0326252782062329,0.07146797146681315,0.0776482043758912,0.0020000000000000074,0.007462341166790522
727,100,100,1,0.0010000000000000002,0.005681691896804161,0.004681691896804161,0.03910008596996192,0.042371263378339706,0.042391238873519616,0.04131969858976992,0.0010000000000000002,0.0069998029385522536,0.005681691896804161,0.0075236980477708035
728,010,010,1,0.0010000000000001002,0.011517828951928044,0.010517828951927944,0.03758313889209649,0.05689291320133718,0.0010000000000001002,0.020826028822937603,0.04675985945381064,0.06048093401659164,0.011517828951928044,0.026822194296840747
729,100,100,1,0.0010000000000000057,0.006905672814973189,0.005905672814973183,0.022791956560044752,0.027942059065830346,0.031127944706179578,0.034025989269683025,0.0010000000000000057,0.006905672814973189,0.010097046521457612,0.014049772084501998
730,110,110,1,0.0020000000000001943,0.012820420677874624,0.01082042067787443,0.06360644541502869,0.05040577482160754,0.021242710766275912,0.02105317017424438,0.04890022229962199,0.044971604164477784,0.0020000000000001943,0.012820420677874624
731,010,010,1,0.00100000000000033,0.010248345731400167,0.009248345731399836,0.052319003498981075,0.05585702417641403,0.00100000000000033,0.010248345731400167,0.039228626613670346,0.042188066806655704,0.011645267208563315,0.012021597083159793
732,100,100,1,0.0010000000000000473,0.006758383809849995,0.005758383809849948,0.061563654593386787,0.045210898815797256,0.07500317113656756,0.05986051216079525,0.0010000000000000473,0.006758383809849995,0.02111785585658281,0.02471663833782707
733,001,001,1,0.0010000000000000076,0.0038014217928863843,0.0028014217928863765,0.04453193588215707,0.0010000000000000076,0.06260127329817397,0.04562815836772241,0.04372666227064951,0.0038014217928863843,0.06522747820197762,0.04593776580013301
734,010,010,1,0.0010000000000001466,0.00745425571008711,0.006454255710086963,0.1302626174258873,0.12379887926480472,0.0010000000000001466,0.00745425571008711,0.1197990344198392,0.11556461671835051,0.0094116172309378,0.01583158044237406
735,011,011,1,0.002000000000000074,0.011532531173505615,0.00953253117350554,0.40046137569286966,0.30630613779533444,0.033524745013242575,0.002000000000000074,0.4015232886104751,0.25357170922584804,0.02122091542154711,0.011532531173505615
736,110,110,1,0.0020000000000000265,0.00666368475998772,0.004663684759987694,0.020561477594908017,0.031543610172900166,0.011254285418505386,0.027553120608400303,0.00666368475998772,0.02117547155153239,0.0020000000000000265,0.02024920001456655
737,100,100,1,0.0010000000000000692,0.003610040709061072,0.0026100407090610027,0.06354398308235813,0.036919993794679626,0.10952171903105978,0.06696403706534644,0.0010000000000000692,0.003610040709061072,0.04635799573288901,0.03627104337892434
738,111,111,1,0.003000000000000393,0.02817579655004588,0.02517579655004549,0.15208177088618827,0.10861979183182845,0.11453418386938051,0.02817579655004588,0.1380682038729976,0.11431826945984573,0.06636343878588934,0.003000000000000393
739,011,011,1,0.0020000000000001674,0.015167240844290754,0.013167240844290586,0.14652722783216132,0.052793183050491,0.09622462258666147,0.0020000000000001674,0.10694829906138552,0.04718943866765631,0.08129409060774544,0.015167240844290754
740,010,010,1,0.0010000000000000356,0.009151436176725316,0.00815143617672528,0.026263246598430722,0.038039850673807954,0.0010000000000000356,0.01712420344347795,0.013179233109421745,0.028201336951033343,0.009151436176725316,0.02534119597804608
741,110,110,1,0.0020000000000000716,0.008748310919571524,0.006748310919571452,0.3047791023465917,0.3057054279458011,0.29613506499769443,0.30091700790328646,0.01671663778833238,0.018690209955717033,0.0020000000000000716,0.008748310919571524
742,001,001,1,0.0010000000000000588,0.015559288077198396,0.014559288077198338,0.11038285802974161,0.0010000000000000588,0.12108896141092003,0.03166689024839854,0.1209647158699448,0.015559288077198396,0.1212726296624228,0.03506903193225587
743,000,000,1,0.0,0.005182872203440557,0.005182872203440557,0.0,0.005182872203440557,0.01156901228286773,0.007851564391015232,0.021036664313333227,0.02599232300949831,0.020650643302128402,0.017022228613059697
744,100,100,1,0.001000000000000003,0.006087501008606209,0.0050875010086062055,0.006087501008606209,0.024015314432631368,0.01512962809773091,0.023934953258955158,0.001000000000000003,0.020037983041328818,0.011447254328767567,0.02449143086401785
745,010,010,1,0.001000000000000209,0.022533440260916353,0.021533440260916144,0.227075643678986,0.2216080589286604,0.001000000000000209,0.025647673852244937,0.23636602769109125,0.24172272952303753,0.022533440260916353,0.03446642353624867
746,001,001,1,0.001000000000000119,0.006955151454196534,0.005955151454196415,0.0366364351325719,0.001000000000000119,0.060788757468923815,0.042754389868645375,0.038192688841136364,0.006955151454196534,0.06021724511762499,0.046005549253676066
747,100,100,1,0.0010000000000000247,0.006893339128659203,0.005893339128659178,0.026431332150746972,0.032286259801861214,0.03326610186396875,0.02989747307798695,0.0010000000000000247,0.006893339128659203,0.01250562528308692,0.008122601124640446
748,111,111,1,0.0030000000000000708,0.013213060777248476,0.010213060777248406,0.13467778180936119,0.046662622286041046,0.10755291251389106,0.04480024272663424,0.10210712492741376,0.013213060777248476,0.06238832629369076,0.0030000000000000708
749,001,001,1,0.0010000000000000451,0.0038401095210548507,0.0028401095210548056,0.04849694270085587,0.0010000000000000451,0.044720580217448014,0.0038401095210548507,0.06572483734416801,0.018789338200221925,0.05139434058958047,0.01151460083949388
750,110,110,1,0.0020000000000013696,0.007955243277790633,0.005955243277789264,0.22523311070170568,0.1719394200902096,0.05143774577809263,0.04594853643990742,0.14894311507519795,0.1290329772148781,0.0020000000000013696,0.007955243277790633
751,110,110,1,0.0020000000000000625,0.00835459845897418,0.006354598458974117,0.27564288506199813,0.27508725158734926,0.18249334269556106,0.17948714491060855,0.04535965540020285,0.03574075866935022,0.0020000000000000625,0.00835459845897418
752,100,100,1,0.0010000000000000041,0.008117113852387944,0.007117113852387939,0.017317942316500655,0.02187859373265207,0.023526620917697038,0.019974800628758747,0.0010000000000000041,0.008117113852387944,0.009641208761507116,0.008442940805786215
753,011,011,1,0.0020000000000003557,0.006239487504903756,0.0042394875049034005,0.04969401917281862,0.027239278787120572,0.006239487504903756,0.0020000000000003557,0.04025273502412995,0.01957818342372885,0.00994279395746183,0.009170925767119786
754,011,011,1,0.002000000000000052,0.004434242408502037,0.0024342424085019845,0.11836946710305392,0.05391205345998925,0.05869215192587746,0.002000000000000052,0.10915587540308132,0.04535463828392947,0.06137002740653732,0.004434242408502037
755,010,010,1,0.001000000000000026,0.017184723799833705,0.01618472379983368,0.022659988844968226,0.0343996878103544,0.001000000000000026,0.0211182205359699,0.02207801638895034,0.03841406574557266,0.017184723799833705,0.03210988928713067
756,110,110,1,0.002000000000000358,0.008251000989198502,0.006251000989198145,0.527951497424372,0.5291524741567153,0.015133252806833072,0.01890457725451624,0.5275870982077956,0.5267327094346962,0.002000000000000358,0.008251000989198502
757,011,011,1,0.00200000000000001,0.0033884594623210026,0.0013884594623209926,0.098063198388524,0.039010946268709996,0.07733803661590673,0.00200000000000001,0.08034887018121423,0.024708267531900877,0.07630080871783178,0.0033884594623210026
758,001,001,1,0.0010000000000004194,0.022352427117970274,0.021352427117969853,0.22281908128666753,0.0010000000000004194,0.24966499509574827,0.030540867452810996,0.1609920093146803,0.022352427117970274,0.18490186518013396,0.0418098632925104
759,100,100,1,0.0010000000000000475,0.011699376949553787,0.01069937694955374,0.10727701728267203,0.10817461209145736,0.10565058475063997,0.10238483224384932,0.0010000000000000475,0.011699376949553787,0.022560821756720292,0.028898310460648127
760,111,111,1,0.003000000000001354,0.007143325382489684,0.00414332538248833,0.23645421814542136,0.1814757302620443,0.2075048046125827,0.14479115371315632,0.12651919063383552,0.007143325382489684,0.11970920167445276,0.003000000000001354
761,111,111,1,0.003000000000000888,0.042336220363066564,0.03933622036306567,0.3536129725821893,0.3576171994170406,0.17091312688688662,0.1512363520276736,0.20499754166693618,0.19301887067506598,0.042336220363066564,0.003000000000000888
762,011,011,1,0.0020000000000005374,0.005683888230425864,0.0036838882304253266,0.19049938743011396,0.0719531091633704,0.005683888230425864,0.0020000000000005374,0.15844035049195632,0.05886093837532789,0.009346390272994422,0.00760492881553893
763,100,100,1,0.0010000000000000189,0.0044601317149308515,0.0034601317149308324,0.05470638831651295,0.05864013035675745,0.053264417268002406,0.05766262215380056,0.0010000000000000189,0.008955527176030275,0.0044601317149308515,0.007618453673602692
764,100,100,1,0.001000000000000054,0.005410286577848344,0.00441028657784829,0.049700190230478745,0.05029754776298178,0.07183952796935768,0.05955926637082081,0.001000000000000054,0.005410286577848344,0.035206969856822104,0.02856246240426543
765,111,111,1,0.0030000000000009446,0.01923357824802714,0.016233578248026195,0.15818857976530884,0.12901234084707552,0.042474189025718784,0.03357614914891805,0.14568401512465645,0.103696763235184,0.01923357824802714,0.0030000000000009446
766,001,001,1,0.001000000000000011,0.00759868538092816,0.006598685380928148,0.011152969223406214,0.001000000000000011,0.025480412071344827,0.0275306075929498,0.014345387799713439,0.00759868538092816,0.025120212120034312,0.026845236099602085
767,011,011,1,0.0020000000000004094,0.017348353226576275,0.015348353226575866,0.2305505382544756,0.21500513413001154,0.034832296217658036,0.0020000000000004094,0.18280960225988263,0.19323713553099534,0.02480713912750815,0.017348353226576275
768,110,110,1,0.002000000000000026,0.02118141474293563,0.019181414742935603,0.1380448827802295,0.12926725364304423,0.08168459292046719,0.07914217069365209,0.04721137626331614,0.06206688458096071,0.002000000000000026,0.02118141474293563
769,110,110,1,0.0020000000000001427,0.017740910066903193,0.01574091006690305,0.2847862222900616,0.26089762317300597,0.03408306333325261,0.03200195938687325,0.21967020225051212,0.2234428440919168,0.0020000000000001427,0.017740910066903193
770,001,001,1,0.0010000000000000113,0.014168653916706703,0.013168653916706692,0.05167247955024468,0.0010000000000000113,0.06300221497767734,0.020472854206329973,0.043810657785180035,0.014168653916706703,0.06290849224686702,0.028473380581947674
771,100,100,1,0.001000000000000035,0.005127207843375737,0.0041272078433757025,0.00896698385858233,0.01219211730073647,0.0077089508884713226,0.0074064897006534906,0.001000000000000035,0.005479333720707254,0.005127207843375737,0.005733785970970757
772,111,111,1,0.0030000000000002668,0.005829556087797939,0.002829556087797672,0.24723194551487362,0.2332284837284694,0.015418097634207206,0.005829556087797939,0.207275130445997,0.2047343560182121,0.016541265941621357,0.0030000000000002668
773,110,110,1,0.002000000000000249,0.015467188482687907,0.013467188482687659,0.27043706083635194,0.2738831892033336,0.2611851929131401,0.27812515679852495,0.029517235484030343,0.026389271028963407,0.002000000000000249,0.015467188482687907
774,011,011,1,0.0020000000000000777,0.01961836788357031,0.01761836788357023,0.11408768162536587,0.01961836788357031,0.09060352266205907,0.0020000000000000777,0.11593988389585551,0.023942835133943005,0.1137391711551476,0.020844766829852823
775,100,100,1,0.0010000000000000018,0.003755534453796536,0.0027555344537965342,0.003755534453796536,0.008606493157183242,0.018401805469604876,0.02176077542972476,0.0010000000000000018,0.008657076454446359,0.020416777588413378,0.021090896317604923
776,001,001,1,0.0010000000000000406,0.004650477607626035,0.003650477607625994,0.04974857804849565,0.0010000000000000406,0.06869382208607168,0.02593888428261454,0.049362819337090406,0.004650477607626035,0.0669698222715573,0.027618391227859772
777,001,001,1,0.0010000000000000603,0.007573368316680812,0.006573368316680752,0.03630311830618993,0.0010000000000000603,0.0369582795380252,0.007573368316680812,0.03961213546920006,0.00783062985514195,0.04103097061534535,0.014131536792518322
778,100,100,1,0.0010000000000000566,0.004923671988966446,0.00392367198896639,0.015368163041858026,0.031859378830434194,0.014293523019559017,0.029616404649981623,0.0010000000000000566,0.017921083730815877,0.004923671988966446,0.021087977293921343
779,100,100,1,0.0010000000000001741,0.008271052706443321,0.007271052706443147,0.04072977782962839,0.04802282225270891,0.07039675393722139,0.05550767898006914,0.0010000000000001741,0.008271052706443321,0.04482576930847137,0.02977813533555012
780,010,010,1,0.0010000000000000065,0.0036973454370314786,0.002697345437031472,0.0036973454370314786,0.007271812085836795,0.0010000000000000065,0.007424330802542904,0.042767064385268616,0.03922852453314576,0.04011467657731615,0.040688469801391174
781,110,110,1,0.002000000000001042,0.007224116248648102,0.00522411624864706,0.2778479802022232,0.23107479593239075,0.04021135852922456,0.03304376400680789,0.22856996725880352,0.21315309742635835,0.002000000000001042,0.007224116248648102
782,110,110,1,0.002000000000000221,0.003743466592093807,0.0017434665920935863,0.1645333274604726,0.1317827829458902,0.011648018596434974,0.0076868439452517446,0.12774495637824793,0.07973662143899433,0.002000000000000221,0.003743466592093807
783,111,111,1,0.0030000000000015123,0.052855144035246236,0.04985514403524472,0.6838119120887242,0.5738976777600047,0.44417875794974854,0.42026645986889677,0.2494734950308034,0.052855144035246236,0.08376061928201373,0.0030000000000015123
784,100,100,1,0.0010000000000000256,0.005498471782516286,0.0044984717825162605,0.04169867888577681,0.0402071429161405,0.0412204438744689,0.038586522981399224,0.0010000000000000256,0.00931616435943936,0.005498471782516286,0.011998475334644099
785,110,110,1,0.0020000000000002334,0.00974053933807352,0.007740539338073287,0.1629530937449216,0.153786063654617,0.027842398743611763,0.03206409036358473,0.16867929266855883,0.16113119659142522,0.0020000000000002334,0.00974053933807352
786,110,110,1,0.0020000000000001106,0.015962540307245542,0.013962540307245431,0.15326915256090692,0.15401908406511913,0.015962540307245542,0.029234780015249706,0.15222597907081792,0.1635568256612453,0.0020000000000001106,0.020272139191736854
787,100,100,1,0.001000000000000017,0.008185550589832474,0.007185550589832458,0.008326365079022562,0.013375338928475956,0.018810223122029956,0.02314175270407126,0.001000000000000017,0.008185550589832474,0.012840294857484556,0.019168635729301782
788,001,001,1,0.0010000000000000464,0.005425951313022205,0.004425951313022159,0.04056187129514652,0.0010000000000000464,0.06268491079205304,0.028538375872815658,0.035712016274837395,0.005425951313022205,0.054706024589968115,0.029446718090475832
789,100,100,1,0.001000000000000006,0.002632289200255796,0.0016322892002557901,0.002632289200255796,0.02517316981470227,0.003742863683849751,0.01990060539267606,0.001000000000000006,0.023761210411708374,0.004636853223591917,0.019775835923119163
790,110,110,1,0.002000000000000063,0.006259163669911206,0.004259163669911144,0.10547083968623494,0.10267755449588072,0.0364140634188365,0.03498661945726738,0.10235909483200449,0.09247847312565072,0.002000000000000063,0.006259163669911206
791,110,110,1,0.0020000000000000256,0.011364099874279252,0.009364099874279226,0.08765951136794,0.09360699297807183,0.07171667861556551,0.07509098046637487,0.02144113277272913,0.027849833203674373,0.0020000000000000256,0.011364099874279252
792,100,100,1,0.0010000000000000766,0.0036407114241823364,0.00264071142418226,0.16272955909085093,0.15795620147073333,0.14279218868894222,0.12301677674528867,0.0010000000000000766,0.02377886802725565,0.0036407114241823364,0.02084122150138113
793,110,110,1,0.0020000000000000755,0.019542516480616546,0.01754251648061647,0.3267605029639304,0.3424602984023729,0.019542516480616546,0.026264289153211003,0.29548131119123905,0.302398010701261,0.0020000000000000755,0.019954384160239258
794,001,001,1,0.0010000000000000245,0.003771661267981447,0.0027716612679814226,0.04089929346320439,0.0010000000000000245,0.03473543610430831,0.007762901170264946,0.017680870668473687,0.003771661267981447,0.017352426899632744,0.010704985597061362
795,001,001,1,0.0010000000000000245,0.005689492810450541,0.0046894928104505166,0.036705551998415874,0.0010000000000000245,0.026257495623565608,0.005689492810450541,0.050709726734035517,0.01588438813485493,0.036025499585065575,0.017320242253423122
796,110,110,1,0.002000000000000349,0.004633775127786445,0.002633775127786096,0.2612062045742443,0.18084931392091674,0.01809948875653667,0.010136229368161862,0.23438179940533452,0.11635976295914137,0.002000000000000349,0.004633775127786445
797,000,000,1,0.0,0.00911503442655083,0.00911503442655083,0.0,0.011191388281217535,0.01128774590471902,0.02148190876106814,0.012287529696561349,0.019090252371528144,0.00911503442655083,0.016169341731468844
798,110,110,1,0.0020000000000001033,0.007661186199016535,0.005661186199016432,0.12971298741618653,0.13665353474553193,0.12731406901154826,0.13613972027413404,0.007661186199016535,0.012822546186146663,0.0020000000000001033,0.011075447259544097
799,011,011,1,0.002000000000000269,0.008330306811082417,0.0063303068110821484,0.10120286034223584,0.09541740815226685,0.04083916653376287,0.002000000000000269,0.09987472870537227,0.10166393868187074,0.0328329689470912,0.008330306811082417
800,110,110,1,0.0020000000000002884,0.01493216553162011,0.012932165531619822,0.0986730404881494,0.09355539727521933,0.08632110561937913,0.07702838315357484,0.053850376857797755,0.06653467492654105,0.0020000000000002884,0.01493216553162011
801,011,011,1,0.0020000000000000152,0.011782719711984295,0.00978271971198428,0.026690217488099483,0.015542638794718719,0.011782719711984295,0.0020000000000000152,0.04430697597913181,0.03867859844248474,0.034842549722577026,0.028638673256162255
802,110,110,1,0.0020000000000000144,0.004409743543135317,0.0024097435431353026,0.014112674330330878,0.02568499903955923,0.004409743543135317,0.015714011391103372,0.014360810322512137,0.025073374410114313,0.0020000000000000144,0.013164209134024833
803,011,011,1,0.0020000000000002264,0.005376754418622583,0.0033767544186223564,0.11820053056304432,0.018486329393114658,0.08366669281792433,0.0020000000000002264,0.12256143244191588,0.019108195553476814,0.08476039876018127,0.005376754418622583
804,011,011,1,0.0020000000000000313,0.0065337713398545185,0.004533771339854487,0.23057312639741478,0.028710393121873134,0.08941336358851405,0.0020000000000000313,0.229055836528142,0.03253175066942911,0.0854699401919322,0.0065337713398545185
805,010,010,1,0.0010000000000001234,0.02148616635640025,0.020486166356400128,0.07784805076644113,0.1017526534934815,0.0010000000000001234,0.026060971029750787,0.07604441143907434,0.08706087875469937,0.02148616635640025,0.035098473181773004
806,111,111,1,0.0030000000000006905,0.04376100754766991,0.04076100754766922,0.08888094664267843,0.05909587164084181,0.08508905762977896,0.045447408671395,0.11257640391575896,0.04376100754766991,0.09947184247544912,0.0030000000000006905
807,110,110,1,0.0020000000000000104,0.005340314593941291,0.0033403145939412803,0.0788372563539757,0.06766052528201323,0.063277987763443,0.0618281273127201,0.017348092903656437,0.013152330888639752,0.0020000000000000104,0.005340314593941291
808,110,010,0,0.0020000000000000213,0.0011863864953428544,-0.0008136135046571669,0.13888818715140835,0.13965532494132835,0.0011863864953428544,0.014849260331212193,0.13366364883240928,0.13452508517879064,0.0020000000000000213,0.015664878944507635
809,001,001,1,0.001000000000000109,0.015263327480988121,0.014263327480988013,0.04339823697157541,0.001000000000000109,0.02430896838000984,0.015263327480988121,0.05352285565474263,0.01735615636294873,0.040752635407770334,0.02821791210916345
810,111,111,1,0.0030000000000000374,0.005263835306791451,0.002263835306791414,0.08476816234415852,0.08383593161254034,0.006879338344518213,0.005263835306791451,0.07143614777252445,0.06302654697709387,0.007452871552667656,0.0030000000000000374
811,110,110,1,0.0020000000000000534,0.006023239941441398,0.004023239941441345,0.06947839303389002,0.07909300538881259,0.006023239941441398,0.016878385114850285,0.014482717414019478,0.024751733009112847,0.0020000000000000534,0.013796057034235688
812,100,100,1,0.0010000000000000007,0.005829582727315187,0.004829582727315186,0.014290082326954412,0.02051033563335856,0.016697040608014833,0.024142328514370204,0.0010000000000000007,0.013196193676764304,0.005829582727315187,0.013552004223403417
813,001,001,1,0.001000000000000781,0.02704463023390543,0.02604463023390465,0.10162862879244634,0.001000000000000781,0.12711939504438066,0.031524361504974396,0.0905573241676308,0.02704463023390543,0.116454365177871,0.04785906212054028
814,111,111,1,0.0030000000000002,0.005560949189566547,0.0025609491895663473,0.3267602345328831,0.28526581039452176,0.06964442248444218,0.005560949189566547,0.21759852743566557,0.20977436986293918,0.03348475368581799,0.0030000000000002
815,001,001,1,0.0010000000000001746,0.01358657237845337,0.012586572378453195,0.028856434371618417,0.0010000000000001746,0.036763763585765434,0.01358657237845337,0.03697478664239549,0.01382457275927194,0.04513362891607733,0.019652650369713198
816,110,110,1,0.0020000000000004975,0.015763184351843627,0.013763184351843129,0.15282629537954565,0.15165665241328494,0.07261418741923113,0.06199659846764835,0.06093573865964502,0.06410422576019238,0.0020000000000004975,0.015763184351843627
817,010,010,1,0.0010000000000000297,0.013566249670478368,0.012566249670478338,0.05630019280608952,0.06931527761210192,0.0010000000000000297,0.01679401145167473,0.06411694945068096,0.06331860531601965,0.013566249670478368,0.014829080411634398
818,110,110,1,0.0020000000000000955,0.017132652425627882,0.015132652425627786,0.07845179227147807,0.08997850855740479,0.017132652425627882,0.03230528892334407,0.08505094171050838,0.09599825811583133,0.0020000000000000955,0.019047352891196044
819,111,111,1,0.0030000000000001917,0.006387815879122518,0.003387815879122326,0.1283134967132223,0.1264645864262105,0.012301599822075217,0.006387815879122518,0.08513621436554004,0.0822647546208795,0.00884246455239324,0.0030000000000001917
820,110,110,1,0.0020000000000000135,0.0040097818534058065,0.002009781853405793,0.07019287747961027,0.02996100092333792,0.027607963314701434,0.02598025513297409,0.04924176636572717,0.012126975333576656,0.0020000000000000135,0.0040097818534058065
821,010,010,1,0.00100000000000001,0.007420209598410489,0.006420209598410479,0.0328730154988582,0.01867297719748491,0.00100000000000001,0.007420209598410489,0.056996760596869554,0.042924015412921485,0.03197773051183682,0.03584747902849061
822,100,100,1,0.0010000000000000098,0.011579399092181752,0.010579399092181743,0.016356916843318196,0.02238308864995826,0.03148893131964395,0.04118592170415037,0.0010000000000000098,0.011579399092181752,0.027036019205673625,0.03527444775836303
823,100,100,1,0.0010000000000000122,0.012979425000358032,0.011979425000358021,0.03048681401427597,0.03374192341238661,0.048119035617430216,0.03325040730033159,0.0010000000000000122,0.012979425000358032,0.021040248951225783,0.014961874674236535
824,011,011,1,0.002000000000000877,0.01721178000283188,0.015211780002831004,0.4079569844179005,0.30762263323347,0.16449106839947727,0.002000000000000877,0.31659373859469797,0.2806688827990979,0.12167192336183652,0.01721178000283188
825,111,111,1,0.0030000000000000595,0.015072806494147304,0.012072806494147244,0.1481442999748025,0.15257297762829383,0.14951198672349658,0.13767453797940807,0.0417203364303032,0.04390659425668061,0.015072806494147304,0.0030000000000000595
826,110,110,1,0.002000000000000252,0.003086167036792092,0.0010861670367918398,0.14385773091451312,0.14903050145713984,0.003086167036792092,0.016902350662656947,0.14124533934275094,0.14584927545344037,0.002000000000000252,0.015898073282239803
827,001,001,1,0.0010000000000001592,0.00885575023189953,0.007855750231899371,0.10148381452862543,0.0010000000000001592,0.11729564124363577,0.017337141070509293,0.08638801253054805,0.00885575023189953,0.1022900687695064,0.024504481047261936
828,011,011,1,0.0020000000000002104,0.004949858395907952,0.0029498583959077416,0.10768542508579308,0.034453718857533365,0.05404840960116231,0.0020000000000002104,0.10354356886137213,0.034217087204692624,0.05530705430179337,0.004949858395907952
829,011,011,1,0.002000000000000035,0.012455526548593724,0.01045552654859369,0.19942494034075042,0.19130843829125452,0.03147078321850673,0.002000000000000035,0.18925325763178255,0.17916032917622401,0.04087162248898893,0.012455526548593724
830,001,001,1,0.0010000000000000026,0.005507418137270247,0.004507418137270245,0.07613801710065261,0.0010000000000000026,0.057331790609443906,0.0157775481778272,0.0757405643812986,0.005507418137270247,0.059600125420369514,0.01962608264833827
831,001,001,1,0.0010000000000000024,0.006363766957413651,0.005363766957413648,0.03583957196722187,0.0010000000000000024,0.04016105333962107,0.04171930005769897,0.03736848888613934,0.006363766957413651,0.02809893103908176,0.03253814715532416
832,001,001,1,0.001000000000000034,0.004784153716472887,0.0037841537164728534,0.02492816607960251,0.001000000000000034,0.03199065076717048,0.018860821984479144,0.025557290715701324,0.004784153716472887,0.029828773164798823,0.019222420712970693
833,111,111,1,0.0030000000000011675,0.031226930117863733,0.028226930117862564,0.4208938605337987,0.13939295390479708,0.33688742547847633,0.08581042692045138,0.24799217293054843,0.031226930117863733,0.19622107723132645,0.0030000000000011675
834,011,011,1,0.002000000000000582,0.009083258418754951,0.007083258418754369,0.16197749524284477,0.053666503466499656,0.15052172880752246,0.002000000000000582,0.1396132827216469,0.05584994672755327,0.1285197922216095,0.009083258418754951
835,110,010,0,0.0020000000000002095,0.0017354275981207828,-0.0002645724018794267,0.12786020684583418,0.12648867753224896,0.0017354275981207828,0.006883647181476749,0.1036109002140048,0.10664359099418173,0.0020000000000002095,0.007724783271773397
836,111,111,1,0.0030000000000001505,0.04241139696128435,0.0394113969612842,0.309830000840168,0.28670022636248566,0.12403054995332881,0.1202576796928921,0.14409295390629662,0.0450850196369982,0.04241139696128435,0.0030000000000001505
837,010,010,1,0.0010000000000000315,0.005720023529881265,0.004720023529881234,0.03953376486530844,0.04174479159455909,0.0010000000000000315,0.0074738747409553875,0.042568795266536064,0.04324224521865606,0.007376391093810832,0.005720023529881265
838,110,110,1,0.002000000000000228,0.005022605780233579,0.0030226057802333513,0.04417951053260882,0.026577982262838334,0.04801967847184014,0.018366058181724487,0.018154876466182374,0.007947670220297407,0.002000000000000228,0.005022605780233579
839,001,001,1,0.0010000000000001,0.019711112951248402,0.0187111129512483,0.03720708407479862,0.0010000000000001,0.08961499953029652,0.054578327145460494,0.033790087597614045,0.019711112951248402,0.08500532413900719,0.06958183930210385
840,010,010,1,0.001000000000000072,0.01561204695534473,0.014612046955344658,0.01561204695534473,0.05172907056098094,0.001000000000000072,0.04550409990431853,0.06361996832944074,0.071239282129986,0.05168011457280638,0.06936575330826043
841,110,110,1,0.0020000000000000577,0.005932073207635546,0.003932073207635488,0.11660056827878928,0.11942692111205606,0.045921588769982535,0.041413880969413466,0.062202410466715034,0.05317668837101643,0.0020000000000000577,0.005932073207635546
842,110,110,1,0.002000000000000159,0.02358548877882196,0.021585488778821802,0.07085799064648106,0.08269533924600721,0.0373503914761106,0.03554827684501186,0.03936210650090144,0.051690784677763744,0.002000000000000159,0.02358548877882196
843,001,001,1,0.0010000000000001245,0.009227803937714565,0.008227803937714441,0.17354949139197443,0.0010000000000001245,0.10073398327796296,0.009227803937714565,0.1908997612118202,0.019423042560309273,0.10397558107180167,0.022009647759812748
844,110,110,1,0.0020000000000002785,0.007336800352014828,0.0053368003520145495,0.11087061919390491,0.11409036890625834,0.028146601165983127,0.027533648110721627,0.04836697368049595,0.04700513999890521,0.0020000000000002785,0.007336800352014828
845,110,110,1,0.0020000000000002013,0.003744775242535414,0.001744775242535213,0.22311979663957338,0.1546838496702595,0.05513254103903881,0.05070694049729806,0.1875215662798704,0.1250311019645378,0.0020000000000002013,0.003744775242535414
846,100,100,1,0.0010000000000000813,0.008569577231332913,0.0075695772313328314,0.08878286741801249,0.08366378597387941,0.0862596930808806,0.09511757162930963,0.0010000000000000813,0.008569577231332913,0.02293078168458318,0.018436890405568025
847,011,011,1,0.0020000000000003973,0.006736240335145157,0.00473624033514476,0.13608388328549,0.07593094106422636,0.019745571119828945,0.0020000000000003973,0.12228976965803352,0.0687684012563129,0.00958638599436774,0.006736240335145157
848,011,011,1,0.00200000000000042,0.011119737219681344,0.009119737219680924,0.1761729716029733,0.17817895161210048,0.034279792621497614,0.00200000000000042,0.17648330534194898,0.18016444757223626,0.04000071133851211,0.011119737219681344
849,000,000,1,0.0,0.003453781030681722,0.003453781030681722,0.0,0.00951434251382689,0.003453781030681722,0.009677770707360676,0.00879349564920385,0.009949499015697187,0.012552329571347973,0.010417980100693374
850,100,100,1,0.0010000000000000247,0.005235570260016979,0.004235570260016953,0.19763497278247888,0.20208619470108993,0.20725791424434423,0.19508456379538672,0.0010000000000000247,0.005235570260016979,0.018031302428259767,0.006728176170706937
851,011,011,1,0.0020000000000000764,0.016650190759151362,0.014650190759151286,0.09311558569145657,0.016650190759151362,0.09365540766276259,0.0020000000000000764,0.09321411265041502,0.030132088586398514,0.09259918347110772,0.021383184789476303
852,001,001,1,0.0010000000000000202,0.0143498701269626,0.01334987012696258,0.02143360184162818,0.0010000000000000202,0.026292278406853622,0.0143498701269626,0.035064741742050536,0.01973497537142365,0.04249416090567811,0.024346214303711183
853,001,001,1,0.001000000000000034,0.005908267633442788,0.004908267633442754,0.026575766500147886,0.001000000000000034,0.020899994053901205,0.011406798304710346,0.0295219192016077,0.005908267633442788,0.016907830940840668,0.009293937731757327
854,111,111,1,0.003000000000000239,0.08281011744876243,0.0798101174487622,0.7368122581772355,0.2991845113547974,0.6334400556575861,0.25762485539083135,0.2501163911057954,0.08281011744876243,0.11292952380874739,0.003000000000000239
855,111,111,1,0.0030000000000003227,0.008485843882994858,0.005485843882994535,0.16782339792056145,0.04432103878234723,0.14135046226990677,0.008485843882994858,0.11987011561766893,0.042208848791189225,0.08274976784315906,0.0030000000000003227
856,100,100,1,0.0010000000000000662,0.003657689435303612,0.0026576894353035462,0.07562607492661165,0.08125726339910332,0.06951160693299781,0.07591133351338739,0.0010000000000000662,0.011384260202867737,0.003657689435303612,0.011944682459393483
857,110,110,1,0.00200000000000009,0.008021716810882646,0.006021716810882555,0.03506467996936747,0.040501968026228574,0.03216376377236661,0.03823362233252472,0.016070870008783336,0.02033762014996663,0.00200000000000009,0.008021716810882646
858,100,100,1,0.0010000000000000087,0.004493575902492504,0.0034935759024924953,0.04022643226128154,0.040819173236380644,0.02712827988500566,0.01918481631967805,0.0010000000000000087,0.005825765054479119,0.005111912913739736,0.004493575902492504
859,010,010,1,0.0010000000000001078,0.01843267236880148,0.01743267236880137,0.02911600695934477,0.03653163227127214,0.0010000000000001078,0.01959442620452566,0.03767347941498247,0.04214337392979327,0.01843267236880148,0.03237688518882139
860,111,111,1,0.003000000000000074,0.014356520401164896,0.011356520401164822,0.15114434032908758,0.15742659587852395,0.03213066756767345,0.02333118558369046,0.06343682406445275,0.06192176555111616,0.014356520401164896,0.003000000000000074
861,110,110,1,0.002000000000000192,0.007285937610429489,0.005285937610429297,0.08639397749858531,0.07215273965979525,0.04229619638109107,0.024048210345874677,0.06149473093396964,0.06392743981887926,0.002000000000000192,0.007285937610429489
862,110,110,1,0.002000000000000066,0.025947037732852878,0.02394703773285281,0.14813789683181253,0.17379162532114267,0.05861726124655605,0.05411899028109509,0.09475872867669638,0.08158146781190165,0.002000000000000066,0.025947037732852878
863,110,110,1,0.0020000000000000326,0.019973020849259452,0.01797302084925942,0.27975934301161265,0.28885764114953694,0.03656446872909623,0.04871694099149487,0.23636509032762276,0.23974922782605376,0.0020000000000000326,0.019973020849259452
864,011,011,1,0.0020000000000000564,0.006963304617872984,0.004963304617872927,0.08164729889817716,0.041368478667040666,0.0780658880082737,0.0020000000000000564,0.06539284676075492,0.02998013683795489,0.07249797480951121,0.006963304617872984
865,001,001,1,0.0010000000000000293,0.008677662887925902,0.007677662887925873,0.02497720920072255,0.0010000000000000293,0.04306507743732239,0.023518746605881873,0.029119995318546383,0.008677662887925902,0.044399485714710335,0.02242115000215932
866,001,001,1,0.0010000000000000852,0.009090139019169781,0.008090139019169695,0.07381284972290504,0.0010000000000000852,0.06808304283691918,0.009090139019169781,0.07496297771089601,0.013123878190999687,0.06237163349928392,0.014239966156969413
867,001,001,1,0.0010000000000000508,0.012293127400641413,0.011293127400641362,0.04070652450234766,0.0010000000000000508,0.03499392853044233,0.015898362273883603,0.05132281156945517,0.012293127400641413,0.04449604717554528,0.02577905942679206
868,001,001,1,0.0010000000000000145,0.01644975275915617,0.015449752759156155,0.04453685376893196,0.0010000000000000145,0.033847831188208326,0.01644975275915617,0.06619825176939777,0.022770633682675435,0.04459302384136499,0.02729285909993234
869,111,111,1,0.0030000000000004086,0.06869956448610955,0.06569956448610914,0.33951469191461814,0.1485780915156106,0.16008700488601627,0.06869956448610955,0.2909946669365819,0.0756128621236802,0.11313694681309776,0.0030000000000004086
870,111,111,1,0.0030000000000003184,0.05761570745433355,0.05461570745433324,0.23843790044082466,0.21101212168461783,0.08520197109441448,0.06314249878241937,0.23912180595234,0.20119551870913197,0.05761570745433355,0.0030000000000003184
871,010,010,1,0.0010000000000000438,0.010854884644235197,0.009854884644235153,0.0644741636933539,0.07728457946088076,0.0010000000000000438,0.016476718282956795,0.0654374982752062,0.06735880828922748,0.010854884644235197,0.012311547551977359
872,011,011,1,0.0020000000000003643,0.0056922127641840965,0.003692212764183732,0.1487956553320355,0.0056922127641840965,0.14322453632901175,0.0020000000000003643,0.13901135973395054,0.006186960449726585,0.13934261413276308,0.006454059774559294
873,110,110,1,0.002000000000000274,0.006975801740076819,0.0049758017400765445,0.24861272929478895,0.22576552531419639,0.035046789838752625,0.02877121309627316,0.1949950362529219,0.12153874179894088,0.002000000000000274,0.006975801740076819
874,010,010,1,0.001000000000000035,0.004649455061909566,0.0036494550619095316,0.08924486845043773,0.10468317547272253,0.001000000000000035,0.0202647491631769,0.07269898121069358,0.07930554192537126,0.004649455061909566,0.020076077209897108
875,110,110,1,0.00200000000000015,0.007286268335027992,0.005286268335027842,0.17698139715399366,0.11717731352665506,0.047258749726040244,0.05010260654499893,0.1675104091536652,0.10249126347368208,0.00200000000000015,0.007286268335027992
876,000,000,1,0.0,0.0038312067079049297,0.0038312067079049297,0.0,0.0038312067079049297,0.02261980583843656,0.021396751819591914,0.009286929920514612,0.009977278893374951,0.027997132402038154,0.02225124983162296
877,011,011,1,0.0020000000000000642,0.0062308109820346964,0.004230810982034632,0.13636573955766781,0.06517758367516269,0.0062308109820346964,0.0020000000000000642,0.14377306505658038,0.06065142590520626,0.015960090137536062,0.01634589350277955
878,011,011,1,0.002000000000000364,0.004011861235197202,0.0020118612351968383,0.46901177394364185,0.36152433165528025,0.031216994842696796,0.002000000000000364,0.40191328541950433,0.3468878562921425,0.013102347459021686,0.004011861235197202
879,111,111,1,0.0030000000000009884,0.02011414655619144,0.01711414655619045,0.49018961518272103,0.3469654053104364,0.40098997805521835,0.30166847178392453,0.16444216853254057,0.02011414655619144,0.1140108323884661,0.0030000000000009884
880,100,100,1,0.001000000000000003,0.007035540429056807,0.006035540429056805,0.024417224202799858,0.027588279436359792,0.026570131624350304,0.03158317082700009,0.001000000000000003,0.01141913647985324,0.007035540429056807,0.016355808007650883
881,111,111,1,0.003000000000000116,0.05784676275045906,0.054846762750458945,0.21706314247599412,0.18853750918490528,0.13657824360622053,0.07462862988634048,0.1179485376474701,0.09274019617127793,0.05784676275045906,0.003000000000000116
882,010,010,1,0.001000000000000003,0.003092349978749343,0.00209234997874934,0.03993995514373402,0.03142048650563525,0.001000000000000003,0.007601197797821034,0.037257939261771206,0.03199046469360653,0.003092349978749343,0.008454384837748304
883,010,010,1,0.0010000000000000321,0.01783355943740551,0.016833559437405478,0.01783355943740551,0.03238060954715547,0.0010000000000000321,0.02621157283024786,0.04261901872337127,0.027863412401895063,0.034626029394196664,0.02710023560688981
884,001,001,1,0.0010000000000003745,0.020591627053453916,0.01959162705345354,0.36184365905038085,0.0010000000000003745,0.36401755135674724,0.02553560241316153,0.3202489350272864,0.020591627053453916,0.32724358635020584,0.042764976317235026
885,001,001,1,0.0010000000000000464,0.004379632037439468,0.0033796320374394214,0.016350155581573295,0.0010000000000000464,0.02567575905930135,0.014108773713863735,0.016191763007623167,0.004379632037439468,0.02417997890158917,0.015958313947129602
886,111,111,1,0.0030000000000003045,0.027392533101633906,0.024392533101633602,0.1693067174578267,0.09201303918337811,0.10027273902412127,0.027392533101633906,0.0944156651019493,0.0473580796730601,0.046341775947203956,0.0030000000000003045
887,111,111,1,0.0030000000000001367,0.02270390950343299,0.019703909503432853,0.16467992508817572,0.11700682109465242,0.0649059085267693,0.03202868675470713,0.05855842097883546,0.03298797922247647,0.02270390950343299,0.0030000000000001367
888,010,010,1,0.0010000000000000362,0.025810834382788778,0.024810834382788742,0.07967302750091969,0.1143432883932168,0.0010000000000000362,0.044032110988663394,0.0950394888417807,0.12722748774688306,0.025810834382788778,0.049533760040199715
889,111,111,1,0.0030000000000003114,0.049389709836726546,0.04638970983672623,0.2684024089508655,0.15390847673900493,0.10804837709936178,0.049389709836726546,0.15456525558133707,0.06333000527160668,0.050787118546510183,0.0030000000000003114
890,111,111,1,0.003000000000000446,0.06490493917757474,0.061904939177574295,0.15474117082207503,0.13973943980824247,0.15448332039781829,0.1071254898757741,0.09653607159956218,0.08811836505864275,0.06490493917757474,0.003000000000000446
891,100,100,1,0.001000000000000062,0.006713205035341814,0.005713205035341753,0.04471195833739528,0.03819533208867321,0.06096773919384024,0.047246572061763144,0.001000000000000062,0.006713205035341814,0.03531548906258672,0.03350322390703889
892,010,010,1,0.0010000000000000187,0.0054929915563628195,0.004492991556362801,0.0054929915563628195,0.014094437884315587,0.0010000000000000187,0.011964448974551983,0.03711119528490974,0.04701088190783056,0.037667807533512274,0.03931854722746559
893,111,111,1,0.0030000000000000456,0.01580076246806199,0.012800762468061945,0.10711544898551728,0.0917773613881438,0.09983667140128982,0.07462629870644356,0.03624060525173403,0.01580076246806199,0.033480657404510165,0.0030000000000000456
894,111,111,1,0.0030000000000000543,0.03521685277170875,0.0322168527717087,0.3076625655986165,0.2568535504198292,0.250230187960682,0.1933831016879647,0.07094599380602694,0.03521685277170875,0.044711621343748974,0.0030000000000000543
895,001,001,1,0.0010000000000000627,0.0021839958924877376,0.0011839958924876749,0.11135302723152508,0.0010000000000000627,0.12553915594071918,0.04134678195915436,0.1123361353325506,0.0021839958924877376,0.12499164693056043,0.04003530596142301
896,010,010,1,0.0010000000000000792,0.024870556229091248,0.023870556229091167,0.062953501676412,0.0491443377898357,0.0010000000000000792,0.024870556229091248,0.06768220533881471,0.04741350029543049,0.027682647527939162,0.036840898435423736
897,001,001,1,0.0010000000000000469,0.012948308928233485,0.01194830892823344,0.03857438257771429,0.0010000000000000469,0.0312681844720047,0.012948308928233485,0.04633324995792525,0.021390947646267228,0.038149449423600386,0.028287314292193264
898,001,001,1,0.0010000000000000046,0.004628793400088857,0.0036287934000888526,0.005788714601916471,0.0010000000000000046,0.0374340704204228,0.032149484360220845,0.009396797403094934,0.004628793400088857,0.03803810341961813,0.031802171743318355
899,100,100,1,0.0010000000000000037,0.00620468289240463,0.005204682892404626,0.00620468289240463,0.01743276221457096,0.01482395958149918,0.015637910476050718,0.0010000000000000037,0.015846086684834844,0.010300422040393636,0.014977683997836343
900,010,010,1,0.0010000000000000013,0.020869329303212267,0.019869329303212266,0.15156749712065934,0.15136824258174555,0.0010000000000000013,0.020869329303212267,0.1487881124453031,0.1704447742018044,0.025174315264197424,0.02743113934070569
901,010,010,1,0.0010000000000000401,0.006730500044110747,0.005730500044110707,0.30076451847599417,0.18376728448408416,0.0010000000000000401,0.006788373637117539,0.2731325236739424,0.17351953912339643,0.006730500044110747,0.011713168687121713
902,011,011,1,0.002000000000000063,0.011323833807545567,0.009323833807545505,0.1974424695705841,0.035090970763005894,0.15710934709455923,0.002000000000000063,0.14225943063380445,0.033442221678872466,0.12795573925726042,0.011323833807545567
903,100,100,1,0.00100000000000036,0.012781227006432276,0.011781227006431916,0.26066723928592184,0.26078884954302656,0.2483848712394191,0.24366116901788007,0.00100000000000036,0.012781227006432276,0.017479942003558548,0.024606402334441266
904,010,010,1,0.0010000000000002767,0.005774342672535425,0.004774342672535148,0.19183963154556372,0.13263548368811906,0.0010000000000002767,0.005774342672535425,0.1958802090295735,0.13492836078116677,0.029082486368631325,0.031830701225074934
905,111,111,1,0.0030000000000004814,0.003642519030104427,0.0006425190301039456,0.5238915472452756,0.3926502061511351,0.03191803240490479,0.003642519030104427,0.511254192320653,0.3755132928010278,0.03127406331606303,0.0030000000000004814
906,110,110,1,0.00200000000000016,0.013832652154056404,0.011832652154056244,0.1429300561349988,0.10270470534977642,0.10602053918279263,0.08193974921765156,0.029462842761508106,0.031585328097857836,0.00200000000000016,0.013832652154056404
907,100,100,1,0.001000000000000035,0.015206322240732468,0.014206322240732433,0.07345835074082326,0.08250931301823843,0.06581005110867781,0.06710773939433874,0.001000000000000035,0.015206322240732468,0.025893387297012682,0.03122210136173302
908,110,110,1,0.002000000000000026,0.029198246939623612,0.027198246939623586,0.1755600458458241,0.17783306619980263,0.13230640389666826,0.13472054088587135,0.08386773140879972,0.1075910909367669,0.002000000000000026,0.029198246939623612
909,100,100,1,0.0010000000000006954,0.007227673428107895,0.006227673428107199,0.1269240439982895,0.13243642711783174,0.11016893903439362,0.10422790412274784,0.0010000000000006954,0.009929610581201025,0.007227673428107895,0.009862686581648874
910,000,000,1,0.0,0.013827650643928654,0.013827650643928654,0.0,0.03374057533698079,0.013827650643928654,0.0374399794485275,0.02398843628034078,0.038492482998294233,0.03624250126086462,0.044998270617485646
911,011,011,1,0.0020000000000001367,0.00553464005793688,0.003534640057936743,0.3764386673132949,0.21136731911992213,0.008027241144178424,0.0020000000000001367,0.3796987566065061,0.21034367345158622,0.007718275007694391,0.00553464005793688
912,001,001,1,0.0010000000000000193,0.004473051030170687,0.0034730510301706676,0.025059529898699084,0.0010000000000000193,0.02708011240510742,0.004473051030170687,0.06636974703820149,0.04277565179135452,0.04608025810005776,0.03261312241768309
913,110,110,1,0.002000000000000943,0.026063802099329354,0.024063802099328412,0.6068347430797418,0.6302583972610722,0.14128982751794983,0.1419833683418041,0.3919400911674981,0.38504905967775255,0.002000000000000943,0.026063802099329354
914,111,111,1,0.0030000000000000283,0.009208365655556668,0.006208365655556639,0.21977705098084813,0.21388008844433434,0.01431808193611836,0.016925034921195,0.19459682667880784,0.16627190731687738,0.009208365655556668,0.0030000000000000283
915,110,110,1,0.0020000000000000152,0.011264403273887204,0.009264403273887188,0.2892501388263909,0.26926284281646595,0.23418383893714653,0.1935990647889455,0.06825333982891779,0.07046373946273933,0.0020000000000000152,0.011264403273887204
916,100,100,1,0.001000000000000035,0.00820435733672524,0.007204357336725206,0.040869833803634514,0.04364871018681866,0.04119391450056332,0.047766101407232364,0.001000000000000035,0.0219483858591729,0.00820435733672524,0.026474332119695472
917,100,100,1,0.0010000000000000432,0.005294551081651319,0.004294551081651276,0.029363864375981524,0.03203166219150864,0.03832305221295015,0.038486610054613235,0.0010000000000000432,0.005294551081651319,0.017619498163796973,0.01578783163462714
918,011,011,1,0.002000000000000077,0.006310014305369458,0.004310014305369382,0.13495045028877856,0.13674986295553465,0.012733859965675998,0.002000000000000077,0.12176294940909338,0.1209646404009106,0.016283551706626598,0.006310014305369458
919,010,010,1,0.0010000000000004484,0.010752574366472655,0.009752574366472207,0.13509921251266852,0.14282269102704967,0.0010000000000004484,0.016399468259305012,0.12839886010990637,0.1282433891640119,0.010752574366472655,0.017627665539999466
920,010,010,1,0.0010000000000001464,0.009372303651099506,0.00837230365109936,0.06510103205682453,0.0810254148372845,0.0010000000000001464,0.01842047140300234,0.05946354248728353,0.07387035907269966,0.009372303651099506,0.024183074581550182
921,001,001,1,0.0010000000000002704,0.008762044464350898,0.0077620444643506275,0.09396653456623416,0.0010000000000002704,0.07483995099765027,0.008762044464350898,0.1066696064529075,0.01758207483747015,0.08598723534830698,0.021644827348389625
922,001,001,1,0.0010000000000001243,0.006946473038850713,0.005946473038850589,0.05190135033398588,0.0010000000000001243,0.0356704391088749,0.01930277867645782,0.04108625681557824,0.006946473038850713,0.02278656114895901,0.016705749940523876
923,011,011,1,0.002000000000000033,0.0076428687248913055,0.0056428687248912725,0.08788322623201165,0.025197335237780685,0.06369522069426616,0.002000000000000033,0.08031450928110218,0.020314547723927656,0.06675100433120888,0.0076428687248913055
924,001,001,1,0.001000000000000084,0.0058432240069770935,0.004843224006977009,0.05273041231683662,0.001000000000000084,0.042305544453222745,0.0058432240069770935,0.06518312773630468,0.021795564140129932,0.05191483300681211,0.024095808288140612
925,001,001,1,0.001000000000000512,0.008994103798663437,0.007994103798662925,0.2078141926358906,0.001000000000000512,0.15118447517506164,0.008994103798663437,0.2198580899833362,0.01717181569875087,0.12999539456222853,0.012764020978717667
926,111,111,1,0.003000000000000244,0.027869316402523367,0.02486931640252312,0.23228915567965416,0.18460993428958128,0.19653511920254566,0.12215431394375315,0.0479245738162658,0.027869316402523367,0.036875113602345404,0.003000000000000244
927,111,111,1,0.003000000000000069,0.012375350475711451,0.009375350475711383,0.10656064276281156,0.08020297885046516,0.07234349050418971,0.012375350475711451,0.0893389025567808,0.07040716570002756,0.05192428221226133,0.003000000000000069
928,001,001,1,0.0010000000000002576,0.007885539915112927,0.006885539915112669,0.1519915486268263,0.0010000000000002576,0.1800928928478397,0.02486966670245913,0.1575781565613558,0.007885539915112927,0.18244898445944294,0.027086140621040224
929,001,001,1,0.0010000000000000026,0.0035879993137060114,0.0025879993137060088,0.013623743646502857,0.0010000000000000026,0.015201258298663999,0.008438752963881326,0.02387391194840112,0.011415407047730516,0.005728247165424423,0.0035879993137060114
930,010,010,1,0.001000000000000173,0.004387784068972804,0.0033877840689726306,0.055126152532316564,0.05781214832122492,0.001000000000000173,0.013541478045252643,0.05795630003387726,0.060139780470740305,0.004387784068972804,0.015125094518313086
931,111,111,1,0.0030000000000000486,0.009790598070972448,0.006790598070972399,0.18217488924384365,0.105037245572567,0.1036772401663467,0.09752463376723254,0.1072768326833655,0.009790598070972448,0.012969106876096387,0.0030000000000000486
932,110,110,1,0.0020000000000000217,0.02296703781322721,0.020967037813227188,0.12574156995008542,0.10856121839984452,0.09134394372769772,0.08290771149662725,0.04182183907521007,0.05356274249932056,0.0020000000000000217,0.02296703781322721
933,011,011,1,0.0020000000000005053,0.01492149493895618,0.012921494938955676,0.27459870341700315,0.04836391186773419,0.15112472926245002,0.0020000000000005053,0.25445390487554537,0.05364083572524168,0.11287337556649339,0.01492149493895618
934,111,111,1,0.003000000000000098,0.010686819700516836,0.007686819700516738,0.01784409820470634,0.013749764886101933,0.0188229287030815,0.011392173437974258,0.021519921127076496,0.010686819700516836,0.019023926658964033,0.003000000000000098
935,010,010,1,0.0010000000000001481,0.02101948817102691,0.020019488171026764,0.0606902091214504,0.05588884053205939,0.0010000000000001481,0.02101948817102691,0.06384914275606317,0.07348615764674853,0.029181405805389568,0.040852673133291474
936,001,001,1,0.0010000000000000811,0.006618707829999126,0.005618707829999044,0.05331549679272907,0.0010000000000000811,0.034248524184864154,0.006618707829999126,0.04823098609208851,0.016289351729619338,0.0384436613327167,0.020030521847607702
937,011,011,1,0.0020000000000001275,0.004681332754346229,0.002681332754346102,0.07146870712418309,0.007036517266801618,0.030059166128348542,0.0020000000000001275,0.06534342523761756,0.005364982070153996,0.033582497058962886,0.004681332754346229
938,000,000,1,0.0,0.003841706646248295,0.003841706646248295,0.0,0.006258595947095852,0.0175015069517335,0.02035145296837102,0.003841706646248295,0.009785317654812727,0.019137752330208077,0.020943452865675585
939,001,001,1,0.0010000000000000072,0.004680632453933738,0.0036806324539337314,0.010378363416438274,0.0010000000000000072,0.010434107250706155,0.0084039301812748,0.011722118255294171,0.004680632453933738,0.012862458598194078,0.008312571585507106
940,011,011,1,0.0020000000000000183,0.008269137006988017,0.006269137006987999,0.09833509438340697,0.026881852402706057,0.04763335501343068,0.0020000000000000183,0.08616691759760463,0.014590805005632047,0.05569133527142473,0.008269137006988017
941,111,111,1,0.0030000000000004767,0.06135860416430907,0.058358604164308596,0.25650934360354805,0.22033419077611963,0.21773310377076516,0.16676839571792107,0.12083399811825264,0.06135860416430907,0.082281455230377,0.0030000000000004767
942,010,010,1,0.0010000000000000495,0.010043655023881076,0.009043655023881027,0.18773892659467462,0.2013400544318462,0.0010000000000000495,0.014814912271026033,0.19535842600962752,0.2065042608697029,0.010043655023881076,0.020179702256388904
943,111,111,1,0.0030000000000001423,0.018289531052169683,0.015289531052169542,0.3074067776457304,0.226522077289504,0.14132765689847673,0.018289531052169683,0.20731250978218593,0.17961664128444899,0.071159327065291,0.0030000000000001423
944,111,111,1,0.003000000000000306,0.004618670797286256,0.0016186707972859504,0.5270817820789246,0.4521686024611273,0.023440635860754056,0.007144857279791054,0.45574868689410525,0.4182153812531124,0.004618670797286256,0.003000000000000306
945,111,111,1,0.00300000000000004,0.013406490596480296,0.010406490596480255,0.07413554448542015,0.045182710939289016,0.019357098611185564,0.013406490596480296,0.07674781491817452,0.039050192326865844,0.017622670923271112,0.00300000000000004
946,110,110,1,0.0020000000000001093,0.024204764585625538,0.02220476458562543,0.129581563538357,0.12790330741903133,0.053602482944794576,0.058197580882214335,0.10717595961291364,0.1177041564212054,0.0020000000000001093,0.024204764585625538
947,111,111,1,0.003000000000000642,0.03381092026460012,0.03081092026459948,0.36859766411694966,0.22361105234104706,0.18101393979385513,0.06345805094986745,0.16428246732972773,0.03381092026460012,0.1086501869272594,0.003000000000000642
948,011,011,1,0.0020000000000001644,0.005187763339963642,0.0031877633399634776,0.11342062244369093,0.08675251330048189,0.04032674188254017,0.0020000000000001644,0.10620649526522484,0.08716449437470138,0.033983646131284045,0.005187763339963642
949,111,111,1,0.0030000000000013696,0.018155470911713587,0.015155470911712217,0.3980159376632395,0.4077549053469773,0.1266600889699778,0.13690470109239442,0.2342543415870261,0.18350369505028516,0.018155470911713587,0.0030000000000013696
950,001,001,1,0.001000000000000015,0.004399323756854923,0.003399323756854908,0.030629005383826884,0.001000000000000015,0.06363277255638143,0.03581297266518061,0.030559429332194826,0.004399323756854923,0.06443763472227951,0.03403807127806919
951,100,100,1,0.0010000000000000434,0.008235157579788802,0.0072351575797887585,0.008235157579788802,0.025842972707824912,0.028558035861482155,0.042393382439524833,0.0010000000000000434,0.020055418346044844,0.02086566532861766,0.035218638117759445
952,110,110,1,0.002000000000000723,0.010281931628964097,0.008281931628963374,0.2886748686650716,0.25527307161045626,0.0339557812053552,0.03807706319643449,0.23450939157972342,0.2121145734013782,0.002000000000000723,0.010281931628964097
953,010,010,1,0.001000000000000074,0.008148921851473716,0.007148921851473642,0.06434646993220473,0.06669940113227667,0.001000000000000074,0.008148921851473716,0.06940548730449018,0.07435771754172961,0.010042086019321349,0.015276356381937039
954,100,100,1,0.0010000000000000464,0.01021749597441005,0.009217495974410003,0.026408931178324758,0.043520950509589935,0.023845294384943937,0.03840511060540682,0.0010000000000000464,0.02429270894190943,0.01021749597441005,0.02137562073588383
955,011,011,1,0.0020000000000000404,0.012877451589885902,0.010877451589885862,0.022087454310633452,0.012877451589885902,0.01882490079849056,0.0020000000000000404,0.03796363393859126,0.02046216703454687,0.025593388273551704,0.015570494471175467
956,100,100,1,0.0010000000000000224,0.009743805012168814,0.008743805012168792,0.0392907417168192,0.04420764307530058,0.053295530791037764,0.051699532644984926,0.0010000000000000224,0.009743805012168814,0.019699893803880257,0.022189347023254598
957,110,110,1,0.002000000000000004,0.012948986774179758,0.010948986774179754,0.17772788641932782,0.19179849961822107,0.047778880230355474,0.04106303545037581,0.1428304760315728,0.13507008141433444,0.002000000000000004,0.012948986774179758
958,011,011,1,0.0020000000000001917,0.007486643243067469,0.0054866432430672775,0.046859877794838946,0.046293248055549435,0.01932402167084533,0.0020000000000001917,0.03836244743349757,0.03544591389936779,0.024439762194024627,0.007486643243067469
959,111,111,1,0.0030000000000001484,0.011697764647855602,0.008697764647855454,0.09187328392826638,0.09552296571091472,0.05753342414645935,0.01874629835915463,0.02875356202573867,0.030117180789329984,0.011697764647855602,0.0030000000000001484
960,110,110,1,0.002000000000000031,0.005588416242929335,0.0035884162429293044,0.01998745593338604,0.020468549061113835,0.012634178674469042,0.021838614052403962,0.005588416242929335,0.008872565977115124,0.002000000000000031,0.011070859718598343
961,001,001,1,0.0010000000000000328,0.003444513826884962,0.002444513826884929,0.03214492252328011,0.0010000000000000328,0.01889844182232238,0.014582479011363718,0.034176767329195966,0.003444513826884962,0.017003009417811153,0.012409123292603581
962,100,100,1,0.001000000000000009,0.008988654193655694,0.007988654193655685,0.057247071387592,0.04925454186157733,0.08557010235809347,0.07489587437536906,0.001000000000000009,0.008988654193655694,0.04329083731823372,0.04618953690586708
963,100,100,1,0.0010000000000002039,0.00400587091644934,0.003005870916449136,0.05762311045390664,0.04857742245554597,0.06019224528858333,0.0450371389845144,0.0010000000000002039,0.005196097392234355,0.00400587091644934,0.0043570742566094575
964,100,100,1,0.0010000000000000356,0.006464716068539708,0.005464716068539673,0.14627271090061078,0.1466183751044526,0.15220034771196497,0.14983639296058768,0.0010000000000000356,0.006464716068539708,0.02244228832275979,0.02272415152412889
965,111,111,1,0.0030000000000016277,0.0931888203136036,0.09018882031360197,0.36385137797614336,0.33034238324233545,0.28626168895766796,0.21891690260118302,0.17216513488070948,0.0931888203136036,0.12532233795701533,0.0030000000000016277
966,011,011,1,0.002000000000000245,0.03370655764954281,0.03170655764954256,0.1013580307262389,0.03909718575842867,0.08376429635020549,0.002000000000000245,0.12393340248360275,0.051217074279907515,0.11124322638486311,0.03370655764954281
967,001,001,1,0.0010000000000001236,0.00476126979339728,0.003761269793397157,0.032097117280695864,0.0010000000000001236,0.05439419988837748,0.03607121008765909,0.029257982768190444,0.00476126979339728,0.04389145858356144,0.03327448504492106
968,111,111,1,0.003000000000000011,0.033431788497346536,0.030431788497346526,0.09048847930798487,0.0927730453019485,0.042789222887700866,0.03414362117124019,0.07765733795285217,0.08313631951317094,0.033431788497346536,0.003000000000000011
969,010,010,1,0.001000000000001613,0.008227496735921897,0.007227496735920284,0.15501006290217623,0.15214502610360095,0.001000000000001613,0.013700758466561587,0.1174384143247837,0.11776569012734028,0.008227496735921897,0.020497191782555997
970,010,010,1,0.0010000000000000028,0.007853888459324422,0.0068538884593244195,0.041533605485815674,0.05023760457575241,0.0010000000000000028,0.016819095821707708,0.04225001745730733,0.049634657755627115,0.007853888459324422,0.020802986260576486
971,001,001,1,0.0010000000000002552,0.009545889126845914,0.008545889126845658,0.10825569252788213,0.0010000000000002552,0.09587121693942956,0.009545889126845914,0.13094104024685307,0.03157081988540397,0.11511379536689594,0.036224751938715306
972,010,010,1,0.0010000000000000325,0.009707219514630307,0.008707219514630275,0.37128231149426183,0.32231902790748074,0.0010000000000000325,0.0105332052543688,0.3530145304509095,0.32716840996823704,0.01366163178851716,0.009707219514630307
973,111,111,1,0.0030000000000001427,0.010547832573345114,0.007547832573344971,0.31599394453109814,0.31029460741108916,0.19464682880441905,0.17938379811754138,0.021524188830668457,0.01806322539553023,0.010547832573345114,0.0030000000000001427
974,100,100,1,0.0010000000000001405,0.01717695493394085,0.01617695493394071,0.16966458248347538,0.18642029348976405,0.19584482724397992,0.2094332356650561,0.0010000000000001405,0.01717695493394085,0.028907986287107446,0.041117099428923116
975,111,111,1,0.0030000000000002516,0.020262859738725478,0.017262859738725225,0.05490381795130458,0.054303161687368894,0.03969176218598692,0.03381596574907577,0.05215923498009978,0.043504053241721165,0.020262859738725478,0.0030000000000002516
976,010,010,1,0.0010000000000000926,0.013360448823395609,0.012360448823395516,0.029434187933169247,0.036555470524473895,0.0010000000000000926,0.016516518227583522,0.030846043135995566,0.03504957955567219,0.015366888204294958,0.013360448823395609
977,110,110,1,0.0020000000000001874,0.005717308061548718,0.003717308061548531,0.3713199044837856,0.2373575663649334,0.03749098205811822,0.03937474415725154,0.3539058187247545,0.20943944233975806,0.0020000000000001874,0.005717308061548718
978,010,010,1,0.0010000000000000059,0.007519428527200527,0.006519428527200521,0.0852336414516629,0.05966092498649169,0.0010000000000000059,0.01180208890159698,0.08994340000466239,0.06433698870213314,0.007519428527200527,0.0181829844712903
979,001,001,1,0.0010000000000000104,0.007256852363497456,0.006256852363497446,0.01111129571810933,0.0010000000000000104,0.015512712230241137,0.007256852363497456,0.01905769170247405,0.012463700193958517,0.021513196133471205,0.01627737934706346
980,010,010,1,0.0010000000000000046,0.00618186711505402,0.0051818671150540155,0.00618186711505402,0.01691300007493862,0.0010000000000000046,0.01693799360724894,0.013752407365111869,0.02439916649946333,0.014528034621368497,0.02187472756290524
981,001,001,1,0.0010000000000000362,0.013503886213927483,0.012503886213927447,0.016621137635498683,0.0010000000000000362,0.038751199768196666,0.03132899138742807,0.027641800698333923,0.013503886213927483,0.03050487733298323,0.024666370268992883
982,100,100,1,0.001000000000000046,0.008285337850309684,0.007285337850309638,0.21705316375815334,0.20736919566769904,0.17754646554864226,0.15840337060655607,0.001000000000000046,0.031134411569654588,0.008285337850309684,0.03303755900296266
983,011,011,1,0.0020000000000000226,0.014635518588814057,0.012635518588814034,0.06056228513645478,0.014635518588814057,0.05705404762750238,0.0020000000000000226,0.07147935904808865,0.026638716231698632,0.07141729622990776,0.020256650949394737
984,110,110,1,0.002000000000000157,0.010742995126773822,0.008742995126773664,0.316047974518895,0.2821988764898357,0.12250851088789651,0.11904895889525158,0.28668897932267356,0.2598903473452796,0.002000000000000157,0.010742995126773822
985,010,010,1,0.0010000000000000655,0.005899084971980276,0.004899084971980211,0.019174528277275543,0.022093798376623397,0.0010000000000000655,0.00853502506253287,0.024029365584334217,0.02635376576689541,0.005899084971980276,0.012481702558836606
986,111,111,1,0.003000000000000048,0.02608804905172274,0.02308804905172269,0.055606580387493526,0.05181780266114246,0.05268378253096948,0.02608804905172274,0.044199062192466256,0.04071699913236579,0.034770384645019074,0.003000000000000048
987,010,010,1,0.001000000000000065,0.012875268987636133,0.011875268987636068,0.03912505769349376,0.0397164094376423,0.001000000000000065,0.018189731943125093,0.04732260113015019,0.03763900812614212,0.012875268987636133,0.01914799336207135
988,111,111,1,0.0030000000000004255,0.014703037024956523,0.011703037024956097,0.506186283903625,0.18858331906444448,0.4333544126798052,0.18094669681645378,0.21055383072266884,0.014703037024956523,0.12497617456794963,0.0030000000000004255
989,001,001,1,0.001000000000000061,0.005473543583321392,0.004473543583321331,0.03961947808353839,0.001000000000000061,0.04144994801482009,0.009220241229197592,0.032807371489042676,0.005473543583321392,0.031697613801858496,0.010915025797801185
990,111,111,1,0.003000000000000211,0.016724917607071045,0.013724917607070834,0.22261949939239067,0.09009620811173598,0.21827211019514284,0.0458889305251329,0.16321580542323846,0.016724917607071045,0.17370961536209142,0.003000000000000211
991,010,010,1,0.0010000000000000122,0.0059850847513961076,0.004985084751396095,0.013837502367563216,0.023658976999934068,0.0010000000000000122,0.015281434553773673,0.007737195396299123,0.018219242201891306,0.0059850847513961076,0.01911665035191503
992,111,111,1,0.0030000000000001553,0.0435425412028174,0.040542541202817244,0.1996044402830374,0.1038090053831008,0.15740893041107176,0.0889102924086863,0.11820585236637815,0.0435425412028174,0.05132203357434558,0.0030000000000001553
993,100,100,1,0.0010000000000000052,0.00759594232126618,0.006595942321266175,0.02661720711547741,0.023521888649928043,0.028094179270550954,0.02687700879157292,0.0010000000000000052,0.012988641722847034,0.00759594232126618,0.019160550134800808
994,011,011,1,0.0020000000000002407,0.006079599121822744,0.004079599121822503,0.08138478142072388,0.04019403577128422,0.028785541587202645,0.0020000000000002407,0.05499292641853848,0.04129273601911289,0.015861612979637393,0.006079599121822744
995,011,011,1,0.002000000000000313,0.019569063158765384,0.01756906315876507,0.23690506350451723,0.09215261239587126,0.06522052236798988,0.002000000000000313,0.22086780563561811,0.08192041878315158,0.07708244356267255,0.019569063158765384
996,100,100,1,0.0010000000000000057,0.006332247418761366,0.005332247418761361,0.05049904818387571,0.04665772937416394,0.05158139473245569,0.047702917388960105,0.0010000000000000057,0.01712873681178054,0.006332247418761366,0.019151991790620673
997,001,001,1,0.0010000000000000078,0.004504327342344441,0.003504327342344433,0.004504327342344441,0.0010000000000000078,0.010248546569053656,0.009968139474661757,0.007715897870395206,0.005091455774411323,0.00986377868308396,0.010257007203510556
998,110,110,1,0.0020000000000000937,0.007676948164641681,0.005676948164641587,0.1271467807405217,0.09959126711239213,0.007676948164641681,0.01866092130329769,0.0827609800157898,0.06607608628529424,0.0020000000000000937,0.012525242432347317
999,111,111,1,0.0030000000000009915,0.07671163259177874,0.07371163259177775,0.6145804366574715,0.17475778658896013,0.4654529986096993,0.07671163259177874,0.321318547396805,0.10113261678854248,0.17497109962121757,0.0030000000000009915
